frequency_hz,cumulative_mass_percent
0,0
485.964,0.0005803000000000001
596.964,0.000818736
645.435,23.735118736
781.35,54.851918736
820.242,55.242062736
826.296,55.388317736
1122.02,55.568906735999995
1139.11,55.699272736
1199.71,55.701689996
1366.08,55.759913096
1467.9,55.793832596
1714.13,55.795595026
1941.55,55.953834026
2003.04,56.215174026
2017.96,57.278234026
2135.66,57.337490226
2183.76,57.376210126
2212.56,57.381341756
2301.31,57.381488767
2364.18,57.384537877
2369.94,57.410059577
2537.21,57.438785077
2704.29,57.497484076999996
2874.96,57.519515977
2924.0,58.020039976999996
2950.88,58.84649997699999
3016.72,59.03112497699999
3201.73,59.11249757699999
3237.68,60.01287657699999
3368.53,64.276246577
3460.29,72.55890657699999
3551.45,76.15353657699998
3597.7,82.45406657699998
3654.57,85.43940657699997
3692.04,86.17562357699997
3775.15,86.27543877699996
3911.14,86.90896977699997
3986.07,87.24109077699997
4000,87.24109077699997
