filename,Alpha,Beta,Mach,pb/2V,p'b/2V,qc/2V,rb/2V,r'b/2V,CXtot,CYtot,CZtot,Cltot,Cltot,Cmtot,Cntot,Cntot,Cl'tot,CDtot,CDvis,CDind,CLff,CDff,CYff,e,delta_a,delta_e,delta_r
a0_b0_de3.txt,0.0,0.0,0.0,-0.0,-0.0,0.0,-0.0,-0.0,-2.0118,-0.0,1.22542,-0.0,-0.0,17.83426,0.0,0.0,-0.0,2.0118,0.45,1.5617967,-1.22542,1.5632324,-0.0,2.4015,0.0,3.0,0.0
a0_b0_de5.txt,0.0,0.0,0.0,-0.0,-0.0,0.0,-0.0,-0.0,-4.78832,-0.0,2.04237,-0.0,-0.0,29.72377,0.0,0.0,-0.0,4.78832,0.45,4.3383242,-2.04237,4.3423122,-0.0,2.4015,0.0,5.0,0.0
a0_b10_de3.txt,0.0,10.0,0.0,-0.0,-0.0,0.0,-0.0,-0.0,-1.94791,-0.22414,1.18903,0.14396,0.14396,17.30457,1.65681,1.65681,0.14396,1.95475,0.45,1.504748,-1.20681,1.5249682,-0.1088,2.407,0.0,3.0,0.0
a0_b10_de4.txt,0.0,10.0,0.0,-0.0,-0.0,0.0,-0.0,-0.0,-3.12607,-0.22776,1.58537,0.19195,0.19195,23.07277,1.72571,1.72571,0.19195,3.13291,0.45,2.6829103,-1.60908,2.7042132,-0.1088,2.4045,0.0,4.0,0.0
a0_b10_de5.txt,0.0,10.0,0.0,-0.0,-0.0,0.0,-0.0,-0.0,-4.64085,-0.23241,1.98171,0.23994,0.23994,28.84096,1.8143,1.8143,0.23994,4.64769,0.45,4.1976904,-2.01135,4.2203854,-0.1088,2.4034,0.0,5.0,0.0
a0_b5_de3.txt,0.0,5.0,0.0,-0.0,-0.0,0.0,-0.0,-0.0,-1.99571,-0.11335,1.21626,0.07309,0.07309,17.70082,0.84118,0.84118,0.07309,1.99743,0.45,1.5474254,-1.22076,1.5535931,-0.05461,2.4029,0.0,3.0,0.0
a0_b5_de4.txt,0.0,5.0,0.0,-0.0,-0.0,0.0,-0.0,-0.0,-3.20123,-0.11518,1.62167,0.09746,0.09746,23.6011,0.87617,0.87617,0.09746,3.20294,0.45,2.752944,-1.62768,2.7602199,-0.05461,2.4023,0.0,4.0,0.0
a0_b5_de5.txt,0.0,5.0,0.0,-0.0,-0.0,0.0,-0.0,-0.0,-4.75118,-0.11754,2.02709,0.12182,0.12182,29.50137,0.92114,0.92114,0.12182,4.7529,0.45,4.3028966,-2.0346,4.3115972,-0.05461,2.402,0.0,5.0,0.0
a10_b0_de3.txt,10.0,0.0,0.0,-0.0,-0.0,0.0,-0.0,-0.0,-1.97041,-0.0,0.9658,-0.0,-0.0,15.66085,0.0,0.0,0.0,1.77277,0.45,1.3227668,-1.098,1.3375414,-0.0,2.2534,0.0,3.0,0.0
a10_b0_de4.txt,10.0,0.0,0.0,-0.0,-0.0,0.0,-0.0,-0.0,-3.15607,-0.0,1.35939,-0.0,-0.0,21.37259,0.0,0.0,0.0,2.87207,0.45,2.4220707,-1.50027,2.454311,-0.0,2.2927,0.0,4.0,0.0
a10_b0_de5.txt,10.0,0.0,0.0,-0.0,-0.0,0.0,-0.0,-0.0,-4.67836,-0.0,1.75223,-0.0,-0.0,27.06867,0.0,0.0,0.0,4.30301,0.45,3.8530095,-1.90254,3.908008,-0.0,2.3155,0.0,5.0,0.0
a10_b10_de3.txt,10.0,10.0,0.0,-0.0,-0.0,0.0,-0.0,-0.0,-1.90767,-0.22269,0.93607,0.14178,0.14178,15.1967,1.6426,1.6426,0.42486,1.72298,0.45,1.2729806,-1.08132,1.3060826,-0.1088,2.2608,0.0,3.0,0.0
a10_b10_de4.txt,10.0,10.0,0.0,-0.0,-0.0,0.0,-0.0,-0.0,-3.05764,-0.2265,1.31797,0.18904,0.18904,20.7389,1.71411,1.71411,0.48382,2.78916,0.45,2.3391635,-1.47748,2.3892374,-0.1088,2.2965,0.0,4.0,0.0
a10_b10_de5.txt,10.0,10.0,0.0,-0.0,-0.0,0.0,-0.0,-0.0,-4.5341,-0.23134,1.69915,0.2363,0.2363,26.26592,1.805,1.805,0.54614,4.177,0.45,3.7269983,-1.87364,3.799177,-0.1088,2.3178,0.0,5.0,0.0
a10_b5_de3.txt,10.0,5.0,0.0,-0.0,-0.0,0.0,-0.0,-0.0,-1.95462,-0.11261,0.95831,0.07198,0.07198,15.54393,0.83397,0.83397,0.21571,1.76023,0.45,1.310225,-1.09383,1.3296165,-0.05461,2.2552,0.0,3.0,0.0
a10_b5_de4.txt,10.0,5.0,0.0,-0.0,-0.0,0.0,-0.0,-0.0,-3.13129,-0.11455,1.34896,0.09598,0.09598,21.21295,0.87028,0.87028,0.24564,2.85119,0.45,2.4011852,-1.49456,2.4379181,-0.05461,2.2937,0.0,4.0,0.0
a10_b5_de5.txt,10.0,5.0,0.0,-0.0,-0.0,0.0,-0.0,-0.0,-4.64202,-0.117,1.73885,0.11997,0.11997,26.86644,0.91642,0.91642,0.27728,4.27127,0.45,3.8212656,-1.8953,3.880592,-0.05461,2.3161,0.0,5.0,0.0
a15_b0_de3.txt,15.0,0.0,0.0,-0.0,-0.0,0.0,-0.0,-0.0,-1.90262,0.0,0.81575,-0.0,-0.0,14.25077,0.0,0.0,0.0,1.62666,0.45,1.1766595,-1.0215,1.2042282,-0.0,2.1662,0.0,3.0,0.0
a15_b0_de4.txt,15.0,0.0,0.0,-0.0,-0.0,0.0,-0.0,-0.0,-3.04708,-0.0,1.19316,-0.0,-0.0,19.71947,0.0,0.0,0.0,2.63444,0.45,2.1844395,-1.41606,2.2474298,-0.0,2.2306,0.0,4.0,0.0
a15_b0_de5.txt,15.0,0.0,0.0,-0.0,-0.0,0.0,-0.0,-0.0,-4.51539,-0.0,1.56947,-0.0,-0.0,25.16529,0.0,0.0,0.0,3.95533,0.45,3.5053253,-1.81061,3.6147843,-0.0,2.2673,0.0,5.0,0.0
a15_b10_de3.txt,15.0,10.0,0.0,-0.0,-0.0,0.0,-0.0,-0.0,-1.8418,-0.22031,0.78997,0.13906,0.13906,13.82913,1.61669,1.61669,0.55275,1.58142,0.45,1.1314197,-1.00598,1.1767893,-0.1088,2.1751,0.0,3.0,0.0
a15_b10_de4.txt,15.0,10.0,0.0,-0.0,-0.0,0.0,-0.0,-0.0,-2.95181,-0.22418,1.15618,0.18541,0.18541,19.13563,1.68869,1.68869,0.61616,2.55882,0.45,2.1088215,-1.39454,2.1885944,-0.1088,2.235,0.0,4.0,0.0
a15_b10_de5.txt,15.0,10.0,0.0,-0.0,-0.0,0.0,-0.0,-0.0,-4.37592,-0.22905,1.52133,0.23177,0.23177,24.41993,1.77971,1.77971,0.68449,3.8399,0.45,3.3899046,-1.78311,3.5147951,-0.1088,2.2699,0.0,5.0,0.0
a15_b5_de3.txt,15.0,5.0,0.0,-0.0,-0.0,0.0,-0.0,-0.0,-1.88731,-0.1114,0.80925,0.0706,0.0706,14.14455,0.82082,0.82082,0.28064,1.61526,0.45,1.165263,-1.01761,1.1973159,-0.05461,2.1684,0.0,3.0,0.0
a15_b5_de4.txt,15.0,5.0,0.0,-0.0,-0.0,0.0,-0.0,-0.0,-3.02309,-0.11336,1.18385,0.09414,0.09414,19.57239,0.85737,0.85737,0.31283,2.61539,0.45,2.1653903,-1.41067,2.2326083,-0.05461,2.2317,0.0,4.0,0.0
a15_b5_de5.txt,15.0,5.0,0.0,-0.0,-0.0,0.0,-0.0,-0.0,-4.48027,-0.11584,1.55734,0.11767,0.11767,24.97752,0.90358,0.90358,0.34752,3.92625,0.45,3.4762493,-1.80372,3.5895957,-0.05461,2.2679,0.0,5.0,0.0
a5_b0_de3.txt,5.0,0.0,0.0,-0.0,-0.0,0.0,-0.0,-0.0,-2.00714,-0.0,1.10346,-0.0,-0.0,16.86757,0.0,0.0,0.0,1.90333,0.45,1.453326,-1.16615,1.4584339,-0.0,2.3311,0.0,3.0,0.0
a5_b0_de4.txt,5.0,0.0,0.0,-0.0,-0.0,0.0,-0.0,-0.0,-3.21646,-0.0,1.50751,-0.0,-0.0,22.73961,0.0,0.0,0.0,3.07284,0.45,2.6228356,-1.57307,2.6333409,-0.0,2.3493,0.0,4.0,0.0
a5_b0_de5.txt,5.0,0.0,0.0,-0.0,-0.0,0.0,-0.0,-0.0,-4.77022,-0.0,1.91118,-0.0,-0.0,28.60371,0.0,0.0,0.0,4.5855,0.45,4.1355019,-1.97999,4.1529986,-0.0,2.36,0.0,5.0,0.0
a5_b10_de3.txt,5.0,10.0,0.0,-0.0,-0.0,0.0,-0.0,-0.0,-1.94337,-0.22397,1.07016,0.14342,0.14342,16.36704,1.65601,1.65601,0.2872,1.84954,0.45,1.3995375,-1.14844,1.4233297,-0.1088,2.3374,0.0,3.0,0.0
a5_b10_de4.txt,5.0,10.0,0.0,-0.0,-0.0,0.0,-0.0,-0.0,-3.11629,-0.2277,1.46221,0.19122,0.19122,22.06471,1.72648,1.72648,0.34097,2.98383,0.45,2.5338259,-1.54917,2.5628689,-0.1088,2.3526,0.0,4.0,0.0
a5_b10_de5.txt,5.0,10.0,0.0,-0.0,-0.0,0.0,-0.0,-0.0,-4.62327,-0.23246,1.85388,0.23903,0.23903,27.75467,1.81656,1.81656,0.39644,4.45094,0.45,4.0009406,-1.94991,4.0367803,-0.1088,2.362,0.0,5.0,0.0
a5_b5_de3.txt,5.0,5.0,0.0,-0.0,-0.0,0.0,-0.0,-0.0,-1.99108,-0.11326,1.09507,0.07281,0.07281,16.74148,0.84078,0.84078,0.14582,1.88978,0.45,1.4397759,-1.16171,1.4495907,-0.05461,2.3327,0.0,3.0,0.0
a5_b5_de4.txt,5.0,5.0,0.0,-0.0,-0.0,0.0,-0.0,-0.0,-3.19124,-0.11515,1.4961,0.09709,0.09709,22.5696,0.87656,0.87656,0.17311,3.05041,0.45,2.6004128,-1.56709,2.6155881,-0.05461,2.3501,0.0,4.0,0.0
a5_b5_de5.txt,5.0,5.0,0.0,-0.0,-0.0,0.0,-0.0,-0.0,-4.73321,-0.11757,1.89674,0.12136,0.12136,28.38982,0.92229,0.92229,0.20128,4.5516,0.45,4.1016041,-1.97246,4.1237216,-0.05461,2.3605,0.0,5.0,0.0
