  1.,  149869.,1., -0.7715731114600517E+05
  1.,  149869.,2., -0.6998688018394505E+05
  1.,  149869.,3.,  0.7440145474322333E+04
  1.,  149869.,4., -0.1463920874331387E+06
  1.,  149869.,5.,  0.2679992212553371E+05
  1.,  149869.,6., -0.4511350028585988E+05
  1.,  173651.,1., -0.3046243308500893E+07
  1.,  173651.,2., -0.4284912589294245E+07
  1.,  173651.,3., -0.1714099349040036E+08
  1.,  173651.,4., -0.6166198045944655E+06
  1.,  173651.,5., -0.1670743531604971E+07
  1.,  173651.,6.,  0.3741673516707325E+07
  2.,  149869.,1., -0.1336429676296253E+06
  2.,  149869.,2., -0.1188857285413658E+06
  2.,  149869.,3.,  0.8768822900213738E+04
  2.,  149869.,4., -0.1588714272638603E+06
  2.,  149869.,5.,  0.2488664529616483E+05
  2.,  149869.,6., -0.6452554618804115E+05
  2.,  173651.,1.,  0.7680602355865835E+07
  2.,  173651.,2.,  0.2956693748282243E+07
  2.,  173651.,3.,  0.6190260695128569E+07
  2.,  173651.,4., -0.1539194251693175E+07
  2.,  173651.,5.,  0.1204821590967145E+07
  2.,  173651.,6., -0.4506004594439692E+07
