mach,cd,friction,pressure,base,nose_friction,nose_pressure,body_friction,body_pressure,body_base,fin_friction,fin_pressure,area_m2,re_length,re_fin,fin_local_re_delta,fin_mean_chord_m,span_m,thickness_m,sweep_m,count
0.0100000000,0.477945063538,0.355836613328,0.00209545020965,0.120013000000,0.0450209486776,0.00162162375380,0.265729390417,0.00000000000,0.120013000000,0.0450862742340,0.000473826455850,0.00810731966556,350692.296803,25327.8192043,0.0445778490705,0.110066666667,0.0825500000000,2.54000000000e-05,0.101600000000,4
0.0200000000,0.429070258976,0.306922742194,0.00209551678149,0.120052000000,0.0388322969216,0.00162162375380,0.229201802551,0.00000000000,0.120052000000,0.0388886427223,0.000473893027695,0.00810731966556,701384.593605,50655.6384087,0.0341195289690,0.110066666667,0.0825500000000,2.54000000000e-05,0.101600000000,4
0.0300000000,0.405049913357,0.282837285619,0.00209562773806,0.120117000000,0.0357849710880,0.00162162375380,0.211215419323,0.00000000000,0.120117000000,0.0358368952081,0.000474003984267,0.00810731966556,1052076.89041,75983.4576130,0.0294923644356,0.110066666667,0.0825500000000,2.54000000000e-05,0.101600000000,4
0.0400000000,0.389721339186,0.267417556102,0.00209578308461,0.120208000000,0.0338340452270,0.00162162375380,0.199700372328,0.00000000000,0.120208000000,0.0338831385467,0.000474159330810,0.00810731966556,1402769.18721,101311.276817,0.0267073613105,0.110066666667,0.0825500000000,2.54000000000e-05,0.101600000000,4
0.0500000000,0.378720337331,0.256299354503,0.00209598282846,0.120325000000,0.0324273547268,0.00162162375380,0.191397592842,0.00000000000,0.120325000000,0.0324744069337,0.000474359074668,0.00810731966556,1753461.48401,126639.096022,0.0247844450512,0.110066666667,0.0825500000000,2.54000000000e-05,0.101600000000,4
0.0600000000,0.370276369479,0.247712142500,0.00209622697908,0.120468000000,0.0313408885893,0.00162162375380,0.184984889580,0.00000000000,0.120468000000,0.0313863643299,0.000474603225281,0.00810731966556,2104153.78082,151966.915226,0.0233479642591,0.110066666667,0.0825500000000,2.54000000000e-05,0.101600000000,4
0.0700000000,0.363507944213,0.240774428665,0.00209651554798,0.120637000000,0.0304631192795,0.00162162375380,0.179803988012,0.00000000000,0.120637000000,0.0305073213737,0.000474891794189,0.00810731966556,2454846.07762,177294.734430,0.0222184159425,0.110066666667,0.0825500000000,2.54000000000e-05,0.101600000000,4
0.0800000000,0.357916980242,0.234988131693,0.00209684854882,0.120832000000,0.0297310288501,0.00162162375380,0.175482934164,0.00000000000,0.120832000000,0.0297741686786,0.000475224795028,0.00810731966556,2805538.37442,202622.553635,0.0212975820252,0.110066666667,0.0825500000000,2.54000000000e-05,0.101600000000,4
0.0900000000,0.353196515155,0.230046289158,0.00209722599733,0.121053000000,0.0291057799837,0.00162162375380,0.171792496601,0.00000000000,0.121053000000,0.0291480125738,0.000475602243533,0.00810731966556,3156230.67122,227950.372839,0.0205265083409,0.110066666667,0.0825500000000,2.54000000000e-05,0.101600000000,4
0.100000000,0.349144965099,0.225747317188,0.00209764791133,0.121300000000,0.0285618680050,0.00162162375380,0.168582137806,0.00000000000,0.121300000000,0.0286033113769,0.000476024157537,0.00810731966556,3506922.96803,253278.192043,0.0198673350622,0.110066666667,0.0825500000000,2.54000000000e-05,0.101600000000,4
0.110000000,0.345623356417,0.221952242106,0.00209811431077,0.121573000000,0.0280817097693,0.00162162375380,0.165748075907,0.00000000000,0.121573000000,0.0281224564299,0.000476490556971,0.00810731966556,3857615.26483,278606.011248,0.0192944615813,0.110066666667,0.0825500000000,2.54000000000e-05,0.101600000000,4
0.120000000,0.342532125586,0.218561500368,0.00209862521766,0.121872000000,0.0276527083567,0.00162162375380,0.163215959477,0.00000000000,0.121872000000,0.0276928325347,0.000477001463863,0.00810731966556,4208307.56163,303933.830452,0.0187898570424,0.110066666667,0.0825500000000,2.54000000000e-05,0.101600000000,4
0.130000000,0.339797684316,0.215501503660,0.00209918065614,0.122197000000,0.0272655532703,0.00162162375380,0.160930834705,0.00000000000,0.122197000000,0.0273051156849,0.000477556902341,0.00810731966556,4558999.85843,329261.649656,0.0183403958157,0.110066666667,0.0825500000000,2.54000000000e-05,0.101600000000,4
0.140000000,0.337364220556,0.212716439904,0.00209978065242,0.122548000000,0.0269131830877,0.00162162375380,0.158851022604,0.00000000000,0.122548000000,0.0269522342119,0.000478156898628,0.00810731966556,4909692.15524,354589.468861,0.0179362585450,0.110066666667,0.0825500000000,2.54000000000e-05,0.101600000000,4
0.150000000,0.335188474452,0.210163049218,0.00210042523484,0.122925000000,0.0265901245076,0.00162162375380,0.156944217837,0.00000000000,0.122925000000,0.0266287068727,0.000478801481049,0.00810731966556,5260384.45204,379917.288065,0.0175699286377,0.110066666667,0.0825500000000,2.54000000000e-05,0.101600000000,4
0.160000000,0.333236287538,0.207807173104,0.00210111443382,0.123328000000,0.0262920557491,0.00162162375380,0.155184911740,0.00000000000,0.123328000000,0.0263302056153,0.000479490680023,0.00810731966556,5611076.74884,405245.107269,0.0172355383962,0.110066666667,0.0825500000000,2.54000000000e-05,0.101600000000,4
0.170000000,0.331480252268,0.205621403986,0.00210184828186,0.123757000000,0.0260155091667,0.00162162375380,0.153552637057,0.00000000000,0.123757000000,0.0260532577629,0.000480224528069,0.00810731966556,5961769.04564,430572.926474,0.0169284291813,0.110066666667,0.0825500000000,2.54000000000e-05,0.101600000000,4
0.180000000,0.329898068210,0.203583441397,0.00210262681360,0.124212000000,0.0257576632742,0.00162162375380,0.152030740387,0.00000000000,0.124212000000,0.0257950377351,0.000481003059804,0.00810731966556,6312461.34245,455900.745678,0.0166448473326,0.110066666667,0.0825500000000,2.54000000000e-05,0.101600000000,4
0.190000000,0.328471365732,0.201674915666,0.00210345006574,0.124693000000,0.0255161939151,0.00162162375380,0.150605503748,0.00000000000,0.124693000000,0.0255532180031,0.000481826311942,0.00810731966556,6663153.63925,481228.564882,0.0163817288733,0.110066666667,0.0825500000000,2.54000000000e-05,0.101600000000,4
0.200000000,0.327184847067,0.199880528990,0.00210431807709,0.125200000000,0.0252891655896,0.00162162375380,0.149265503141,0.00000000000,0.125200000000,0.0253258602587,0.000482694323297,0.00810731966556,7013845.93605,506556.384087,0.0161365438546,0.110066666667,0.0825500000000,2.54000000000e-05,0.101600000000,4
0.210000000,0.326025647827,0.198187416938,0.00210523088857,0.125733000000,0.0250749506721,0.00162162375380,0.148001131752,0.00000000000,0.125733000000,0.0251113345145,0.000483607134779,0.00810731966556,7364538.23285,531884.203291,0.0159071817167,0.110066666667,0.0825500000000,2.54000000000e-05,0.101600000000,4
0.220000000,0.324982854760,0.196584666216,0.00210618854319,0.126292000000,0.0248721683971,0.00162162375380,0.146804239818,0.00000000000,0.126292000000,0.0249082580017,0.000484564789396,0.00810731966556,7715230.52966,557212.022495,0.0156918654512,0.110066666667,0.0825500000000,2.54000000000e-05,0.101600000000,4
0.230000000,0.324047136268,0.195062945182,0.00210719108605,0.126877000000,0.0246796381120,0.00162162375380,0.145667858715,0.00000000000,0.126877000000,0.0247154483546,0.000485567332255,0.00810731966556,8065922.82646,582539.841700,0.0154890863721,0.110066666667,0.0825500000000,2.54000000000e-05,0.101600000000,4
0.240000000,0.323210455650,0.193614217086,0.00210823856436,0.127488000000,0.0244963429961,0.00162162375380,0.144585986813,0.00000000000,0.127488000000,0.0245318872768,0.000486614810560,0.00810731966556,8416615.12326,607867.660904,0.0152975538787,0.110066666667,0.0825500000000,2.54000000000e-05,0.101600000000,4
0.250000000,0.322465845916,0.192231514889,0.00210933102741,0.128125000000,0.0243214015699,0.00162162375380,0.143553421309,0.00000000000,0.128125000000,0.0243566920100,0.000487707273615,0.00810731966556,8767307.42006,633195.480108,0.0151161562952,0.110066666667,0.0825500000000,2.54000000000e-05,0.101600000000,4
0.260000000,0.321807231067,0.190908762541,0.00211046852661,0.128788000000,0.0241540450828,0.00162162375380,0.142565624770,0.00000000000,0.128788000000,0.0241890926880,0.000488844772819,0.00810731966556,9117999.71687,658523.299312,0.0149439300041,0.110066666667,0.0825500000000,2.54000000000e-05,0.101600000000,4
0.270000000,0.321229282850,0.189640631735,0.00211165111547,0.129477000000,0.0239935993901,0.00162162375380,0.141618618157,0.00000000000,0.129477000000,0.0240284141880,0.000490027361671,0.00810731966556,9468692.01367,683851.118517,0.0147800348705,0.110066666667,0.0825500000000,2.54000000000e-05,0.101600000000,4
0.280000000,0.320727304920,0.188422426070,0.00211287884956,0.130192000000,0.0238394702964,0.00162162375380,0.140708894321,0.00000000000,0.130192000000,0.0238740614525,0.000491255095768,0.00810731966556,9819384.31047,709178.937721,0.0146237344925,0.110066666667,0.0825500000000,2.54000000000e-05,0.101600000000,4
0.290000000,0.320297138380,0.187249986594,0.00211415178660,0.130933000000,0.0236911316052,0.00162162375380,0.139833347467,0.00000000000,0.130933000000,0.0237255075213,0.000492528032804,0.00810731966556,10170076.6073,734506.756925,0.0144743801950,0.110066666667,0.0825500000000,2.54000000000e-05,0.101600000000,4
0.300000000,0.319935084175,0.186119614188,0.00211546998637,0.131700000000,0.0235481152990,0.00162162375380,0.138989215191,0.00000000000,0.131700000000,0.0235822836979,0.000493846232572,0.00810731966556,10520768.9041,759834.576130,0.0143313979519,0.110066666667,0.0825500000000,2.54000000000e-05,0.101600000000,4
0.310000000,0.319637838856,0.185028005345,0.00211683351076,0.132493000000,0.0234100034133,0.00162162375380,0.138174030521,0.00000000000,0.132493000000,0.0234439714114,0.000495209756961,0.00810731966556,10871461.2009,785162.395334,0.0141942776246,0.110066666667,0.0825500000000,2.54000000000e-05,0.101600000000,4
0.320000000,0.319402441089,0.183972198665,0.00211824242376,0.133312000000,0.0232764212675,0.00162162375380,0.137385581960,0.00000000000,0.133312000000,0.0233101954374,0.000496618669961,0.00810731966556,11222153.4977,810490.214538,0.0140625640447,0.110066666667,0.0825500000000,2.54000000000e-05,0.101600000000,4
0.330000000,0.319226226807,0.182949530015,0.00211969679145,0.134157000000,0.0231470317918,0.00162162375380,0.136621880006,0.00000000000,0.134157000000,0.0231806182171,0.000498073037657,0.00810731966556,11572845.7945,835818.033743,0.0139358495784,0.110066666667,0.0825500000000,2.54000000000e-05,0.101600000000,4
0.340000000,0.319106791411,0.181957594729,0.00212119668203,0.135028000000,0.0230215307446,0.00162162375380,0.135881128917,0.00000000000,0.135028000000,0.0230549350675,0.000499572928235,0.00810731966556,11923538.0913,861145.852947,0.0138137678889,0.110066666667,0.0825500000000,2.54000000000e-05,0.101600000000,4
0.350000000,0.319041957738,0.180994215572,0.00212274216577,0.135925000000,0.0228996426591,0.00162162375380,0.135161702791,0.00000000000,0.135925000000,0.0229328701219,0.000501118411975,0.00810731966556,12274230.3881,886473.672151,0.0136959886748,0.110066666667,0.0825500000000,2.54000000000e-05,0.101600000000,4
0.360000000,0.319029748764,0.180057415449,0.00212433331506,0.136848000000,0.0227811173902,0.00162162375380,0.134462125187,0.00000000000,0.136848000000,0.0228141728724,0.000502709561260,0.00810731966556,12624922.6849,911801.491356,0.0135822132090,0.110066666667,0.0825500000000,2.54000000000e-05,0.101600000000,4
0.370000000,0.319068364252,0.179145394048,0.00212597020436,0.137797000000,0.0226657271601,0.00162162375380,0.133781051677,0.00000000000,0.137797000000,0.0226986152107,0.000504346450567,0.00810731966556,12975614.9817,937129.310560,0.0134721705365,0.110066666667,0.0825500000000,2.54000000000e-05,0.101600000000,4
0.380000000,0.319156160670,0.178256507759,0.00212765291027,0.138772000000,0.0225532640169,0.00162162375380,0.133117254859,0.00000000000,0.138772000000,0.0225859888831,0.000506029156472,0.00810731966556,13326307.2785,962457.129764,0.0133656142204,0.110066666667,0.0825500000000,2.54000000000e-05,0.101600000000,4
0.390000000,0.319291633849,0.177389252337,0.00212938151144,0.139773000000,0.0224435376415,0.00162162375380,0.132469611402,0.00000000000,0.139773000000,0.0224761032943,0.000507757757649,0.00810731966556,13676999.5753,987784.948969,0.0132623195433,0.110066666667,0.0825500000000,2.54000000000e-05,0.101600000000,4
0.400000000,0.319473403961,0.176542247872,0.00213115608867,0.140800000000,0.0223363734455,0.00162162375380,0.131837090824,0.00000000000,0.140800000000,0.0223687836027,0.000509532334872,0.00810731966556,14027691.8721,1013112.76817,0.0131620810914,0.110066666667,0.0825500000000,2.54000000000e-05,0.101600000000,4
0.410000000,0.319700202437,0.175714225712,0.00213297672480,0.141853000000,0.0222316109175,0.00162162375380,0.131218745731,0.00000000000,0.141853000000,0.0222638690639,0.000511352971009,0.00810731966556,14378384.1689,1038440.58738,0.0130647106605,0.110066666667,0.0825500000000,2.54000000000e-05,0.101600000000,4
0.420000000,0.319970860548,0.174904017043,0.00213484350483,0.142932000000,0.0221291021774,0.00162162375380,0.130613703282,0.00000000000,0.142932000000,0.0221612115833,0.000513219751030,0.00810731966556,14729076.4657,1063768.40658,0.0129700354341,0.110066666667,0.0825500000000,2.54000000000e-05,0.101600000000,4
0.430000000,0.320284299400,0.174110542884,0.00213675651580,0.144037000000,0.0220287107110,0.00162162375380,0.130021157724,0.00000000000,0.144037000000,0.0220606744485,0.000515132762001,0.00810731966556,15079768.7625,1089096.22579,0.0128778963931,0.110066666667,0.0825500000000,2.54000000000e-05,0.101600000000,4
0.440000000,0.320639521133,0.173332805286,0.00213871584688,0.145168000000,0.0219303102566,0.00162162375380,0.129440363815,0.00000000000,0.145168000000,0.0219621312146,0.000517092093085,0.00810731966556,15430461.0593,1114424.04499,0.0127881469222,0.110066666667,0.0825500000000,2.54000000000e-05,0.101600000000,4
0.450000000,0.321035601171,0.172569879581,0.00214072158934,0.146325000000,0.0218337838236,0.00162162375380,0.128870631036,0.00000000000,0.146325000000,0.0218654647215,0.000519097835544,0.00810731966556,15781153.3561,1139751.86419,0.0127006515860,0.110066666667,0.0825500000000,2.54000000000e-05,0.101600000000,4
0.460000000,0.321471681352,0.171820907516,0.00214277383654,0.147508000000,0.0217390228247,0.00162162375380,0.128311318467,0.00000000000,0.147508000000,0.0217705662240,0.000521150082740,0.00810731966556,16131845.6529,1165079.68340,0.0126152850494,0.110066666667,0.0825500000000,2.54000000000e-05,0.101600000000,4
0.470000000,0.321946963854,0.171085091170,0.00214487268393,0.148717000000,0.0216459263060,0.00162162375380,0.127761830242,0.00000000000,0.148717000000,0.0216773346219,0.000523248930130,0.00810731966556,16482537.9497,1190407.50260,0.0125319311242,0.110066666667,0.0825500000000,2.54000000000e-05,0.101600000000,4
0.480000000,0.322460705774,0.170361687545,0.00214701822907,0.149952000000,0.0215544002621,0.00162162375380,0.127221611509,0.00000000000,0.149952000000,0.0215856757734,0.000525394475270,0.00810731966556,16833230.2465,1215735.32181,0.0124504819229,0.110066666667,0.0825500000000,2.54000000000e-05,0.101600000000,4
0.490000000,0.323012214311,0.169650003739,0.00214921057161,0.151213000000,0.0214643570263,0.00162162375380,0.126690144828,0.00000000000,0.151213000000,0.0214955018846,0.000527586817814,0.00810731966556,17183922.5433,1241063.14101,0.0123708371072,0.110066666667,0.0825500000000,2.54000000000e-05,0.101600000000,4
0.500000000,0.323600842451,0.168949392638,0.00215144981331,0.152500000000,0.0213757147246,0.00162162375380,0.126166946951,0.00000000000,0.152500000000,0.0214067309626,0.000529826059514,0.00810731966556,17534614.8401,1266390.96022,0.0122929032188,0.110066666667,0.0825500000000,2.54000000000e-05,0.101600000000,4
0.510000000,0.324225985106,0.168259249048,0.00215373605802,0.153813000000,0.0212883967872,0.00162162375380,0.125651565935,0.00000000000,0.153813000000,0.0213192863265,0.000532112304221,0.00810731966556,17885307.1369,1291718.77942,0.0122165930805,0.110066666667,0.0825500000000,2.54000000000e-05,0.101600000000,4
0.520000000,0.324887075645,0.167579006233,0.00215606941168,0.155152000000,0.0212023315097,0.00162162375380,0.125143578555,0.00000000000,0.155152000000,0.0212330961680,0.000534445657882,0.00810731966556,18235999.4337,1317046.59862,0.0121418252613,0.110066666667,0.0825500000000,2.54000000000e-05,0.101600000000,4
0.530000000,0.325583582771,0.166908132788,0.00215844998234,0.156517000000,0.0211174516581,0.00162162375380,0.124642587975,0.00000000000,0.156517000000,0.0211480931554,0.000536826228543,0.00810731966556,18586691.7305,1342374.41783,0.0120685235953,0.110066666667,0.0825500000000,2.54000000000e-05,0.101600000000,4
0.540000000,0.326315007711,0.166246129831,0.00216087788014,0.157908000000,0.0210336941131,0.00162162375380,0.124148221640,0.00000000000,0.157908000000,0.0210642140779,0.000539254126348,0.00810731966556,18937384.0273,1367702.23703,0.0119966167500,0.110066666667,0.0825500000000,2.54000000000e-05,0.101600000000,4
0.550000000,0.327080881673,0.165592528455,0.00216335321734,0.159325000000,0.0209509995480,0.00162162375380,0.123660129385,0.00000000000,0.159325000000,0.0209813995227,0.000541729463540,0.00810731966556,19288076.3241,1393030.05624,0.0119260378369,0.110066666667,0.0825500000000,2.54000000000e-05,0.101600000000,4
0.560000000,0.327880763540,0.164946887432,0.00216587610825,0.160768000000,0.0208693121378,0.00162162375380,0.123177981710,0.00000000000,0.160768000000,0.0208995935838,0.000544252354458,0.00810731966556,19638768.6209,1418357.87544,0.0118567240599,0.110066666667,0.0825500000000,2.54000000000e-05,0.101600000000,4
0.570000000,0.328714237788,0.164308791119,0.00216844666934,0.162237000000,0.0207885792950,0.00162162375380,0.122701468226,0.00000000000,0.162237000000,0.0208187435974,0.000546822915540,0.00810731966556,19989460.9177,1443685.69465,0.0117886163972,0.110066666667,0.0825500000000,2.54000000000e-05,0.101600000000,4
0.580000000,0.329580912587,0.163677847568,0.00217106501912,0.163732000000,0.0207087514298,0.00162162375380,0.122230296237,0.00000000000,0.163732000000,0.0207387999017,0.000549441265322,0.00810731966556,20340153.2145,1469013.51385,0.0117216593134,0.110066666667,0.0825500000000,2.54000000000e-05,0.101600000000,4
0.590000000,0.330480418076,0.163053686797,0.00217373127823,0.165253000000,0.0206297817314,0.00162162375380,0.121764189448,0.00000000000,0.165253000000,0.0206597156180,0.000552107524438,0.00810731966556,20690845.5114,1494341.33306,0.0116558004976,0.110066666667,0.0825500000000,2.54000000000e-05,0.101600000000,4
0.600000000,0.331412404786,0.162435959217,0.00217644556941,0.166800000000,0.0205516259693,0.00162162375380,0.121302886796,0.00000000000,0.166800000000,0.0205814464516,0.000554821815619,0.00810731966556,21041537.8082,1519669.15226,0.0115909906260,0.110066666667,0.0825500000000,2.54000000000e-05,0.101600000000,4
0.610000000,0.332376542211,0.161824334193,0.00217920801749,0.168373000000,0.0204742423113,0.00162162375380,0.120846141372,0.00000000000,0.168373000000,0.0205039505096,0.000557584263696,0.00810731966556,21392230.1050,1544996.97146,0.0115271831444,0.110066666667,0.0825500000000,2.54000000000e-05,0.101600000000,4
0.620000000,0.333372517485,0.161218498736,0.00218201874939,0.169972000000,0.0203975911573,0.00162162375380,0.120393719444,0.00000000000,0.169972000000,0.0204271881345,0.000560394995596,0.00810731966556,21742922.4018,1570324.79067,0.0114643340713,0.110066666667,0.0825500000000,2.54000000000e-05,0.101600000000,4
0.630000000,0.334400034187,0.160618156293,0.00218487789414,0.171597000000,0.0203216349872,0.00162162375380,0.119945399554,0.00000000000,0.171597000000,0.0203511217518,0.000563254140346,0.00810731966556,22093614.6986,1595652.60987,0.0114024018168,0.110066666667,0.0825500000000,2.54000000000e-05,0.101600000000,4
0.640000000,0.335458811231,0.160023025648,0.00218778558286,0.173248000000,0.0202463382213,0.00162162375380,0.119500971697,0.00000000000,0.173248000000,0.0202757157299,0.000566161829068,0.00810731966556,22444306.9954,1620980.42908,0.0113413470172,0.110066666667,0.0825500000000,2.54000000000e-05,0.101600000000,4
0.650000000,0.336548581857,0.159432839909,0.00219074194878,0.174925000000,0.0201716670916,0.00162162375380,0.119060236565,0.00000000000,0.174925000000,0.0202009362522,0.000569118194985,0.00810731966556,22794999.2922,1646308.24828,0.0112811323838,0.110066666667,0.0825500000000,2.54000000000e-05,0.101600000000,4
0.660000000,0.337669092697,0.158847345570,0.00219374712721,0.176628000000,0.0200975895245,0.00162162375380,0.118623004847,0.00000000000,0.176628000000,0.0201267511983,0.000572123373417,0.00810731966556,23145691.5890,1671636.06749,0.0112217225637,0.110066666667,0.0825500000000,2.54000000000e-05,0.101600000000,4
0.670000000,0.338820102914,0.158266301659,0.00219680125558,0.178357000000,0.0200240750319,0.00162162375380,0.118189096591,0.00000000000,0.178357000000,0.0200531300359,0.000575177501781,0.00810731966556,23496383.8858,1696963.88669,0.0111630840121,0.110066666667,0.0825500000000,2.54000000000e-05,0.101600000000,4
0.680000000,0.340001383416,0.157689478943,0.00219990447339,0.180112000000,0.0199510946108,0.00162162375380,0.117758340612,0.00000000000,0.180112000000,0.0199800437199,0.000578280719592,0.00810731966556,23847076.1826,1722291.70589,0.0111051848744,0.110066666667,0.0825500000000,2.54000000000e-05,0.101600000000,4
0.690000000,0.341212716121,0.157116659198,0.00220305692226,0.181893000000,0.0198786206512,0.00162162375380,0.117330573947,0.00000000000,0.181893000000,0.0199074646004,0.000581433168465,0.00810731966556,24197768.4794,1747619.52510,0.0110479948784,0.110066666667,0.0825500000000,2.54000000000e-05,0.101600000000,4
0.700000000,0.342453893280,0.156547634534,0.00220625874591,0.183700000000,0.0198066268506,0.00162162375380,0.116905641347,0.00000000000,0.183700000000,0.0198353663365,0.000584634992112,0.00810731966556,24548460.7762,1772947.34430,0.0109914852340,0.110066666667,0.0825500000000,2.54000000000e-05,0.101600000000,4
0.710000000,0.343724716858,0.155982206768,0.00220951009014,0.185533000000,0.0197350881346,0.00162162375380,0.116483394816,0.00000000000,0.185533000000,0.0197637238175,0.000587886336341,0.00810731966556,24899153.0730,1798275.16351,0.0109356285411,0.110066666667,0.0825500000000,2.54000000000e-05,0.101600000000,4
0.720000000,0.345024997950,0.155420186847,0.00221281110286,0.187392000000,0.0196639805839,0.00162162375380,0.116063693174,0.00000000000,0.187392000000,0.0196925130895,0.000591187349061,0.00810731966556,25249845.3698,1823602.98271,0.0108803987042,0.110066666667,0.0825500000000,2.54000000000e-05,0.101600000000,4
0.730000000,0.346354556244,0.154861394310,0.00221616193407,0.189277000000,0.0195932813663,0.00162162375380,0.115646401657,0.00000000000,0.189277000000,0.0196217112872,0.000594538180276,0.00810731966556,25600537.6666,1848930.80192,0.0108257708533,0.110066666667,0.0825500000000,2.54000000000e-05,0.101600000000,4
0.740000000,0.347713219525,0.154305656789,0.00221956273589,0.191188000000,0.0195229686737,0.00162162375380,0.115231391545,0.00000000000,0.191188000000,0.0195512965706,0.000597938982092,0.00810731966556,25951229.9634,1874258.62112,0.0107717212709,0.110066666667,0.0825500000000,2.54000000000e-05,0.101600000000,4
0.750000000,0.349100823208,0.153752809546,0.00222301366250,0.193125000000,0.0194530216631,0.00162162375380,0.114818539816,0.00000000000,0.193125000000,0.0194812480666,0.000601389908708,0.00810731966556,26301922.2602,1899586.44032,0.0107182273241,0.110066666667,0.0825500000000,2.54000000000e-05,0.101600000000,4
0.760000000,0.350517209912,0.153202695041,0.00222651487022,0.195088000000,0.0193834204025,0.00162162375380,0.114407728825,0.00000000000,0.195088000000,0.0194115458143,0.000604891116425,0.00810731966556,26652614.5570,1924914.25953,0.0106652674014,0.110066666667,0.0825500000000,2.54000000000e-05,0.101600000000,4
0.770000000,0.351962229051,0.152655162534,0.00223006651744,0.197077000000,0.0193141458197,0.00162162375380,0.113998846000,0.00000000000,0.197077000000,0.0193421707138,0.000608442763641,0.00810731966556,27003306.8538,1950242.07873,0.0106128208542,0.110066666667,0.0825500000000,2.54000000000e-05,0.101600000000,4
0.780000000,0.353435736468,0.152110067703,0.00223366876465,0.199092000000,0.0192451796553,0.00162162375380,0.113591783569,0.00000000000,0.199092000000,0.0192731044793,0.000612045010850,0.00810731966556,27353999.1506,1975569.89794,0.0105608679420,0.110066666667,0.0825500000000,2.54000000000e-05,0.101600000000,4
0.790000000,0.354937594079,0.151567272305,0.00223732177444,0.201133000000,0.0191765044182,0.00162162375380,0.113186438292,0.00000000000,0.201133000000,0.0192043295942,0.000615698020647,0.00810731966556,27704691.4474,2000897.71714,0.0105093897821,0.110066666667,0.0825500000000,2.54000000000e-05,0.101600000000,4
0.800000000,0.356467669551,0.151026643840,0.00224102571152,0.203200000000,0.0191081033446,0.00162162375380,0.112782711225,0.00000000000,0.203200000000,0.0191358292704,0.000619401957722,0.00810731966556,28055383.7442,2026225.53635,0.0104583683018,0.110066666667,0.0825500000000,2.54000000000e-05,0.101600000000,4
0.810000000,0.358025835996,0.150488055253,0.00224478074266,0.205293000000,0.0190399603593,0.00162162375380,0.112380507484,0.00000000000,0.205293000000,0.0190675874093,0.000623156988866,0.00810731966556,28406076.0410,2051553.35555,0.0104077861944,0.110066666667,0.0825500000000,2.54000000000e-05,0.101600000000,4
0.820000000,0.359611971684,0.149951384647,0.00224858703676,0.207412000000,0.0189720600396,0.00162162375380,0.111979736041,0.00000000000,0.207412000000,0.0189995885660,0.000626963282965,0.00810731966556,28756768.3378,2076881.17475,0.0103576268779,0.110066666667,0.0825500000000,2.54000000000e-05,0.101600000000,4
0.830000000,0.361225959780,0.149416515015,0.00225244476480,0.209557000000,0.0189043875816,0.00162162375380,0.111580309518,0.00000000000,0.209557000000,0.0189318179151,0.000630821011005,0.00810731966556,29107460.6346,2102208.99396,0.0103078744565,0.110066666667,0.0825500000000,2.54000000000e-05,0.101600000000,4
0.840000000,0.362867688090,0.148883333991,0.00225635409987,0.211728000000,0.0188369287687,0.00162162375380,0.111182144003,0.00000000000,0.211728000000,0.0188642612192,0.000634730346070,0.00810731966556,29458152.9314,2127536.81316,0.0102585136845,0.110066666667,0.0825500000000,2.54000000000e-05,0.101600000000,4
0.850000000,0.364537048831,0.148351733613,0.00226031521714,0.213925000000,0.0187696699414,0.00162162375380,0.110785158873,0.00000000000,0.213925000000,0.0187969047992,0.000638691463340,0.00810731966556,29808845.2282,2152864.63237,0.0102095299323,0.110066666667,0.0825500000000,2.54000000000e-05,0.101600000000,4
0.860000000,0.366233938403,0.147821610110,0.00226432829389,0.216148000000,0.0187025979703,0.00162162375380,0.110389276633,0.00000000000,0.216148000000,0.0187297355064,0.000642704540096,0.00810731966556,30159537.5250,2178192.45157,0.0101609091552,0.110066666667,0.0825500000000,2.54000000000e-05,0.101600000000,4
0.870000000,0.367958257193,0.147292863684,0.00226839350951,0.218397000000,0.0186357002290,0.00162162375380,0.109994422759,0.00000000000,0.218397000000,0.0186627406962,0.000646769755714,0.00810731966556,30510229.8218,2203520.27078,0.0101126378633,0.110066666667,0.0825500000000,2.54000000000e-05,0.101600000000,4
0.880000000,0.369709909372,0.146765398327,0.00227251104546,0.220672000000,0.0185689645703,0.00162162375380,0.109600525552,0.00000000000,0.220672000000,0.0185959082038,0.000650887291670,0.00810731966556,30860922.1186,2228848.08998,0.0100647030937,0.110066666667,0.0825500000000,2.54000000000e-05,0.101600000000,4
0.890000000,0.371488802715,0.146239121630,0.00227668108533,0.222973000000,0.0185023793026,0.00162162375380,0.109207516006,0.00000000000,0.222973000000,0.0185292263207,0.000655057331536,0.00810731966556,31211614.4154,2254175.90919,0.0100170923847,0.110066666667,0.0825500000000,2.54000000000e-05,0.101600000000,4
0.900000000,0.373294848431,0.145713944616,0.00228090381478,0.225300000000,0.0184359331684,0.00162162375380,0.108815327675,0.00000000000,0.225300000000,0.0184626837728,0.000659280060985,0.00810731966556,31562306.7122,2279503.72839,0.00996979375081,0.110066666667,0.0825500000000,2.54000000000e-05,0.101600000000,4
0.910000000,0.375263743157,0.145325563735,0.00228517942158,0.227653000000,0.0183867946732,0.00162162375380,0.108525295085,0.00000000000,0.227653000000,0.0184134739776,0.000663555667786,0.00810731966556,31912999.0090,2304831.54759,0.00993207550445,0.110066666667,0.0825500000000,2.54000000000e-05,0.101600000000,4
0.920000000,0.377267234386,0.144945726290,0.00228950809560,0.230032000000,0.0183387371056,0.00162162375380,0.108241642506,0.00000000000,0.230032000000,0.0183653466782,0.000667884341806,0.00810731966556,32263691.3058,2330159.36680,0.00989514580618,0.110066666667,0.0825500000000,2.54000000000e-05,0.101600000000,4
0.930000000,0.379305466667,0.144574576638,0.00229389002880,0.232437000000,0.0182917787297,0.00162162375380,0.107964477743,0.00000000000,0.232437000000,0.0183183201655,0.000672266275009,0.00810731966556,32614383.6026,2355487.18600,0.00985900793398,0.110066666667,0.0825500000000,2.54000000000e-05,0.101600000000,4
0.940000000,0.381378590764,0.144212265348,0.00229832541526,0.234868000000,0.0182459385958,0.00162162375380,0.107693913235,0.00000000000,0.234868000000,0.0182724135175,0.000676701661460,0.00810731966556,32965075.8994,2380815.00521,0.00982366575263,0.110066666667,0.0825500000000,2.54000000000e-05,0.101600000000,4
0.950000000,0.383486763517,0.143858949065,0.00230281445111,0.237325000000,0.0182012365229,0.00162162375380,0.107430065961,0.00000000000,0.237325000000,0.0182276465817,0.000681190697319,0.00810731966556,33315768.1962,2406142.82441,0.00978912369447,0.110066666667,0.0825500000000,2.54000000000e-05,0.101600000000,4
0.960000000,0.385630147708,0.143514790374,0.00230735733464,0.239808000000,0.0181576930813,0.00162162375380,0.107173057334,0.00000000000,0.239808000000,0.0181840399584,0.000685733580845,0.00810731966556,33666460.4930,2431470.64362,0.00975538674111,0.110066666667,0.0825500000000,2.54000000000e-05,0.101600000000,4
0.970000000,0.387808911937,0.143179957671,0.00231195426619,0.242317000000,0.0181153295768,0.00162162375380,0.106923013109,0.00000000000,0.242317000000,0.0181416149844,0.000690330512397,0.00810731966556,34017152.7898,2456798.46282,0.00972246040606,0.110066666667,0.0825500000000,2.54000000000e-05,0.101600000000,4
0.980000000,0.390023230492,0.142854625044,0.00231660544822,0.244852000000,0.0180741680355,0.00162162375380,0.106680063291,0.00000000000,0.244852000000,0.0181003937175,0.000694981694428,0.00810731966556,34367845.0866,2482126.28202,0.00969035071816,0.110066666667,0.0825500000000,2.54000000000e-05,0.101600000000,4
0.990000000,0.392273283240,0.142538972155,0.00232131108529,0.247413000000,0.0180342311881,0.00162162375380,0.106444342045,0.00000000000,0.247413000000,0.0180603989216,0.000699687331492,0.00810731966556,34718537.3835,2507454.10123,0.00965906420581,0.110066666667,0.0825500000000,2.54000000000e-05,0.101600000000,4
1.00000000,0.394559255508,0.142233184124,0.00232607138404,0.250000000000,0.0179955424564,0.00162162375380,0.106215987615,0.00000000000,0.250000000000,0.0180216540524,0.000704447630240,0.00810731966556,35069229.6803,2532781.92043,0.00962860788193,0.110066666667,0.0825500000000,2.54000000000e-05,0.101600000000,4
1.01000000,0.406293888403,0.141937451420,0.0168316845078,0.247524752475,0.0179581259389,0.0161254374728,0.105995142238,0.00000000000,0.247524752475,0.0179841832434,0.000706247034981,0.00810731966556,35419921.9771,2558109.73964,0.00959898922958,0.110066666667,0.0825500000000,2.54000000000e-05,0.101600000000,4
1.02000000,0.418085262479,0.141651969760,0.0313352535035,0.245098039216,0.0179220063978,0.0306292511919,0.105781952069,0.00000000000,0.245098039216,0.0179480112927,0.000706002311665,0.00810731966556,35770614.2739,2583437.55884,0.00957021618824,0.110066666667,0.0825500000000,2.54000000000e-05,0.101600000000,4
1.03000000,0.425932066382,0.141376940000,0.0418366797793,0.242718446602,0.0178872092459,0.0411308737589,0.105576567104,0.00000000000,0.242718446602,0.0179131636500,0.000705806020350,0.00810731966556,36121306.5707,2608765.37805,0.00954229714068,0.110066666667,0.0825500000000,2.54000000000e-05,0.101600000000,4
1.04000000,0.433835332989,0.141112568044,0.0523381495603,0.240384615385,0.0178537605342,0.0516324963260,0.105379141106,0.00000000000,0.240384615385,0.0178796664042,0.000705653234271,0.00810731966556,36471998.8675,2634093.19725,0.00951524090034,0.110066666667,0.0825500000000,2.54000000000e-05,0.101600000000,4
1.05000000,0.438236501574,0.140859064742,0.0592821987364,0.238095238095,0.0178216869400,0.0585766592622,0.105189831531,0.00000000000,0.238095238095,0.0178475462710,0.000705539474169,0.00810731966556,36822691.1643,2659421.01645,0.00948905669932,0.110066666667,0.0825500000000,2.54000000000e-05,0.101600000000,4
1.06000000,0.442691985271,0.140616645802,0.0662262828652,0.235849056604,0.0177910157548,0.0655208221985,0.105008799465,0.00000000000,0.235849056604,0.0178168305818,0.000705460666736,0.00810731966556,37173383.4611,2684748.83566,0.00946375417678,0.110066666667,0.0825500000000,2.54000000000e-05,0.101600000000,4
1.07000000,0.444088061642,0.140385531697,0.0700576701322,0.233644859813,0.0177617748733,0.0693522570250,0.104836209552,0.00000000000,0.233644859813,0.0177875472717,0.000705413107150,0.00810731966556,37524075.7579,2710076.65486,0.00943934336781,0.110066666667,0.0825500000000,2.54000000000e-05,0.101600000000,4
1.08000000,0.445536514338,0.140165947580,0.0738890852768,0.231481481481,0.0177339927820,0.0731836918515,0.104672229929,0.00000000000,0.231481481481,0.0177597248685,0.000705393425269,0.00810731966556,37874768.0547,2735404.47407,0.00941583469279,0.110066666667,0.0825500000000,2.54000000000e-05,0.101600000000,4
1.09000000,0.444368450007,0.139958123197,0.0750525286445,0.229357798165,0.0177076985489,0.0743471300894,0.104517032166,0.00000000000,0.229357798165,0.0177333924824,0.000705398555105,0.00810731966556,38225460.3515,2760732.29327,0.00939323894705,0.110066666667,0.0825500000000,2.54000000000e-05,0.101600000000,4
1.10000000,0.443251014114,0.139762292807,0.0762159940346,0.227272727273,0.0176829218126,0.0755105683274,0.104370791199,0.00000000000,0.227272727273,0.0177085797949,0.000705425707238,0.00810731966556,38576152.6483,2786060.11248,0.00937156729103,0.110066666667,0.0825500000000,2.54000000000e-05,0.101600000000,4
1.11000000,0.439733096816,0.139351657749,0.0751562138416,0.225225225225,0.0176309676876,0.0744507414978,0.104064139777,0.00000000000,0.225225225225,0.0176565502844,0.000705472343858,0.00810731966556,38926844.9451,2811387.93168,0.00933562126955,0.110066666667,0.0825500000000,2.54000000000e-05,0.101600000000,4
1.12000000,0.436253322286,0.138942585748,0.0740964508244,0.223214285714,0.0175792113228,0.0733909146682,0.103758655604,0.00000000000,0.223214285714,0.0176047188208,0.000705536156183,0.00810731966556,39277537.2419,2836715.75088,0.00929991940738,0.110066666667,0.0825500000000,2.54000000000e-05,0.101600000000,4
1.13000000,0.431032158681,0.138535051292,0.0712581693363,0.221238938053,0.0175276494904,0.0705525542923,0.103454319629,0.00000000000,0.221238938053,0.0175530821720,0.000705615043998,0.00810731966556,39628229.5387,2862043.57009,0.00926445716110,0.110066666667,0.0825500000000,2.54000000000e-05,0.101600000000,4
1.14000000,0.425847176619,0.138129029991,0.0684199010134,0.219298245614,0.0174762791045,0.0677141939163,0.103151113639,0.00000000000,0.219298245614,0.0175016372475,0.000705707097113,0.00810731966556,39978921.8355,2887371.38929,0.00922923014458,0.110066666667,0.0825500000000,2.54000000000e-05,0.101600000000,4
1.15000000,0.419363644967,0.137724498525,0.0642478420937,0.217391304348,0.0174250972146,0.0635420315151,0.102849020218,0.00000000000,0.217391304348,0.0174503810925,0.000705810578545,0.00810731966556,40329614.1323,2912699.20850,0.00919423412256,0.110066666667,0.0825500000000,2.54000000000e-05,0.101600000000,4
1.16000000,0.412914469001,0.137321434598,0.0600757930232,0.215517241379,0.0173741009998,0.0593698691139,0.102548022716,0.00000000000,0.215517241379,0.0173993108820,0.000705923909243,0.00810731966556,40680306.4291,2938027.02770,0.00915946500452,0.110066666667,0.0825500000000,2.54000000000e-05,0.101600000000,4
1.17000000,0.405609712434,0.136919816896,0.0550146818628,0.213675213675,0.0173232877634,0.0543086362086,0.102248105217,0.00000000000,0.213675213675,0.0173484239154,0.000706045654233,0.00810731966556,41030998.7259,2963354.84691,0.00912491883878,0.110066666667,0.0825500000000,2.54000000000e-05,0.101600000000,4
1.18000000,0.398337609637,0.136519625044,0.0499535778133,0.211864406780,0.0172726549276,0.0492474033033,0.101949252506,0.00000000000,0.211864406780,0.0172977176112,0.000706174510003,0.00810731966556,41381691.0227,2988682.66611,0.00909059180693,0.110066666667,0.0825500000000,2.54000000000e-05,0.101600000000,4
1.19000000,0.390653013889,0.136120839568,0.0444481407080,0.210084033613,0.0172222000283,0.0437418314149,0.101651450038,0.00000000000,0.210084033613,0.0172471895017,0.000706309293056,0.00810731966556,41732383.3195,3014010.48531,0.00905648021847,0.110066666667,0.0825500000000,2.54000000000e-05,0.101600000000,4
1.20000000,0.382999483641,0.135723441852,0.0389427084561,0.208333333333,0.0171719207105,0.0382362595266,0.101354683913,0.00000000000,0.208333333333,0.0171968372284,0.000706448929472,0.00810731966556,42083075.6163,3039338.30452,0.00902258050575,0.110066666667,0.0825500000000,2.54000000000e-05,0.101600000000,4
1.21000000,0.375376656976,0.135327414107,0.0334376726218,0.206611570248,0.0171218147233,0.0327310801764,0.101058940846,0.00000000000,0.206611570248,0.0171466585373,0.000706592445420,0.00810731966556,42433767.9131,3064666.12372,0.00898888921906,0.110066666667,0.0825500000000,2.54000000000e-05,0.101600000000,4
1.22000000,0.367783411904,0.134932739333,0.0279326397846,0.204918032787,0.0170718799159,0.0272259008261,0.100764208143,0.00000000000,0.204918032787,0.0170966512743,0.000706738958508,0.00810731966556,42784460.2099,3089993.94293,0.00895540302199,0.110066666667,0.0825500000000,2.54000000000e-05,0.101600000000,4
1.23000000,0.360664167011,0.134539401286,0.0228727332050,0.203252032520,0.0170221142331,0.0221658455351,0.100470473671,0.00000000000,0.203252032520,0.0170468133813,0.000706887669902,0.00810731966556,43135152.5067,3115321.76213,0.00892211868700,0.110066666667,0.0825500000000,2.54000000000e-05,0.101600000000,4
1.24000000,0.353573115773,0.134147384446,0.0178128281012,0.201612903226,0.0169725157113,0.0171057902441,0.100177725843,0.00000000000,0.201612903226,0.0169971428919,0.000707037857139,0.00810731966556,43485844.8035,3140649.58134,0.00888903309114,0.110066666667,0.0825500000000,2.54000000000e-05,0.101600000000,4
1.25000000,0.347399453387,0.133756673986,0.0136427794010,0.200000000000,0.0169230824745,0.0129355905334,0.0998859535840,0.00000000000,0.200000000000,0.0169476379273,0.000707188867564,0.00810731966556,43836537.1003,3165977.40054,0.00885614321200,0.110066666667,0.0825500000000,2.54000000000e-05,0.101600000000,4
1.26000000,0.341252685091,0.133367255743,0.00947273093506,0.198412698413,0.0168738127309,0.00876539082270,0.0995951463191,0.00000000000,0.198412698413,0.0168982966930,0.000707340112353,0.00810731966556,44187229.3971,3191305.21975,0.00882344612380,0.110066666667,0.0825500000000,2.54000000000e-05,0.101600000000,4
1.27000000,0.336466779165,0.132979116190,0.00663726927451,0.196850393701,0.0168247047688,0.00592977821347,0.0993052939460,0.00000000000,0.196850393701,0.0168491174752,0.000707491061039,0.00810731966556,44537921.6939,3216633.03895,0.00879093899368,0.110066666667,0.0825500000000,2.54000000000e-05,0.101600000000,4
1.28000000,0.331706549249,0.132592242408,0.00380180684077,0.195312500000,0.0167757569539,0.00309416560425,0.0990163868172,0.00000000000,0.195312500000,0.0168000986368,0.000707641236523,0.00810731966556,44888613.9907,3241960.85815,0.00875861907814,0.110066666667,0.0825500000000,2.54000000000e-05,0.101600000000,4
1.29000000,0.328750733502,0.132206622061,0.00274566182812,0.193798449612,0.0167269677254,0.00203787161761,0.0987284157207,0.00000000000,0.193798449612,0.0167512386150,0.000707790210507,0.00810731966556,45239306.2875,3267288.67736,0.00872648371960,0.110066666667,0.0825500000000,2.54000000000e-05,0.101600000000,4
1.30000000,0.325819450909,0.131822243371,0.00168951523029,0.192307692308,0.0166783355930,0.000981577630974,0.0984413718607,0.00000000000,0.192307692308,0.0167025359172,0.000707937599319,0.00810731966556,45589998.5843,3292616.49656,0.00869453034315,0.110066666667,0.0825500000000,2.54000000000e-05,0.101600000000,4
1.31000000,0.323950935228,0.131439095094,0.00167214547761,0.190839694656,0.0166298591342,0.000964062417513,0.0981552468405,0.00000000000,0.190839694656,0.0166539891189,0.000708083060098,0.00810731966556,45940690.8811,3317944.31577,0.00866275645341,0.110066666667,0.0825500000000,2.54000000000e-05,0.101600000000,4
1.32000000,0.322105879381,0.131057166496,0.00165477349135,0.189393939394,0.0165815369910,0.000946547204053,0.0978700326450,0.00000000000,0.189393939394,0.0166055968600,0.000708226287298,0.00810731966556,46291383.1779,3343272.13497,0.00863115963151,0.110066666667,0.0825500000000,2.54000000000e-05,0.101600000000,4
1.33000000,0.320285283147,0.130676447335,0.00163891100050,0.187969924812,0.0165333678674,0.000930543991006,0.0975857216245,0.00000000000,0.187969924812,0.0165573578428,0.000708367009492,0.00810731966556,46642075.4747,3368599.95418,0.00859973753223,0.110066666667,0.0825500000000,2.54000000000e-05,0.101600000000,4
1.34000000,0.318487137778,0.130296927834,0.00162304576440,0.186567164179,0.0164853505265,0.000914540777959,0.0973023064790,0.00000000000,0.186567164179,0.0165092708286,0.000708504986440,0.00810731966556,46992767.7715,3393927.77338,0.00856848788125,0.110066666667,0.0825500000000,2.54000000000e-05,0.101600000000,4
1.35000000,0.316712283375,0.129918598667,0.00160849952243,0.185185185185,0.0164374837883,0.000899859516026,0.0970197802433,0.00000000000,0.185185185185,0.0164613346357,0.000708640006408,0.00810731966556,47343460.0683,3419255.59258,0.00853740847245,0.110066666667,0.0825500000000,2.54000000000e-05,0.101600000000,4
1.36000000,0.314958930485,0.129541450935,0.00159395013780,0.183823529412,0.0163897665269,0.000885178254092,0.0967381362720,0.00000000000,0.183823529412,0.0164135481364,0.000708771883710,0.00810731966556,47694152.3651,3444583.41179,0.00850649716544,0.110066666667,0.0825500000000,2.54000000000e-05,0.101600000000,4
1.37000000,0.313227773303,0.129165476150,0.00158054532816,0.182481751825,0.0163421976684,0.000871644871702,0.0964573682262,0.00000000000,0.182481751825,0.0163659102552,0.000708900456457,0.00810731966556,48044844.6619,3469911.23099,0.00847575188306,0.110066666667,0.0825500000000,2.54000000000e-05,0.101600000000,4
1.38000000,0.311517223578,0.128790666215,0.00156713707379,0.181159420290,0.0162947761884,0.000858111489311,0.0961774700598,0.00000000000,0.181159420290,0.0163184199665,0.000709025584484,0.00810731966556,48395536.9588,3495239.05020,0.00844517060905,0.110066666667,0.0825500000000,2.54000000000e-05,0.101600000000,4
1.39000000,0.309827858259,0.128417013408,0.00155472974219,0.179856115108,0.0162475011099,0.000845582594725,0.0958984360068,0.00000000000,0.179856115108,0.0162710762917,0.000709147147466,0.00810731966556,48746229.2556,3520566.86940,0.00841475138586,0.110066666667,0.0825500000000,2.54000000000e-05,0.101600000000,4
1.40000000,0.308158257684,0.128044510369,0.00154231874331,0.178571428571,0.0162003715015,0.000833053700140,0.0956202605691,0.00000000000,0.178571428571,0.0162238782981,0.000709265043173,0.00810731966556,49096921.5524,3545894.68861,0.00838449231241,0.110066666667,0.0825500000000,2.54000000000e-05,0.101600000000,4
1.41000000,0.306508903746,0.127673150076,0.00153078913081,0.177304964539,0.0161533864751,0.000821409944930,0.0953429385046,0.00000000000,0.177304964539,0.0161768250962,0.000709379185879,0.00810731966556,49447613.8492,3571222.50781,0.00835439154208,0.110066666667,0.0825500000000,2.54000000000e-05,0.101600000000,4
1.42000000,0.304878519561,0.127302925838,0.00151925569462,0.176056338028,0.0161065451839,0.000809766189720,0.0950664648157,0.00000000000,0.176056338028,0.0161299158381,0.000709489504900,0.00810731966556,49798306.1460,3596550.32701,0.00832444728069,0.110066666667,0.0825500000000,2.54000000000e-05,0.101600000000,4
1.43000000,0.303267509352,0.126933831275,0.00150850325161,0.174825174825,0.0160598468208,0.000798907308360,0.0947908347388,0.00000000000,0.174825174825,0.0160831497156,0.000709595943249,0.00810731966556,50148998.4428,3621878.14622,0.00829465778459,0.110066666667,0.0825500000000,2.54000000000e-05,0.101600000000,4
1.44000000,0.301674718303,0.126565860308,0.00149774688341,0.173611111111,0.0160132906166,0.000788048427000,0.0945160437332,0.00000000000,0.173611111111,0.0160365259582,0.000709698456407,0.00810731966556,50499690.7396,3647205.96542,0.00826502135884,0.110066666667,0.0825500000000,2.54000000000e-05,0.101600000000,4
1.45000000,0.300100486730,0.126199007142,0.00148768648516,0.172413793103,0.0159668758382,0.000777889473964,0.0942420874717,0.00000000000,0.172413793103,0.0159900438317,0.000709797011193,0.00810731966556,50850383.0364,3672533.78463,0.00823553635541,0.110066666667,0.0825500000000,2.54000000000e-05,0.101600000000,4
1.46000000,0.298543765072,0.125833266254,0.00147762210565,0.171232876712,0.0159206017868,0.000767730520928,0.0939689618306,0.00000000000,0.171232876712,0.0159437026365,0.000709891584721,0.00810731966556,51201075.3332,3697861.60383,0.00820620117154,0.110066666667,0.0825500000000,2.54000000000e-05,0.101600000000,4
1.47000000,0.297004840735,0.125468632383,0.00146818114123,0.170068027211,0.0158744677967,0.000758198977782,0.0936966628803,0.00000000000,0.170068027211,0.0158975017058,0.000709982163450,0.00810731966556,51551767.6300,3723189.42304,0.00817701424804,0.110066666667,0.0825500000000,2.54000000000e-05,0.101600000000,4
1.48000000,0.295482755610,0.125105100515,0.00145873617695,0.168918918919,0.0158284732335,0.000748667434637,0.0934251868766,0.00000000000,0.168918918919,0.0158514404044,0.000710068742311,0.00810731966556,51902459.9268,3748517.24224,0.00814797406776,0.110066666667,0.0825500000000,2.54000000000e-05,0.101600000000,4
1.49000000,0.293977753054,0.124742665872,0.00144985228274,0.167785234899,0.0157826174929,0.000739700958841,0.0931545302521,0.00000000000,0.167785234899,0.0158055181269,0.000710151323897,0.00810731966556,52253152.2236,3773845.06144,0.00811907915409,0.110066666667,0.0825500000000,2.54000000000e-05,0.101600000000,4
1.50000000,0.292488954971,0.124381323903,0.00144096440078,0.166666666667,0.0157368999989,0.000730734483044,0.0928846896076,0.00000000000,0.166666666667,0.0157597342967,0.000710229917732,0.00810731966556,52603844.5204,3799172.88065,0.00809032806946,0.110066666667,0.0825500000000,2.54000000000e-05,0.101600000000,4
1.51000000,0.291016567855,0.124021070272,0.00143258367622,0.165562913907,0.0156913202029,0.000722279136630,0.0926156617046,0.00000000000,0.165562913907,0.0157140883642,0.000710304539589,0.00810731966556,52954536.8172,3824500.69985,0.00806171941399,0.110066666667,0.0825500000000,2.54000000000e-05,0.101600000000,4
1.52000000,0.289559784057,0.123661900846,0.00142419900108,0.164473684211,0.0156458775821,0.000713823790216,0.0923474434576,0.00000000000,0.164473684211,0.0156685798060,0.000710375210868,0.00810731966556,53305229.1140,3849828.51906,0.00803325182414,0.110066666667,0.0825500000000,2.54000000000e-05,0.101600000000,4
1.53000000,0.288118779088,0.123303811688,0.00141627458991,0.163398692810,0.0156005716383,0.000705832631883,0.0920800319265,0.00000000000,0.163398692810,0.0156232081232,0.000710441958029,0.00810731966556,53655921.4108,3875156.33826,0.00800492397139,0.110066666667,0.0825500000000,2.54000000000e-05,0.101600000000,4
1.54000000,0.286692807670,0.122946799047,0.00140834628561,0.162337662338,0.0155554018970,0.000697841473550,0.0918134243098,0.00000000000,0.162337662338,0.0155779728404,0.000710504812065,0.00810731966556,54006613.7076,3900484.15747,0.00797673456102,0.110066666667,0.0825500000000,2.54000000000e-05,0.101600000000,4
1.55000000,0.285282019166,0.122590859348,0.00140083723716,0.161290322581,0.0155103679058,0.000690273429145,0.0915476179378,0.00000000000,0.161290322581,0.0155328735047,0.000710563808017,0.00810731966556,54357306.0044,3925811.97667,0.00794868233089,0.110066666667,0.0825500000000,2.54000000000e-05,0.101600000000,4
1.56000000,0.283885723809,0.122235989184,0.00139332436928,0.160256410256,0.0154654692336,0.000682705384739,0.0912826102659,0.00000000000,0.160256410256,0.0154879096843,0.000710618984542,0.00810731966556,54707998.3012,3951139.79587,0.00792076605031,0.110066666667,0.0825500000000,2.54000000000e-05,0.101600000000,4
1.57000000,0.282504048812,0.121882185306,0.00138619471678,0.159235668790,0.0154207054694,0.000675524333277,0.0910183988686,0.00000000000,0.159235668790,0.0154430809678,0.000710670383499,0.00810731966556,55058690.5980,3976467.61508,0.00789298451891,0.110066666667,0.0825500000000,2.54000000000e-05,0.101600000000,4
1.58000000,0.281136354051,0.121529444618,0.00137906133140,0.158227848101,0.0153760762216,0.000668343281814,0.0907549814335,0.00000000000,0.158227848101,0.0153983869628,0.000710718049584,0.00810731966556,55409382.8948,4001795.43428,0.00786533656559,0.110066666667,0.0825500000000,2.54000000000e-05,0.101600000000,4
1.59000000,0.279782747909,0.121177764167,0.00137227934000,0.157232704403,0.0153315811164,0.000661517310015,0.0904923557552,0.00000000000,0.157232704403,0.0153538272950,0.000710762029983,0.00810731966556,55760075.1916,4027123.25349,0.00783782104747,0.110066666667,0.0825500000000,2.54000000000e-05,0.101600000000,4
1.60000000,0.278442634847,0.120827141135,0.00136549371228,0.156250000000,0.0152872197974,0.000654691338215,0.0902305197300,0.00000000000,0.156250000000,0.0153094016076,0.000710802374067,0.00810731966556,56110767.4884,4052451.07269,0.00781043684890,0.110066666667,0.0825500000000,2.54000000000e-05,0.101600000000,4
1.61000000,0.277116107202,0.120477572835,0.00135903126110,0.155279503106,0.0152429919245,0.000648192127995,0.0899694713505,0.00000000000,0.155279503106,0.0152651095599,0.000710839133101,0.00810731966556,56461459.7852,4077778.89190,0.00778318288054,0.110066666667,0.0825500000000,2.54000000000e-05,0.101600000000,4
1.62000000,0.275802609633,0.120129056701,0.00135256527776,0.154320987654,0.0151988971731,0.000641692917774,0.0897092087006,0.00000000000,0.154320987654,0.0152209508269,0.000710872359984,0.00810731966556,56812152.0820,4103106.71110,0.00775605807837,0.110066666667,0.0825500000000,2.54000000000e-05,0.101600000000,4
1.63000000,0.274502220759,0.119781590281,0.00134639734852,0.153374233129,0.0151549352332,0.000635495239514,0.0894497299503,0.00000000000,0.153374233129,0.0151769250980,0.000710902109010,0.00810731966556,57162844.3788,4128434.53031,0.00772906140287,0.110066666667,0.0825500000000,2.54000000000e-05,0.101600000000,4
1.64000000,0.273214421623,0.119435171236,0.00134022599690,0.152439024390,0.0151111058085,0.000629297561255,0.0891910333511,0.00000000000,0.152439024390,0.0151330320767,0.000710928435645,0.00810731966556,57513536.6756,4153762.34951,0.00770219183813,0.110066666667,0.0825500000000,2.54000000000e-05,0.101600000000,4
1.65000000,0.271939279090,0.119089797327,0.00133433024824,0.151515151515,0.0150674086158,0.000623378851905,0.0889331172316,0.00000000000,0.151515151515,0.0150892714792,0.000710951396332,0.00810731966556,57864228.9724,4179090.16871,0.00767544839105,0.110066666667,0.0825500000000,2.54000000000e-05,0.101600000000,4
1.66000000,0.270676307241,0.118745466412,0.00132843119086,0.150602409639,0.0150238433842,0.000617460142555,0.0886759799930,0.00000000000,0.150602409639,0.0150456430343,0.000710971048304,0.00810731966556,58214921.2692,4204417.98792,0.00764883009052,0.110066666667,0.0825500000000,2.54000000000e-05,0.101600000000,4
1.67000000,0.269425562846,0.118402176442,0.00132278760167,0.149700598802,0.0149804098545,0.000611800152246,0.0884196201047,0.00000000000,0.149700598802,0.0150021464824,0.000710987449419,0.00810731966556,58565613.5660,4229745.80712,0.00762233598666,0.110066666667,0.0825500000000,2.54000000000e-05,0.101600000000,4
1.68000000,0.268186590083,0.118059925454,0.00131714081994,0.148809523810,0.0149371077782,0.000606140161938,0.0881640361006,0.00000000000,0.148809523810,0.0149587815747,0.000711000658005,0.00810731966556,58916305.8628,4255073.62633,0.00759596515013,0.110066666667,0.0825500000000,2.54000000000e-05,0.101600000000,4
1.69000000,0.266959437037,0.117718711565,0.00131173138907,0.147928994083,0.0148939369173,0.000600720656341,0.0879092265752,0.00000000000,0.147928994083,0.0149155480726,0.000711010732725,0.00810731966556,59266998.1596,4280401.44553,0.00756971667133,0.110066666667,0.0825500000000,2.54000000000e-05,0.101600000000,4
1.70000000,0.265743675383,0.117378532970,0.00130631888319,0.147058823529,0.0148508970431,0.000595301150744,0.0876551901795,0.00000000000,0.147058823529,0.0148724457474,0.000711017732444,0.00810731966556,59617690.4564,4305729.26474,0.00754358965982,0.110066666667,0.0825500000000,2.54000000000e-05,0.101600000000,4
1.71000000,0.264539345718,0.117039387933,0.00130112737516,0.146198830409,0.0148079879362,0.000590105659037,0.0874019256180,0.00000000000,0.146198830409,0.0148294743793,0.000711021716124,0.00810731966556,59968382.7532,4331057.08394,0.00751758324356,0.110066666667,0.0825500000000,2.54000000000e-05,0.101600000000,4
1.72000000,0.263346044906,0.116701274787,0.00129593291004,0.145348837209,0.0147652093854,0.000584910167330,0.0871494316448,0.00000000000,0.145348837209,0.0147866337567,0.000711022742709,0.00810731966556,60319075.0500,4356384.90314,0.00749169656836,0.110066666667,0.0825500000000,2.54000000000e-05,0.101600000000,4
1.73000000,0.262163807084,0.116364191925,0.00129094463878,0.144508670520,0.0147225611877,0.000579923767746,0.0868977070606,0.00000000000,0.144508670520,0.0147439236763,0.000711020871038,0.00810731966556,60669767.3468,4381712.72235,0.00746592879722,0.110066666667,0.0825500000000,2.54000000000e-05,0.101600000000,4
1.74000000,0.260992252246,0.116028137798,0.00128595352792,0.143678160920,0.0146800431471,0.000574937368163,0.0866467507094,0.00000000000,0.143678160920,0.0147013439419,0.000711016159757,0.00810731966556,61020459.6436,4407040.54155,0.00744027910973,0.110066666667,0.0825500000000,2.54000000000e-05,0.101600000000,4
1.75000000,0.259831408943,0.115693110914,0.00128115517189,0.142857142857,0.0146376550747,0.000570146504650,0.0863965614756,0.00000000000,0.142857142857,0.0146588943642,0.000711008667240,0.00810731966556,61371151.9404,4432368.36076,0.00741474670154,0.110066666667,0.0825500000000,2.54000000000e-05,0.101600000000,4
1.76000000,0.258680918467,0.115359109829,0.00127635409266,0.142045454545,0.0145953967876,0.000565355641137,0.0861471382809,0.00000000000,0.142045454545,0.0146165747602,0.000710998451522,0.00810731966556,61721844.2372,4457696.17996,0.00738933078378,0.110066666667,0.0825500000000,2.54000000000e-05,0.101600000000,4
1.77000000,0.257540804533,0.115026133144,0.00127173353617,0.141242937853,0.0145532681093,0.000560747965932,0.0858984800818,0.00000000000,0.141242937853,0.0145743849530,0.000710985570234,0.00810731966556,62072536.5341,4483023.99917,0.00736403058254,0.110066666667,0.0825500000000,2.54000000000e-05,0.101600000000,4
1.78000000,0.256410728079,0.114694179506,0.00126711037128,0.140449438202,0.0145112688682,0.000556140290727,0.0856505858666,0.00000000000,0.140449438202,0.0145323247708,0.000710970080549,0.00810731966556,62423228.8309,4508351.81837,0.00733884533837,0.110066666667,0.0825500000000,2.54000000000e-05,0.101600000000,4
1.79000000,0.255290708635,0.114363247598,0.00126265656774,0.139664804469,0.0144693988979,0.000551704528615,0.0854034546532,0.00000000000,0.139664804469,0.0144903940471,0.000710952039129,0.00810731966556,62773921.1277,4533679.63757,0.00731377430575,0.110066666667,0.0825500000000,2.54000000000e-05,0.101600000000,4
1.80000000,0.254180425300,0.114033336143,0.00125820026859,0.138888888889,0.0144276580367,0.000547268766503,0.0851570854865,0.00000000000,0.138888888889,0.0144485926197,0.000710931502084,0.00810731966556,63124613.4245,4559007.45678,0.00728881675268,0.110066666667,0.0825500000000,2.54000000000e-05,0.101600000000,4
1.81000000,0.253079893977,0.113704443894,0.00125390312224,0.138121546961,0.0143860461268,0.000542994597312,0.0849114774360,0.00000000000,0.138121546961,0.0144069203308,0.000710908524927,0.00810731966556,63475305.7213,4584335.27598,0.00726397196015,0.110066666667,0.0825500000000,2.54000000000e-05,0.101600000000,4
1.82000000,0.251988810588,0.113376569634,0.00124960359067,0.137362637363,0.0143445630145,0.000538720428122,0.0846666295934,0.00000000000,0.137362637363,0.0143653770264,0.000710883162545,0.00810731966556,63825998.0181,4609663.09519,0.00723923922175,0.110066666667,0.0825500000000,2.54000000000e-05,0.101600000000,4
1.83000000,0.250907187887,0.113049712176,0.00124545385379,0.136612021858,0.0143032085492,0.000534598384627,0.0844225410709,0.00000000000,0.136612021858,0.0143239625556,0.000710855469162,0.00810731966556,64176690.3149,4634990.91439,0.00721461784322,0.110066666667,0.0825500000000,2.54000000000e-05,0.101600000000,4
1.84000000,0.249834737411,0.112723870354,0.00124130183945,0.135869565217,0.0142619825837,0.000530476341132,0.0841792109989,0.00000000000,0.135869565217,0.0142826767711,0.000710825498317,0.00810731966556,64527382.6117,4660318.73360,0.00719010714205,0.110066666667,0.0825500000000,2.54000000000e-05,0.101600000000,4
1.85000000,0.248771469183,0.112399043025,0.00123729102286,0.135135135135,0.0142208849734,0.000526497720023,0.0839366385239,0.00000000000,0.135135135135,0.0142415195280,0.000710793302835,0.00810731966556,64878074.9085,4685646.55280,0.00716570644708,0.110066666667,0.0825500000000,2.54000000000e-05,0.101600000000,4
1.86000000,0.247717109251,0.112075229067,0.00123327803373,0.134408602151,0.0141799155760,0.000522519098915,0.0836948228069,0.00000000000,0.134408602151,0.0142004906839,0.000710758934814,0.00810731966556,65228767.2053,4710974.37200,0.00714141509813,0.110066666667,0.0825500000000,2.54000000000e-05,0.101600000000,4
1.87000000,0.246671665272,0.111752427372,0.00122939832851,0.133689839572,0.0141390742516,0.000518675882907,0.0834537630214,0.00000000000,0.133689839572,0.0141595900986,0.000710722445602,0.00810731966556,65579459.5021,4736302.19121,0.00711723244560,0.110066666667,0.0825500000000,2.54000000000e-05,0.101600000000,4
1.88000000,0.245634876804,0.111430636847,0.00122551655268,0.132978723404,0.0140983608620,0.000514832666900,0.0832134583516,0.00000000000,0.132978723404,0.0141188176337,0.000710683885783,0.00810731966556,65930151.7989,4761630.01041,0.00709315785015,0.110066666667,0.0825500000000,2.54000000000e-05,0.101600000000,4
1.89000000,0.244606749451,0.111109856414,0.00122176076153,0.132275132275,0.0140577752705,0.000511117456361,0.0829739079911,0.00000000000,0.132275132275,0.0140781731524,0.000710643305171,0.00810731966556,66280844.0957,4786957.82962,0.00706919068234,0.110066666667,0.0825500000000,2.54000000000e-05,0.101600000000,4
1.90000000,0.243587035369,0.110790085002,0.00121800299861,0.131578947368,0.0140173173419,0.000507402245822,0.0827351111413,0.00000000000,0.131578947368,0.0140376565191,0.000710600752791,0.00810731966556,66631536.3925,4812285.64882,0.00704533032230,0.110066666667,0.0825500000000,2.54000000000e-05,0.101600000000,4
1.91000000,0.242575738382,0.110471321550,0.00121436447546,0.130890052356,0.0139769869417,0.000503808198575,0.0824970670093,0.00000000000,0.130890052356,0.0139972675994,0.000710556276881,0.00810731966556,66982228.6893,4837613.46803,0.00702157615942,0.110066666667,0.0825500000000,2.54000000000e-05,0.101600000000,4
1.92000000,0.241572622413,0.110153565004,0.00121072407621,0.130208333333,0.0139367839366,0.000500214151328,0.0822597748074,0.00000000000,0.130208333333,0.0139570062596,0.000710509924879,0.00810731966556,67332920.9861,4862941.28723,0.00699792759204,0.110066666667,0.0825500000000,2.54000000000e-05,0.101600000000,4
1.93000000,0.240577689740,0.109836814311,0.00120719667292,0.129533678756,0.0138967081936,0.000496734929499,0.0820232337510,0.00000000000,0.129533678756,0.0139168723665,0.000710461743425,0.00810731966556,67683613.2829,4888269.10644,0.00697438402715,0.110066666667,0.0825500000000,2.54000000000e-05,0.101600000000,4
1.94000000,0.239590715293,0.109521068425,0.00120366748602,0.128865979381,0.0138567595801,0.000493255707669,0.0817874430577,0.00000000000,0.128865979381,0.0138768657875,0.000710411778354,0.00810731966556,68034305.5797,4913596.92564,0.00695094488011,0.110066666667,0.0825500000000,2.54000000000e-05,0.101600000000,4
1.95000000,0.238611700010,0.109206326300,0.00120024550532,0.128205128205,0.0138169379638,0.000489885430617,0.0815524019460,0.00000000000,0.128205128205,0.0138369863899,0.000710360074699,0.00810731966556,68384997.8765,4938924.74484,0.00692760957437,0.110066666667,0.0825500000000,2.54000000000e-05,0.101600000000,4
1.96000000,0.237640429126,0.108892586887,0.00119682183026,0.127551020408,0.0137772432122,0.000486515153565,0.0813181096340,0.00000000000,0.127551020408,0.0137972340410,0.000710306676692,0.00810731966556,68735690.1733,4964252.56405,0.00690437754121,0.110066666667,0.0825500000000,2.54000000000e-05,0.101600000000,4
1.97000000,0.236676902423,0.108579849139,0.00119349998386,0.126903553299,0.0137376751926,0.000483248356095,0.0810845653386,0.00000000000,0.126903553299,0.0137576086080,0.000710251627760,0.00810731966556,69086382.4701,4989580.38325,0.00688124821947,0.110066666667,0.0825500000000,2.54000000000e-05,0.101600000000,4
1.98000000,0.235720914795,0.108268112003,0.00119017652916,0.126262626263,0.0136982337718,0.000479981558625,0.0808517682740,0.00000000000,0.126262626263,0.0137181099576,0.000710194970536,0.00810731966556,69437074.7669,5014908.20246,0.00685822105534,0.110066666667,0.0825500000000,2.54000000000e-05,0.101600000000,4
1.99000000,0.234772465027,0.107957374423,0.00118694990064,0.125628140704,0.0136589188162,0.000476813153787,0.0806197176511,0.00000000000,0.125628140704,0.0136787379559,0.000710136746857,0.00810731966556,69787767.0637,5040236.02166,0.00683529550206,0.110066666667,0.0825500000000,2.54000000000e-05,0.101600000000,4
2.00000000,0.233831357083,0.107647635336,0.00118372174672,0.125000000000,0.0136197301913,0.000473644748949,0.0803884126764,0.00000000000,0.125000000000,0.0136394924682,0.000710076997773,0.00810731966556,70138459.3605,5065563.84087,0.00681247101977,0.110066666667,0.0825500000000,2.54000000000e-05,0.101600000000,4
2.01000000,0.232897588883,0.107338893672,0.00118058575840,0.124378109453,0.0135806677619,0.000470569994849,0.0801578525510,0.00000000000,0.124378109453,0.0136003733590,0.000710015763549,0.00810731966556,70489151.6573,5090891.66007,0.00678974707523,0.110066666667,0.0825500000000,2.54000000000e-05,0.101600000000,4
2.02000000,0.231970972915,0.107031148353,0.00117744832442,0.123762376238,0.0135417313914,0.000467495240749,0.0799280364699,0.00000000000,0.123762376238,0.0135613804917,0.000709953083673,0.00810731966556,70839843.9541,5116219.47927,0.00676712314160,0.110066666667,0.0825500000000,2.54000000000e-05,0.101600000000,4
2.03000000,0.231051506359,0.106724398292,0.00117439870772,0.123152709360,0.0135029209423,0.000464509710857,0.0796989636212,0.00000000000,0.123152709360,0.0135225137286,0.000709888996864,0.00810731966556,71190536.2509,5141547.29848,0.00674459869830,0.110066666667,0.0825500000000,2.54000000000e-05,0.101600000000,4
2.04000000,0.230139009721,0.106418642392,0.00117134772205,0.122549019608,0.0134642362759,0.000461524180966,0.0794706331852,0.00000000000,0.122549019608,0.0134837729305,0.000709823541079,0.00810731966556,71541228.5477,5166875.11768,0.00672217323074,0.110066666667,0.0825500000000,2.54000000000e-05,0.101600000000,4
2.05000000,0.229233479546,0.106113879543,0.00116838049103,0.121951219512,0.0134256772517,0.000458623737508,0.0792430443339,0.00000000000,0.121951219512,0.0134451579570,0.000709756753520,0.00810731966556,71891920.8445,5192202.93689,0.00669984623019,0.110066666667,0.0825500000000,2.54000000000e-05,0.101600000000,4
2.06000000,0.228334743890,0.105810108624,0.00116541196470,0.121359223301,0.0133872437279,0.000455723294051,0.0790161962301,0.00000000000,0.121359223301,0.0134066686661,0.000709688670644,0.00810731966556,72242613.1413,5217530.75609,0.00667761719354,0.110066666667,0.0825500000000,2.54000000000e-05,0.101600000000,4
2.07000000,0.227442798754,0.105507328502,0.00116252339227,0.120772946860,0.0133489355611,0.000452904064096,0.0787900880269,0.00000000000,0.120772946860,0.0133683049140,0.000709619328171,0.00810731966556,72593305.4381,5242858.57530,0.00665548562317,0.110066666667,0.0825500000000,2.54000000000e-05,0.101600000000,4
2.08000000,0.226557479316,0.105205538029,0.00115963359524,0.120192307692,0.0133107526061,0.000450084834142,0.0785647188672,0.00000000000,0.120192307692,0.0133300665553,0.000709548761094,0.00810731966556,72943997.7349,5268186.39450,0.00663345102674,0.110066666667,0.0825500000000,2.54000000000e-05,0.101600000000,4
2.09000000,0.225678781113,0.104904736041,0.00115682019177,0.119617224880,0.0132726947156,0.000447343188081,0.0783400878827,0.00000000000,0.119617224880,0.0132919534428,0.000709477003688,0.00810731966556,73294690.0317,5293514.21370,0.00661151291707,0.110066666667,0.0825500000000,2.54000000000e-05,0.101600000000,4
2.10000000,0.224806546041,0.104604921362,0.00115400563154,0.119047619048,0.0132347617409,0.000444601542019,0.0781161941941,0.00000000000,0.119047619048,0.0132539654271,0.000709404089521,0.00810731966556,73645382.3285,5318842.03291,0.00658967081193,0.110066666667,0.0825500000000,2.54000000000e-05,0.101600000000,4
2.11000000,0.223940769246,0.104306092798,0.00115126412561,0.118483412322,0.0131969535307,0.000441934074146,0.0778930369100,0.00000000000,0.118483412322,0.0132161023571,0.000709330051462,0.00810731966556,73996074.6253,5344169.85211,0.00656792423395,0.110066666667,0.0825500000000,2.54000000000e-05,0.101600000000,4
2.12000000,0.223081298968,0.104008249138,0.00114852152797,0.117924528302,0.0131592699321,0.000439266606273,0.0776706151266,0.00000000000,0.117924528302,0.0131783640795,0.000709254921694,0.00810731966556,74346766.9221,5369497.67132,0.00654627271039,0.110066666667,0.0825500000000,2.54000000000e-05,0.101600000000,4
2.13000000,0.222228130023,0.103711389156,0.00114584884896,0.117370892019,0.0131217107897,0.000436670117241,0.0774489279275,0.00000000000,0.117370892019,0.0131407504386,0.000709178731722,0.00810731966556,74697459.2189,5394825.49052,0.00652471577309,0.110066666667,0.0825500000000,2.54000000000e-05,0.101600000000,4
2.14000000,0.221381116653,0.103415511606,0.00114317514059,0.116822429907,0.0130842759460,0.000434073628209,0.0772279743830,0.00000000000,0.116822429907,0.0131032612769,0.000709101512386,0.00810731966556,75048151.5157,5420153.30973,0.00650325295827,0.110066666667,0.0825500000000,2.54000000000e-05,0.101600000000,4
2.15000000,0.220540253396,0.103120615225,0.00114056840301,0.116279069767,0.0130469652413,0.000431545109137,0.0770077535499,0.00000000000,0.116279069767,0.0130658964342,0.000709023293869,0.00810731966556,75398843.8125,5445481.12893,0.00648188380642,0.110066666667,0.0825500000000,2.54000000000e-05,0.101600000000,4
2.16000000,0.219705400169,0.102826698733,0.00113796069577,0.115740740741,0.0130097785134,0.000429016590065,0.0767882644714,0.00000000000,0.115740740741,0.0130286557482,0.000708944105709,0.00810731966556,75749536.1093,5470808.94813,0.00646060786217,0.110066666667,0.0825500000000,2.54000000000e-05,0.101600000000,4
2.17000000,0.218876551285,0.102533760828,0.00113541718494,0.115207373272,0.0129727155977,0.000426553208128,0.0765695061762,0.00000000000,0.115207373272,0.0129915390541,0.000708863976811,0.00810731966556,76100228.4062,5496136.76734,0.00643942467417,0.110066666667,0.0825500000000,2.54000000000e-05,0.101600000000,4
2.18000000,0.218053572035,0.102241800191,0.00113287276165,0.114678899083,0.0129357763274,0.000424089826191,0.0763514776787,0.00000000000,0.114678899083,0.0129545461847,0.000708782935455,0.00810731966556,76450920.7030,5521464.58654,0.00641833379498,0.110066666667,0.0825500000000,2.54000000000e-05,0.101600000000,4
2.19000000,0.217236456544,0.101950815482,0.00113038992083,0.114155251142,0.0128989605328,0.000421688911520,0.0761341779787,0.00000000000,0.114155251142,0.0129176769704,0.000708701009310,0.00810731966556,76801612.9998,5546792.40575,0.00639733478095,0.110066666667,0.0825500000000,2.54000000000e-05,0.101600000000,4
2.20000000,0.216425075200,0.101660805342,0.00112790622229,0.113636363636,0.0128622680421,0.000419287996849,0.0759176060609,0.00000000000,0.113636363636,0.0128809312387,0.000708618225442,0.00810731966556,77152305.2966,5572120.22495,0.00637642719210,0.110066666667,0.0825500000000,2.54000000000e-05,0.101600000000,4
2.21000000,0.215619421977,0.101371768390,0.00112548164094,0.113122171946,0.0128256986806,0.000416947030612,0.0757017608950,0.00000000000,0.113122171946,0.0128443088149,0.000708534610325,0.00810731966556,77502997.5934,5597448.04416,0.00635561059203,0.110066666667,0.0825500000000,2.54000000000e-05,0.101600000000,4
2.22000000,0.214819372095,0.101083703228,0.00112305625423,0.112612612613,0.0127892522712,0.000414606064375,0.0754866414352,0.00000000000,0.112612612613,0.0128078095216,0.000708450189855,0.00810731966556,77853689.8902,5622775.86336,0.00633488454783,0.110066666667,0.0825500000000,2.54000000000e-05,0.101600000000,4
2.23000000,0.214024919409,0.100796608433,0.00112068765726,0.112107623318,0.0127529286341,0.000412322667908,0.0752722466206,0.00000000000,0.112107623318,0.0127714331788,0.000708364989357,0.00810731966556,78204382.1870,5648103.68256,0.00631424862996,0.110066666667,0.0825500000000,2.54000000000e-05,0.101600000000,4
2.24000000,0.213235943727,0.100510482565,0.00111831830504,0.111607142857,0.0127167275868,0.000410039271441,0.0750585753742,0.00000000000,0.111607142857,0.0127351796037,0.000708279033597,0.00810731966556,78555074.4838,5673431.50177,0.00629370241216,0.110066666667,0.0825500000000,2.54000000000e-05,0.101600000000,4
2.25000000,0.212452438813,0.100225324159,0.00111600354312,0.111111111111,0.0126806489443,0.000407811196325,0.0748456266036,0.00000000000,0.111111111111,0.0126990486110,0.000708192346792,0.00810731966556,78905766.7806,5698759.32097,0.00627324547137,0.110066666667,0.0825500000000,2.54000000000e-05,0.101600000000,4
2.26000000,0.211674288832,0.0999411317319,0.00111368807383,0.110619469027,0.0126446925189,0.000405583121209,0.0746333992004,0.00000000000,0.110619469027,0.0126630400126,0.000708104952621,0.00810731966556,79256459.0774,5724087.14018,0.00625287738764,0.110066666667,0.0825500000000,2.54000000000e-05,0.101600000000,4
2.27000000,0.210901487483,0.0996579037779,0.00111142511443,0.110132158590,0.0126088581199,0.000403408240195,0.0744218920403,0.00000000000,0.110132158590,0.0126271536178,0.000708016874236,0.00810731966556,79607151.3742,5749414.95938,0.00623259774407,0.110066666667,0.0825500000000,2.54000000000e-05,0.101600000000,4
2.28000000,0.210133923070,0.0993756387700,0.00110916149345,0.109649122807,0.0125731455541,0.000401233359182,0.0742111039828,0.00000000000,0.109649122807,0.0125913892330,0.000707928134270,0.00810731966556,79957843.6710,5774742.77859,0.00621240612666,0.110066666667,0.0825500000000,2.54000000000e-05,0.101600000000,4
2.29000000,0.209371589249,0.0990943351596,0.00110694841273,0.109170305677,0.0125375546258,0.000399109657883,0.0740010338717,0.00000000000,0.109170305677,0.0125557466621,0.000707838754850,0.00810731966556,80308535.9678,5800070.59779,0.00619230212432,0.110066666667,0.0825500000000,2.54000000000e-05,0.101600000000,4
2.30000000,0.208614378265,0.0988139913766,0.00110473471419,0.108695652174,0.0125020851362,0.000396985956584,0.0737916805343,0.00000000000,0.108695652174,0.0125202257061,0.000707748757604,0.00810731966556,80659228.2646,5825398.41700,0.00617228532874,0.110066666667,0.0825500000000,2.54000000000e-05,0.101600000000,4
2.31000000,0.207862283744,0.0985346058293,0.00110256968952,0.108225108225,0.0124667368839,0.000394911525849,0.0735830427821,0.00000000000,0.108225108225,0.0124848261634,0.000707658163673,0.00810731966556,81009920.5614,5850726.23620,0.00615235533435,0.110066666667,0.0825500000000,2.54000000000e-05,0.101600000000,4
2.32000000,0.207115201683,0.0982561769045,0.00110040408884,0.107758620690,0.0124315096648,0.000392837095114,0.0733751194102,0.00000000000,0.107758620690,0.0124495478295,0.000707566993721,0.00810731966556,81360612.8582,5876054.05540,0.00613251173821,0.110066666667,0.0825500000000,2.54000000000e-05,0.101600000000,4
2.33000000,0.206373125698,0.0979787029671,0.00109828539198,0.107296137339,0.0123964032721,0.000390810124034,0.0731679091978,0.00000000000,0.107296137339,0.0124143904972,0.000707475267942,0.00810731966556,81711305.1550,5901381.87461,0.00611275414001,0.110066666667,0.0825500000000,2.54000000000e-05,0.101600000000,4
2.34000000,0.205635955357,0.0977021823607,0.00109616615903,0.106837606838,0.0123614174961,0.000388783152954,0.0729614109078,0.00000000000,0.106837606838,0.0123793539568,0.000707383006073,0.00810731966556,82061997.4518,5926709.69381,0.00609308214193,0.110066666667,0.0825500000000,2.54000000000e-05,0.101600000000,4
2.35000000,0.204903684280,0.0974266134072,0.00109409214982,0.106382978723,0.0123265521246,0.000386801922420,0.0727556232870,0.00000000000,0.106382978723,0.0123444379955,0.000707290227401,0.00810731966556,82412689.7486,5952037.51302,0.00607349534864,0.110066666667,0.0825500000000,2.54000000000e-05,0.101600000000,4
2.36000000,0.204176215440,0.0971519944072,0.00109201764266,0.105932203390,0.0122918069426,0.000384820691887,0.0725505450665,0.00000000000,0.105932203390,0.0123096423981,0.000707196950772,0.00810731966556,82763382.0454,5977365.33222,0.00605399336723,0.110066666667,0.0825500000000,2.54000000000e-05,0.101600000000,4
2.37000000,0.203453542471,0.0968783236397,0.00108998676327,0.105485232068,0.0122571817323,0.000382883568670,0.0723461749610,0.00000000000,0.105485232068,0.0122749669465,0.000707103194601,0.00810731966556,83114074.3422,6002693.15143,0.00603457580711,0.110066666667,0.0825500000000,2.54000000000e-05,0.101600000000,4
2.38000000,0.202735571592,0.0966055993626,0.00108795542234,0.105042016807,0.0122226762732,0.000380946445453,0.0721425116694,0.00000000000,0.105042016807,0.0122404114199,0.000707008976883,0.00810731966556,83464766.6390,6028020.97063,0.00601524228003,0.110066666667,0.0825500000000,2.54000000000e-05,0.101600000000,4
2.39000000,0.202022296464,0.0963338198123,0.00108596619193,0.104602510460,0.0121882903424,0.000379051876738,0.0719395538750,0.00000000000,0.104602510460,0.0122059755949,0.000706914315197,0.00810731966556,83815458.9358,6053348.78983,0.00599599239996,0.110066666667,0.0825500000000,2.54000000000e-05,0.101600000000,4
2.40000000,0.201313626406,0.0960629832044,0.00108397653474,0.104166666667,0.0121540237139,0.000377157308022,0.0717373002450,0.00000000000,0.104166666667,0.0121716592455,0.000706819226718,0.00810731966556,84166151.2326,6078676.60904,0.00597682578309,0.110066666667,0.0825500000000,2.54000000000e-05,0.101600000000,4
2.41000000,0.200609555112,0.0957930877333,0.00108202754459,0.103734439834,0.0121198761594,0.000375303816362,0.0715357494312,0.00000000000,0.103734439834,0.0121374621427,0.000706723728225,0.00810731966556,84516843.5294,6104004.42824,0.00595774204775,0.110066666667,0.0825500000000,2.54000000000e-05,0.101600000000,4
2.42000000,0.199909994858,0.0955241315728,0.00108007816081,0.103305785124,0.0120858474478,0.000373450324702,0.0713349000697,0.00000000000,0.103305785124,0.0121033840553,0.000706627836110,0.00810731966556,84867535.8262,6129332.24745,0.00593874081437,0.110066666667,0.0825500000000,2.54000000000e-05,0.101600000000,4
2.43000000,0.199214939382,0.0952561128758,0.00107816806975,0.102880658436,0.0120519373453,0.000371636503365,0.0711347507812,0.00000000000,0.102880658436,0.0120694247492,0.000706531566384,0.00810731966556,85218228.1230,6154660.06665,0.00591982170545,0.110066666667,0.0825500000000,2.54000000000e-05,0.101600000000,4
2.44000000,0.198524303785,0.0949890297748,0.00107625761671,0.102459016393,0.0120181456159,0.000369822682027,0.0709353001711,0.00000000000,0.102459016393,0.0120355839878,0.000706434934687,0.00810731966556,85568920.4198,6179987.88586,0.00590098434553,0.110066666667,0.0825500000000,2.54000000000e-05,0.101600000000,4
2.45000000,0.197838081855,0.0947228803820,0.00107438514697,0.102040816327,0.0119844720204,0.000368047190678,0.0707365468297,0.00000000000,0.102040816327,0.0120018615319,0.000706337956295,0.00810731966556,85919612.7166,6205315.70506,0.00588222836109,0.110066666667,0.0825500000000,2.54000000000e-05,0.101600000000,4
2.46000000,0.197156191395,0.0944576627893,0.00107251234546,0.101626016260,0.0119509163177,0.000366271699329,0.0705384893320,0.00000000000,0.101626016260,0.0119682571397,0.000706240646128,0.00810731966556,86270305.0134,6230643.52426,0.00586355338060,0.110066666667,0.0825500000000,2.54000000000e-05,0.101600000000,4
2.47000000,0.196478626246,0.0941933750688,0.00107067627880,0.101214574899,0.0119174782636,0.000364533260043,0.0703411262383,0.00000000000,0.101214574899,0.0119347705669,0.000706143018758,0.00810731966556,86620997.3102,6255971.34347,0.00584495903438,0.110066666667,0.0825500000000,2.54000000000e-05,0.101600000000,4
2.48000000,0.195805306795,0.0939300152728,0.00106883990917,0.100806451613,0.0118841576119,0.000362794820757,0.0701444560940,0.00000000000,0.100806451613,0.0119014015668,0.000706045088416,0.00810731966556,86971689.6070,6281299.16267,0.00582644495467,0.110066666667,0.0825500000000,2.54000000000e-05,0.101600000000,4
2.49000000,0.195136226943,0.0936675814339,0.00106703908331,0.100401606426,0.0118509541136,0.000361092214313,0.0699484774302,0.00000000000,0.100401606426,0.0118681498901,0.000705946869000,0.00810731966556,87322381.9038,6306626.98188,0.00580801077552,0.110066666667,0.0825500000000,2.54000000000e-05,0.101600000000,4
2.50000000,0.194471309547,0.0934060715654,0.00106523798195,0.100000000000,0.0118178675173,0.000359389607869,0.0697531887630,0.00000000000,0.100000000000,0.0118350152851,0.000705848374081,0.00810731966556,87673074.2006,6331954.80108,0.00578965613277,0.110066666667,0.0825500000000,2.54000000000e-05,0.101600000000,4
2.51000000,0.193810548574,0.0931454836617,0.00106347128723,0.0996015936255,0.0117848975693,0.000357721670316,0.0695585885948,0.00000000000,0.0996015936255,0.0118019974975,0.000705749616911,0.00810731966556,88023766.4974,6357282.62029,0.00577138066405,0.110066666667,0.0825500000000,2.54000000000e-05,0.101600000000,4
2.52000000,0.193153869248,0.0928858156980,0.00106170434319,0.0992063492063,0.0117520440134,0.000356053732762,0.0693646754135,0.00000000000,0.0992063492063,0.0117690962710,0.000705650610431,0.00810731966556,88374458.7942,6382610.43949,0.00575318400874,0.110066666667,0.0825500000000,2.54000000000e-05,0.101600000000,4
2.53000000,0.192501265600,0.0926270656310,0.00105997071950,0.0988142292490,0.0117193065911,0.000354419352225,0.0691714476933,0.00000000000,0.0988142292490,0.0117363113466,0.000705551367274,0.00810731966556,88725151.0910,6407938.25869,0.00573506580790,0.110066666667,0.0825500000000,2.54000000000e-05,0.101600000000,4
2.54000000,0.191852665121,0.0923692313991,0.00105823687146,0.0984251968504,0.0116866850415,0.000352784971687,0.0689789038946,0.00000000000,0.0984251968504,0.0117036424630,0.000705451899776,0.00810731966556,89075843.3878,6433266.07790,0.00571702570431,0.110066666667,0.0825500000000,2.54000000000e-05,0.101600000000,4
2.55000000,0.191208061914,0.0921123109224,0.00105653530538,0.0980392156863,0.0116541791015,0.000351183085398,0.0687870424640,0.00000000000,0.0980392156863,0.0116710893568,0.000705352219982,0.00810731966556,89426535.6846,6458593.89710,0.00569906334238,0.110066666667,0.0825500000000,2.54000000000e-05,0.101600000000,4
2.56000000,0.190567385642,0.0918563021030,0.00105483353876,0.0976562500000,0.0116217885057,0.000349581199109,0.0685958618351,0.00000000000,0.0976562500000,0.0116386517621,0.000705252339647,0.00810731966556,89777227.9815,6483921.71631,0.00568117836817,0.110066666667,0.0825500000000,2.54000000000e-05,0.101600000000,4
2.57000000,0.189930630478,0.0916012028255,0.00105316306090,0.0972762645914,0.0115895129864,0.000348010790646,0.0684053604281,0.00000000000,0.0972762645914,0.0116063294109,0.000705152270250,0.00810731966556,90127920.2783,6509249.53551,0.00566337042934,0.110066666667,0.0825500000000,2.54000000000e-05,0.101600000000,4
2.58000000,0.189297728168,0.0913470109571,0.00105149240518,0.0968992248062,0.0115573522738,0.000346440382183,0.0682155366503,0.00000000000,0.0968992248062,0.0115741220330,0.000705052022995,0.00810731966556,90478612.5751,6534577.35472,0.00564563917513,0.110066666667,0.0825500000000,2.54000000000e-05,0.101600000000,4
2.59000000,0.188668672961,0.0910937243478,0.00104985208771,0.0965250965251,0.0115253060958,0.000344900478892,0.0680263888961,0.00000000000,0.0965250965251,0.0115420293559,0.000704951608820,0.00810731966556,90829304.8719,6559905.17392,0.00562798425637,0.110066666667,0.0825500000000,2.54000000000e-05,0.101600000000,4
2.60000000,0.188043398599,0.0908413408309,0.00104821161400,0.0961538461538,0.0114933741784,0.000343360575600,0.0678379155473,0.00000000000,0.0961538461538,0.0115100511051,0.000704851038398,0.00810731966556,91179997.1687,6585232.99312,0.00561040532540,0.110066666667,0.0825500000000,2.54000000000e-05,0.101600000000,4
2.61000000,0.187421899404,0.0905898582229,0.00104660056834,0.0957854406130,0.0114615562452,0.000341850246192,0.0676501149737,0.00000000000,0.0957854406130,0.0114781870040,0.000704750322149,0.00810731966556,91530689.4655,6610560.81233,0.00559290203610,0.110066666667,0.0825500000000,2.54000000000e-05,0.101600000000,4
2.62000000,0.186804111039,0.0903392743241,0.00104498938703,0.0954198473282,0.0114298520180,0.000340339916785,0.0674629855323,0.00000000000,0.0954198473282,0.0114464367738,0.000704649470244,0.00810731966556,91881381.7623,6635888.63153,0.00557547404385,0.110066666667,0.0825500000000,2.54000000000e-05,0.101600000000,4
2.63000000,0.186190027901,0.0900895869189,0.00104340676170,0.0950570342205,0.0113982612164,0.000338858269098,0.0672765255687,0.00000000000,0.0950570342205,0.0114148001339,0.000704548492605,0.00810731966556,92232074.0591,6661216.45074,0.00555812100551,0.110066666667,0.0825500000000,2.54000000000e-05,0.101600000000,4
2.64000000,0.185579587493,0.0898407937758,0.00104182402033,0.0946969696970,0.0113667835581,0.000337376621411,0.0670907334163,0.00000000000,0.0946969696970,0.0113832768014,0.000704447398918,0.00810731966556,92582766.3559,6686544.26994,0.00554084257941,0.110066666667,0.0825500000000,2.54000000000e-05,0.101600000000,4
2.65000000,0.184972784288,0.0895928926478,0.00104026899895,0.0943396226415,0.0113354187588,0.000335922800312,0.0669056073974,0.00000000000,0.0943396226415,0.0113518664916,0.000704346198635,0.00810731966556,92933458.6527,6711872.08915,0.00552363842533,0.110066666667,0.0825500000000,2.54000000000e-05,0.101600000000,4
2.66000000,0.184369557559,0.0893458812729,0.00103871388019,0.0939849624060,0.0113041665323,0.000334468979213,0.0667211458226,0.00000000000,0.0939849624060,0.0113205689181,0.000704244900977,0.00810731966556,93284150.9495,6737199.90835,0.00550650820448,0.110066666667,0.0825500000000,2.54000000000e-05,0.101600000000,4
2.67000000,0.183769901855,0.0890997573742,0.00103718567958,0.0936329588015,0.0112730265905,0.000333042164640,0.0665373469915,0.00000000000,0.0936329588015,0.0112893837921,0.000704143514944,0.00810731966556,93634843.2463,6762527.72756,0.00548945157949,0.110066666667,0.0825500000000,2.54000000000e-05,0.101600000000,4
2.68000000,0.183173758149,0.0888545186600,0.00103565739938,0.0932835820896,0.0112419986436,0.000331615350066,0.0663542091929,0.00000000000,0.0932835820896,0.0112583108235,0.000704042049315,0.00810731966556,93985535.5431,6787855.54676,0.00547246821439,0.110066666667,0.0825500000000,2.54000000000e-05,0.101600000000,4
2.69000000,0.182581121066,0.0886101628245,0.00103415526785,0.0929368029740,0.0112110823997,0.000330214755195,0.0661717307048,0.00000000000,0.0929368029740,0.0112273497200,0.000703940512657,0.00810731966556,94336227.8399,6813183.36596,0.00545555777461,0.110066666667,0.0825500000000,2.54000000000e-05,0.101600000000,4
2.70000000,0.181991933214,0.0883666875480,0.00103265307365,0.0925925925926,0.0111802775653,0.000328814160323,0.0659899097949,0.00000000000,0.0925925925926,0.0111965001878,0.000703838913326,0.00810731966556,94686920.1367,6838511.18517,0.00543871992693,0.110066666667,0.0825500000000,2.54000000000e-05,0.101600000000,4
2.71000000,0.181406189295,0.0881240904966,0.00103117628933,0.0922509225092,0.0111495838453,0.000327439029851,0.0658087447204,0.00000000000,0.0922509225092,0.0111657619310,0.000703737259475,0.00810731966556,95037612.4335,6863839.00437,0.00542195433952,0.110066666667,0.0825500000000,2.54000000000e-05,0.101600000000,4
2.72000000,0.180823833488,0.0878823693236,0.00102969945843,0.0919117647059,0.0111190009425,0.000326063899379,0.0656282337287,0.00000000000,0.0919117647059,0.0111351346524,0.000703635559056,0.00810731966556,95388304.7303,6889166.82358,0.00540526068189,0.110066666667,0.0825500000000,2.54000000000e-05,0.101600000000,4
2.73000000,0.180244860572,0.0876415216688,0.00102824732774,0.0915750915751,0.0110885285586,0.000324713507914,0.0654483750573,0.00000000000,0.0915750915751,0.0111046180529,0.000703533819826,0.00810731966556,95738997.0271,6914494.64278,0.00538863862489,0.110066666667,0.0825500000000,2.54000000000e-05,0.101600000000,4
2.74000000,0.179669216237,0.0874015451591,0.00102679516580,0.0912408759124,0.0110581663931,0.000323363116450,0.0652691669341,0.00000000000,0.0912408759124,0.0110742118318,0.000703432049350,0.00810731966556,96089689.3239,6939822.46199,0.00537208784069,0.110066666667,0.0825500000000,2.54000000000e-05,0.101600000000,4
2.75000000,0.179096895340,0.0871624374092,0.00102536702201,0.0909090909091,0.0110279141444,0.000322036767006,0.0650906075778,0.00000000000,0.0909090909091,0.0110439156870,0.000703330255009,0.00810731966556,96440381.6207,6965150.28119,0.00535560800278,0.110066666667,0.0825500000000,2.54000000000e-05,0.101600000000,4
2.76000000,0.178527845028,0.0869241960212,0.00102393886156,0.0905797101449,0.0109977715090,0.000320710417561,0.0649126951977,0.00000000000,0.0905797101449,0.0110137293145,0.000703228443998,0.00810731966556,96791073.9175,6990478.10039,0.00533919878597,0.110066666667,0.0825500000000,2.54000000000e-05,0.101600000000,4
2.77000000,0.177962060230,0.0866868185855,0.00102253406347,0.0902527075812,0.0109677381820,0.000319407440132,0.0647354279944,0.00000000000,0.0902527075812,0.0109836524091,0.000703126623334,0.00810731966556,97141766.2143,7015805.91960,0.00532285986634,0.110066666667,0.0825500000000,2.54000000000e-05,0.101600000000,4
2.78000000,0.177399489497,0.0864503026808,0.00102112926256,0.0899280575540,0.0109378138572,0.000318104462703,0.0645588041596,0.00000000000,0.0899280575540,0.0109536846639,0.000703024799861,0.00810731966556,97492458.5111,7041133.73880,0.00530659092128,0.110066666667,0.0825500000000,2.54000000000e-05,0.101600000000,4
2.79000000,0.176840127835,0.0862146458743,0.00101974719319,0.0896057347670,0.0109079982267,0.000316824212939,0.0643828218768,0.00000000000,0.0896057347670,0.0109238257708,0.000702922980251,0.00810731966556,97843150.8079,7066461.55801,0.00529039162946,0.110066666667,0.0825500000000,2.54000000000e-05,0.101600000000,4
2.80000000,0.176283925142,0.0859798457223,0.00101836513418,0.0892857142857,0.0108782909813,0.000315543963175,0.0642074793209,0.00000000000,0.0892857142857,0.0108940754201,0.000702821171009,0.00810731966556,98193843.1047,7091789.37721,0.00527426167080,0.110066666667,0.0825500000000,2.54000000000e-05,0.101600000000,4
2.81000000,0.175730876500,0.0857458997703,0.00101700519960,0.0889679715302,0.0108486918105,0.000314285821128,0.0640327746590,0.00000000000,0.0889679715302,0.0108644333008,0.000702719378476,0.00810731966556,98544535.4015,7117117.19642,0.00525820072650,0.110066666667,0.0825500000000,2.54000000000e-05,0.101600000000,4
2.82000000,0.175180933111,0.0855128055532,0.00101564528792,0.0886524822695,0.0108192004023,0.000313027679081,0.0638587060503,0.00000000000,0.0886524822695,0.0108348991005,0.000702617608836,0.00810731966556,98895227.6983,7142445.01562,0.00524220847901,0.110066666667,0.0825500000000,2.54000000000e-05,0.101600000000,4
2.83000000,0.174634090127,0.0852805605958,0.00101430691614,0.0883392226148,0.0107898164438,0.000311791048027,0.0636852716463,0.00000000000,0.0883392226148,0.0108054725057,0.000702515868115,0.00810731966556,99245919.9951,7167772.83482,0.00522628461202,0.110066666667,0.0825500000000,2.54000000000e-05,0.101600000000,4
2.84000000,0.174090300006,0.0850491624130,0.00101296857916,0.0880281690141,0.0107605396203,0.000310554416973,0.0635124695912,0.00000000000,0.0880281690141,0.0107761532015,0.000702414162187,0.00810731966556,99596612.2919,7193100.65403,0.00521042881048,0.110066666667,0.0825500000000,2.54000000000e-05,0.101600000000,4
2.85000000,0.173549557975,0.0848186085100,0.00101165121908,0.0877192982456,0.0107313696163,0.000309338722303,0.0633402980220,0.00000000000,0.0877192982456,0.0107469408717,0.000702312496777,0.00810731966556,99947304.5887,7218428.47323,0.00519464076055,0.110066666667,0.0825500000000,2.54000000000e-05,0.101600000000,4
2.86000000,0.173011817701,0.0845888963828,0.00101033390510,0.0874125874126,0.0107023061150,0.000308123027633,0.0631687550687,0.00000000000,0.0874125874126,0.0107178351991,0.000702210877464,0.00810731966556,100297996.886,7243756.29244,0.00517892014963,0.110066666667,0.0825500000000,2.54000000000e-05,0.101600000000,4
2.87000000,0.172477074481,0.0843600235183,0.00100903702549,0.0871080139373,0.0106733487983,0.000306927715809,0.0629978388547,0.00000000000,0.0871080139373,0.0106888358653,0.000702109309684,0.00810731966556,100648689.182,7269084.11164,0.00516326666635,0.110066666667,0.0825500000000,2.54000000000e-05,0.101600000000,4
2.88000000,0.171945283153,0.0841319873947,0.00100774020272,0.0868055555556,0.0106444973473,0.000305732403986,0.0628275474966,0.00000000000,0.0868055555556,0.0106599425507,0.000702007798734,0.00810731966556,100999381.479,7294411.93085,0.00514768000053,0.110066666667,0.0825500000000,2.54000000000e-05,0.101600000000,4
2.89000000,0.171416439084,0.0839047854814,0.00100646329133,0.0865051903114,0.0106157514417,0.000304556941558,0.0626578791049,0.00000000000,0.0865051903114,0.0106311549348,0.000701906349777,0.00810731966556,101350073.776,7319739.75005,0.00513215984324,0.110066666667,0.0825500000000,2.54000000000e-05,0.101600000000,4
2.90000000,0.170890498239,0.0836784152400,0.00100518644697,0.0862068965517,0.0105871107605,0.000303381479130,0.0624888317837,0.00000000000,0.0862068965517,0.0106024726958,0.000701804967840,0.00810731966556,101700766.073,7345067.56925,0.00511670588671,0.110066666667,0.0825500000000,2.54000000000e-05,0.101600000000,4
2.91000000,0.170367456055,0.0834528741241,0.00100392900962,0.0859106529210,0.0105585749814,0.000302225351805,0.0623204036316,0.00000000000,0.0859106529210,0.0105738955112,0.000701703657820,0.00810731966556,102051458.370,7370395.38846,0.00510131782440,0.110066666667,0.0825500000000,2.54000000000e-05,0.101600000000,4
2.92000000,0.169847269585,0.0832281595794,0.00100267164897,0.0856164383562,0.0105301437812,0.000301069224480,0.0621525927410,0.00000000000,0.0856164383562,0.0105454230572,0.000701602424488,0.00810731966556,102402150.666,7395723.20766,0.00508599535096,0.110066666667,0.0825500000000,2.54000000000e-05,0.101600000000,4
2.93000000,0.169329934335,0.0830042690446,0.00100143320874,0.0853242320819,0.0105018168359,0.000299931936246,0.0619853971993,0.00000000000,0.0853242320819,0.0105170550094,0.000701501272491,0.00810731966556,102752842.963,7421051.02687,0.00507073816222,0.110066666667,0.0825500000000,2.54000000000e-05,0.101600000000,4
2.94000000,0.168815408411,0.0827811999509,0.00100019485437,0.0850340136054,0.0104735938205,0.000298794648012,0.0618188150881,0.00000000000,0.0850340136054,0.0104887910423,0.000701400206353,0.00810731966556,103103535.260,7446378.84607,0.00505554595521,0.110066666667,0.0825500000000,2.54000000000e-05,0.101600000000,4
2.95000000,0.168303687386,0.0825589497230,0.000998974950791,0.0847457627119,0.0104454744091,0.000297675720311,0.0616528444842,0.00000000000,0.0847457627119,0.0104606308296,0.000701299230480,0.00810731966556,103454227.557,7471706.66528,0.00504041842815,0.110066666667,0.0825500000000,2.54000000000e-05,0.101600000000,4
2.96000000,0.167794730380,0.0823375157788,0.000997755141771,0.0844594594595,0.0104174582752,0.000296556792610,0.0614874834596,0.00000000000,0.0844594594595,0.0104325740441,0.000701198349160,0.00810731966556,103804919.854,7497034.48448,0.00502535528041,0.110066666667,0.0825500000000,2.54000000000e-05,0.101600000000,4
2.97000000,0.167288533035,0.0821168955302,0.000996553330126,0.0841750841751,0.0103895450911,0.000295455763555,0.0613227300812,0.00000000000,0.0841750841751,0.0104046203579,0.000701097566571,0.00810731966556,104155612.150,7522362.30369,0.00501035621256,0.110066666667,0.0825500000000,2.54000000000e-05,0.101600000000,4
2.98000000,0.166785055454,0.0818970863827,0.000995351621276,0.0838926174497,0.0103617345287,0.000294354734500,0.0611585824118,0.00000000000,0.0838926174497,0.0103767694422,0.000700996886776,0.00810731966556,104506304.447,7547690.12289,0.00499542092632,0.110066666667,0.0825500000000,2.54000000000e-05,0.101600000000,4
2.99000000,0.166284293342,0.0816780857362,0.000994167471868,0.0836120401338,0.0103340262589,0.000293271158135,0.0609950385096,0.00000000000,0.0836120401338,0.0103490209677,0.000700896313733,0.00810731966556,104856996.744,7573017.94209,0.00498054912461,0.110066666667,0.0825500000000,2.54000000000e-05,0.101600000000,4
3.00000000,0.165786207752,0.0814598909852,0.000992983433060,0.0833333333333,0.0103064199522,0.000292187581770,0.0608320964289,0.00000000000,0.0833333333333,0.0103213746042,0.000700795851290,0.00810731966556,105207689.041,7598345.76130,0.00496574051148,0.110066666667,0.0825500000000,2.54000000000e-05,0.101600000000,4
