set,time,force_x_N,force_y_N,force_z_N
      1.,  0.50000000000E-01, -0.84542503477E-12, -0.97804131330E-11,  0.53035279279E-07
      2.,  0.10000000000E+00,  0.65122890804E-12,  0.75608087499E-11,  0.19624508241E-07
      3.,  0.17500000000E+00,  0.64500545204E-12, -0.34229589649E-11,  0.19331878320E-07
      4.,  0.28750000000E+00,  0.98368551802E-12,  0.10001886472E-11,  0.10255007510E-07
      5.,  0.45625000000E+00, -0.21425089350E-11, -0.17492795407E-10,  0.41058001443E-08
      6.,  0.65625000000E+00, -0.10894232565E-11,  0.17477509023E-10,  0.41839030018E-08
      7.,  0.85625000000E+00,  0.25351091669E-11,  0.79012595078E-11,  0.28585418477E-08
      8.,  0.10000000000E+01,  0.13878590117E-12,  0.55655827169E-11,  0.11093561625E-08
      9.,  0.20000000000E+01, -0.10815790537E-11,  0.26144017506E-12,  0.11052186943E-09
     10.,  0.20100000000E+01, -0.17611081438E-06, -0.10426473053E-11, -0.46615639349E-06
     11.,  0.20200000000E+01,  0.26673769971E-07,  0.19196860247E-10,  0.70091005000E-07
     12.,  0.20350000000E+01, -0.17820633857E-09,  0.13091741233E-10, -0.11610836737E-08
     13.,  0.20575000000E+01, -0.14125978165E-08, -0.92786056616E-11, -0.77120603237E-08
     14.,  0.20912500000E+01, -0.11275268719E-07, -0.37174346934E-10, -0.48562583288E-07
     15.,  0.21412500000E+01, -0.60879194086E-06,  0.20496132569E-10, -0.13343113778E-05
     16.,  0.21912500000E+01, -0.13821932240E-04, -0.14193091147E-10, -0.71788733749E-03
     17.,  0.22412500000E+01, -0.40605041001E-05, -0.12789547199E-10,  0.12316771142E-03
     18.,  0.22912500000E+01,  0.84364273878E-06,  0.60901284016E-11,  0.16056901586E-06
     19.,  0.23412500000E+01,  0.23343979855E-04, -0.13436807222E-10,  0.93428106084E-04
     20.,  0.23912500000E+01, -0.32862200579E-05, -0.21772139647E-09,  0.38133845737E-03
     21.,  0.24412500000E+01, -0.28447594236E-06,  0.99753538763E-11, -0.59496402741E-04
     22.,  0.24912500000E+01,  0.10767272116E-04, -0.10011489415E-08, -0.16463405359E-04
     23.,  0.25412500000E+01, -0.37633284773E-05,  0.96145313933E-12, -0.52198716276E-04
     24.,  0.25912500000E+01, -0.13925199376E-05,  0.14079848398E-10,  0.51417613690E-04
     25.,  0.26412500000E+01,  0.39665436269E-06, -0.36987435337E-09,  0.10700240375E-03
     26.,  0.26912500000E+01, -0.21614748569E-06, -0.31792346533E-11,  0.70689418635E-04
     27.,  0.27412500000E+01,  0.35594952763E-07, -0.17069012870E-10,  0.49391438779E-05
     28.,  0.27912500000E+01, -0.35107350111E-05,  0.80788709056E-11, -0.43179686577E-03
     29.,  0.28412500000E+01, -0.38881075053E-05, -0.15467715997E-08, -0.35482215844E-03
     30.,  0.28912500000E+01, -0.65027541467E-05, -0.30810971552E-08, -0.23256263910E-03
     31.,  0.29412500000E+01, -0.41165156581E-05, -0.37653293816E-08, -0.22328184400E-04
     32.,  0.29706250000E+01, -0.22103229256E-05,  0.73798744893E-11,  0.13958898080E-04
     33.,  0.30000000000E+01, -0.23018049120E-05, -0.11196377159E-10,  0.23265776235E-04
