set,loadstep,substep,time,ux_mm,fx_N,clamp1_N,clamp2_N,peeq,damage
       1.,       1.,       1.,  0.50000000000E-01,  0.00000000000E+00, -0.24810973554E-04,  0.78886090522E-30,  0.78886090522E-30,  0.00000000000E+00,  0.00000000000E+00
       2.,       1.,       2.,  0.10000000000E+00,  0.00000000000E+00, -0.49621974565E-04,  0.78886090522E-30,  0.78886090522E-30,  0.00000000000E+00,  0.00000000000E+00
       3.,       1.,       3.,  0.17500000000E+00,  0.00000000000E+00, -0.86838691579E-04,  0.78886090522E-30,  0.78886090522E-30,  0.00000000000E+00,  0.00000000000E+00
       4.,       1.,       4.,  0.28750000000E+00,  0.00000000000E+00, -0.14266418618E-03,  0.78886090522E-30,  0.78886090522E-30,  0.00000000000E+00,  0.00000000000E+00
       5.,       1.,       5.,  0.45625000000E+00,  0.00000000000E+00, -0.22818984251E-03,  0.78886090522E-30,  0.78886090522E-30,  0.00000000000E+00,  0.00000000000E+00
       6.,       1.,       6.,  0.65625000000E+00,  0.00000000000E+00, -0.33054451888E-03,  0.78886090522E-30,  0.78886090522E-30,  0.00000000000E+00,  0.00000000000E+00
       7.,       1.,       7.,  0.85625000000E+00,  0.00000000000E+00, -0.43318461705E-03,  0.78886090522E-30,  0.78886090522E-30,  0.00000000000E+00,  0.00000000000E+00
       8.,       1.,       8.,  0.10000000000E+01,  0.00000000000E+00, -0.50698198352E-03,  0.78886090522E-30,  0.78886090522E-30,  0.00000000000E+00,  0.00000000000E+00
       9.,       2.,       1.,  0.20000000000E+01,  0.00000000000E+00, -0.50698194125E-03,  0.75000000000E+03,  0.75000000000E+03,  0.00000000000E+00,  0.00000000000E+00
      10.,       3.,       1.,  0.20250000000E+01,  0.25000000000E-01,  0.13931671852E+01,  0.74996276048E+03,  0.74996276048E+03,  0.00000000000E+00,  0.00000000000E+00
      11.,       3.,       2.,  0.20500000000E+01,  0.50000000000E-01,  0.27870905309E+01,  0.74995241123E+03,  0.74995241123E+03,  0.00000000000E+00,  0.00000000000E+00
      12.,       3.,       3.,  0.20875000000E+01,  0.87500000000E-01,  0.48410446853E+01,  0.75051735871E+03,  0.75051735872E+03,  0.21598971580E-03,  0.00000000000E+00
      13.,       3.,       4.,  0.21375000000E+01,  0.13750000000E+00,  0.69690658542E+01,  0.75556022199E+03,  0.75556022203E+03,  0.12759515666E-02,  0.00000000000E+00
      14.,       3.,       5.,  0.21875000000E+01,  0.18750000000E+00,  0.82617132370E+01,  0.75880297050E+03,  0.75880297056E+03,  0.26016279007E-02,  0.00000000000E+00
      15.,       3.,       6.,  0.22187500000E+01,  0.21875000000E+00,  0.88267841111E+01,  0.76053910374E+03,  0.76053910379E+03,  0.34552774159E-02,  0.00000000000E+00
      16.,       3.,       7.,  0.22500000000E+01,  0.25000000000E+00,  0.92721410619E+01,  0.76193845084E+03,  0.76193845091E+03,  0.43118924368E-02,  0.00000000000E+00
      17.,       4.,       1.,  0.22750000000E+01,  0.27500000000E+00,  0.95674262405E+01,  0.76288867842E+03,  0.76288862623E+03,  0.50006652018E-02,  0.00000000000E+00
      18.,       4.,       2.,  0.23000000000E+01,  0.30000000000E+00,  0.98215393829E+01,  0.76372892996E+03,  0.76372893010E+03,  0.56904910598E-02,  0.00000000000E+00
      19.,       4.,       3.,  0.23375000000E+01,  0.33750000000E+00,  0.10153681795E+02,  0.76486544635E+03,  0.76486544648E+03,  0.67251884611E-02,  0.00000000000E+00
      20.,       4.,       4.,  0.23875000000E+01,  0.38750000000E+00,  0.10542684181E+02,  0.76620210330E+03,  0.76620210346E+03,  0.81046952400E-02,  0.00000000000E+00
      21.,       4.,       5.,  0.24375000000E+01,  0.43750000000E+00,  0.10904328792E+02,  0.76743689569E+03,  0.76743689586E+03,  0.94918413088E-02,  0.00000000000E+00
      22.,       4.,       6.,  0.24687500000E+01,  0.46875000000E+00,  0.11120508617E+02,  0.76819859739E+03,  0.76819861595E+03,  0.10361326393E-01,  0.00000000000E+00
      23.,       4.,       7.,  0.25000000000E+01,  0.50000000000E+00,  0.11333001390E+02,  0.76894980444E+03,  0.76894980454E+03,  0.11235123733E-01,  0.00000000000E+00
      24.,       5.,       1.,  0.25250000000E+01,  0.52500000000E+00,  0.11501639414E+02,  0.76954047941E+03,  0.76954047951E+03,  0.11959113646E-01,  0.00000000000E+00
      25.,       5.,       2.,  0.25500000000E+01,  0.55000000000E+00,  0.11667802651E+02,  0.77013318578E+03,  0.77013318583E+03,  0.12690376723E-01,  0.00000000000E+00
      26.,       5.,       3.,  0.25875000000E+01,  0.58750000000E+00,  0.11916730667E+02,  0.77099706468E+03,  0.77099706959E+03,  0.13791525504E-01,  0.00000000000E+00
      27.,       5.,       4.,  0.26375000000E+01,  0.63750000000E+00,  0.12248310689E+02,  0.77212093018E+03,  0.77212095628E+03,  0.15269505559E-01,  0.00000000000E+00
      28.,       5.,       5.,  0.26875000000E+01,  0.68750000000E+00,  0.12581548659E+02,  0.77323295675E+03,  0.77323295353E+03,  0.16755842604E-01,  0.00000000000E+00
      29.,       5.,       6.,  0.27187500000E+01,  0.71875000000E+00,  0.12791033097E+02,  0.77394948502E+03,  0.77394948831E+03,  0.17686314881E-01,  0.00000000000E+00
      30.,       5.,       7.,  0.27500000000E+01,  0.75000000000E+00,  0.13001091631E+02,  0.77466089427E+03,  0.77466089325E+03,  0.18616867717E-01,  0.00000000000E+00
      31.,       6.,       1.,  0.27750000000E+01,  0.77500000000E+00,  0.13169165844E+02,  0.77523337559E+03,  0.77523337563E+03,  0.19358262885E-01,  0.00000000000E+00
      32.,       6.,       2.,  0.28000000000E+01,  0.80000000000E+00,  0.13337404906E+02,  0.77578182125E+03,  0.77578182130E+03,  0.20096823573E-01,  0.00000000000E+00
      33.,       6.,       3.,  0.28375000000E+01,  0.83750000000E+00,  0.13590141477E+02,  0.77665029252E+03,  0.77665029251E+03,  0.21198779810E-01,  0.00000000000E+00
      34.,       6.,       4.,  0.28875000000E+01,  0.88750000000E+00,  0.13930939299E+02,  0.77784082318E+03,  0.77784082319E+03,  0.22654273547E-01,  0.00000000000E+00
      35.,       6.,       5.,  0.29375000000E+01,  0.93750000000E+00,  0.14275775240E+02,  0.77902222068E+03,  0.77902222069E+03,  0.24123458192E-01,  0.00000000000E+00
      36.,       6.,       6.,  0.29687500000E+01,  0.96875000000E+00,  0.14494609714E+02,  0.77975916683E+03,  0.77975918913E+03,  0.25263807736E-01,  0.00000000000E+00
      37.,       6.,       7.,  0.30000000000E+01,  0.10000000000E+01,  0.14715733208E+02,  0.78049836105E+03,  0.78049836106E+03,  0.26434434578E-01,  0.00000000000E+00
      38.,       7.,       1.,  0.30250000000E+01,  0.10250000000E+01,  0.14895077713E+02,  0.78111587074E+03,  0.78111558324E+03,  0.27385908179E-01,  0.00000000000E+00
      39.,       7.,       2.,  0.30500000000E+01,  0.10500000000E+01,  0.15075824683E+02,  0.78172079976E+03,  0.78172079704E+03,  0.28349990025E-01,  0.00000000000E+00
      40.,       7.,       3.,  0.30875000000E+01,  0.10875000000E+01,  0.15350566209E+02,  0.78265372867E+03,  0.78265372652E+03,  0.29820104595E-01,  0.00000000000E+00
      41.,       7.,       4.,  0.31375000000E+01,  0.11375000000E+01,  0.15721875009E+02,  0.78391845965E+03,  0.78391853818E+03,  0.31826422550E-01,  0.00000000000E+00
      42.,       7.,       5.,  0.31875000000E+01,  0.11875000000E+01,  0.16100613800E+02,  0.78520702494E+03,  0.78520701687E+03,  0.33903461415E-01,  0.00000000000E+00
      43.,       7.,       6.,  0.32187500000E+01,  0.12187500000E+01,  0.16342048377E+02,  0.78602284839E+03,  0.78602286877E+03,  0.35236730240E-01,  0.00000000000E+00
      44.,       7.,       7.,  0.32500000000E+01,  0.12500000000E+01,  0.16585561800E+02,  0.78683130177E+03,  0.78683130181E+03,  0.36592532881E-01,  0.00000000000E+00
      45.,       8.,       1.,  0.32750000000E+01,  0.12750000000E+01,  0.16782741301E+02,  0.78747700547E+03,  0.78747702428E+03,  0.37697035819E-01,  0.00000000000E+00
      46.,       8.,       2.,  0.33000000000E+01,  0.13000000000E+01,  0.16982298829E+02,  0.78811629238E+03,  0.78811628759E+03,  0.38817330264E-01,  0.00000000000E+00
      47.,       8.,       3.,  0.33375000000E+01,  0.13375000000E+01,  0.17286397177E+02,  0.78907017029E+03,  0.78907017093E+03,  0.40530435741E-01,  0.00000000000E+00
      48.,       8.,       4.,  0.33875000000E+01,  0.13875000000E+01,  0.17701467363E+02,  0.79033351417E+03,  0.79033360326E+03,  0.42879784480E-01,  0.00000000000E+00
      49.,       8.,       5.,  0.34375000000E+01,  0.14375000000E+01,  0.18130710834E+02,  0.79159035761E+03,  0.79159035765E+03,  0.45302319340E-01,  0.00000000000E+00
      50.,       8.,       6.,  0.34687500000E+01,  0.14687500000E+01,  0.18406934694E+02,  0.79238608808E+03,  0.79238612806E+03,  0.46854179353E-01,  0.00000000000E+00
      51.,       8.,       7.,  0.35000000000E+01,  0.15000000000E+01,  0.18689334339E+02,  0.79318666475E+03,  0.79318666478E+03,  0.48438777216E-01,  0.00000000000E+00
      52.,       9.,       1.,  0.35250000000E+01,  0.15250000000E+01,  0.18920522860E+02,  0.79385764234E+03,  0.79385763181E+03,  0.49730094150E-01,  0.00000000000E+00
      53.,       9.,       2.,  0.35500000000E+01,  0.15500000000E+01,  0.19154797658E+02,  0.79447993415E+03,  0.79447994066E+03,  0.51046268083E-01,  0.00000000000E+00
      54.,       9.,       3.,  0.35875000000E+01,  0.15875000000E+01,  0.19515518930E+02,  0.79545328522E+03,  0.79545329858E+03,  0.53060655482E-01,  0.00000000000E+00
      55.,       9.,       4.,  0.36375000000E+01,  0.16375000000E+01,  0.20012171350E+02,  0.79675652931E+03,  0.79675652208E+03,  0.55824993178E-01,  0.00000000000E+00
      56.,       9.,       5.,  0.36875000000E+01,  0.16875000000E+01,  0.20523329407E+02,  0.79808348958E+03,  0.79808349023E+03,  0.58672204614E-01,  0.00000000000E+00
      57.,       9.,       6.,  0.37187500000E+01,  0.17187500000E+01,  0.20848595488E+02,  0.79891971598E+03,  0.79891971600E+03,  0.60489972122E-01,  0.00000000000E+00
      58.,       9.,       7.,  0.37500000000E+01,  0.17500000000E+01,  0.21177163335E+02,  0.79976566362E+03,  0.79976564620E+03,  0.62331229448E-01,  0.00000000000E+00
      59.,      10.,       1.,  0.37750000000E+01,  0.17750000000E+01,  0.21443606302E+02,  0.80045066024E+03,  0.80045065404E+03,  0.63826347701E-01,  0.00000000000E+00
      60.,      10.,       2.,  0.38000000000E+01,  0.18000000000E+01,  0.21712798426E+02,  0.80115042603E+03,  0.80115041880E+03,  0.65340767615E-01,  0.00000000000E+00
      61.,      10.,       3.,  0.38375000000E+01,  0.18375000000E+01,  0.22122146958E+02,  0.80221335969E+03,  0.80221341684E+03,  0.67651679739E-01,  0.00000000000E+00
      62.,      10.,       4.,  0.38875000000E+01,  0.18875000000E+01,  0.22676438653E+02,  0.80367135344E+03,  0.80367135345E+03,  0.70802513510E-01,  0.00000000000E+00
      63.,      10.,       5.,  0.39375000000E+01,  0.19375000000E+01,  0.23241017713E+02,  0.80517890224E+03,  0.80517889431E+03,  0.74030028656E-01,  0.00000000000E+00
      64.,      10.,       6.,  0.39687500000E+01,  0.19687500000E+01,  0.23598737185E+02,  0.80612670108E+03,  0.80612670107E+03,  0.76087821275E-01,  0.00000000000E+00
      65.,      10.,       7.,  0.40000000000E+01,  0.20000000000E+01,  0.23960724221E+02,  0.80709467613E+03,  0.80709467613E+03,  0.78176748008E-01,  0.00000000000E+00
      66.,      11.,       1.,  0.40250000000E+01,  0.20250000000E+01,  0.24254811872E+02,  0.80792507981E+03,  0.80792508142E+03,  0.79868467525E-01,  0.00000000000E+00
      67.,      11.,       2.,  0.40500000000E+01,  0.20500000000E+01,  0.24547841751E+02,  0.80867994060E+03,  0.80867994052E+03,  0.81582361832E-01,  0.00000000000E+00
      68.,      11.,       3.,  0.40875000000E+01,  0.20875000000E+01,  0.24993093359E+02,  0.80990959584E+03,  0.80990964328E+03,  0.84187379107E-01,  0.00000000000E+00
      69.,      11.,       4.,  0.41375000000E+01,  0.21375000000E+01,  0.25595964992E+02,  0.81159684275E+03,  0.81159671896E+03,  0.87731532753E-01,  0.00000000000E+00
      70.,      11.,       5.,  0.41875000000E+01,  0.21875000000E+01,  0.26211271245E+02,  0.81335482711E+03,  0.81335482709E+03,  0.91357311234E-01,  0.00000000000E+00
      71.,      11.,       6.,  0.42187500000E+01,  0.22187500000E+01,  0.26601939655E+02,  0.81446758877E+03,  0.81446758872E+03,  0.93664495274E-01,  0.00000000000E+00
      72.,      11.,       7.,  0.42500000000E+01,  0.22500000000E+01,  0.26996940872E+02,  0.81560574879E+03,  0.81560574624E+03,  0.96001306549E-01,  0.00000000000E+00
      73.,      12.,       1.,  0.42750000000E+01,  0.22750000000E+01,  0.27317873635E+02,  0.81657762415E+03,  0.81657745755E+03,  0.97890777513E-01,  0.00000000000E+00
      74.,      12.,       2.,  0.43000000000E+01,  0.23000000000E+01,  0.27638528070E+02,  0.81745669016E+03,  0.81745671658E+03,  0.99805794656E-01,  0.00000000000E+00
      75.,      12.,       3.,  0.43375000000E+01,  0.23375000000E+01,  0.28127805179E+02,  0.81887911506E+03,  0.81887922459E+03,  0.10271325149E+00,  0.00000000000E+00
      76.,      12.,       4.,  0.43875000000E+01,  0.23875000000E+01,  0.28791455400E+02,  0.82083285707E+03,  0.82083285702E+03,  0.10666313581E+00,  0.00000000000E+00
      77.,      12.,       5.,  0.44375000000E+01,  0.24375000000E+01,  0.29468185579E+02,  0.82283684122E+03,  0.82283686329E+03,  0.11069732532E+00,  0.00000000000E+00
      78.,      12.,       6.,  0.44687500000E+01,  0.24687500000E+01,  0.29897860719E+02,  0.82410850533E+03,  0.82410850449E+03,  0.11326156557E+00,  0.00000000000E+00
      79.,      12.,       7.,  0.45000000000E+01,  0.25000000000E+01,  0.30333179602E+02,  0.82540745461E+03,  0.82540745454E+03,  0.11585871316E+00,  0.00000000000E+00
      80.,      13.,       1.,  0.45250000000E+01,  0.25250000000E+01,  0.30686115966E+02,  0.82646612969E+03,  0.82646613132E+03,  0.11796071753E+00,  0.00000000000E+00
      81.,      13.,       2.,  0.45500000000E+01,  0.25500000000E+01,  0.31042148765E+02,  0.82754644890E+03,  0.82754645743E+03,  0.12008414418E+00,  0.00000000000E+00
      82.,      13.,       3.,  0.45875000000E+01,  0.25875000000E+01,  0.31583034634E+02,  0.82919408771E+03,  0.82919404056E+03,  0.12330925278E+00,  0.00000000000E+00
      83.,      13.,       4.,  0.46375000000E+01,  0.26375000000E+01,  0.32317937965E+02,  0.83145198442E+03,  0.83145198125E+03,  0.12768560648E+00,  0.00000000000E+00
      84.,      13.,       5.,  0.46875000000E+01,  0.26875000000E+01,  0.33069177053E+02,  0.83376341587E+03,  0.83376341046E+03,  0.13215035200E+00,  0.00000000000E+00
      85.,      13.,       6.,  0.47187500000E+01,  0.27187500000E+01,  0.33547546215E+02,  0.83523044877E+03,  0.83523040085E+03,  0.13498630747E+00,  0.00000000000E+00
      86.,      13.,       7.,  0.47500000000E+01,  0.27500000000E+01,  0.34033202900E+02,  0.83673761881E+03,  0.83673780634E+03,  0.13785639964E+00,  0.00000000000E+00
      87.,      14.,       1.,  0.47750000000E+01,  0.27750000000E+01,  0.34427450755E+02,  0.83796578948E+03,  0.83796579175E+03,  0.14017872140E+00,  0.00000000000E+00
      88.,      14.,       2.,  0.48000000000E+01,  0.28000000000E+01,  0.34825532855E+02,  0.83921442135E+03,  0.83921442124E+03,  0.14252262190E+00,  0.00000000000E+00
      89.,      14.,       3.,  0.48375000000E+01,  0.28375000000E+01,  0.35431676854E+02,  0.84112023099E+03,  0.84112026722E+03,  0.14608028904E+00,  0.00000000000E+00
      90.,      14.,       4.,  0.48875000000E+01,  0.28875000000E+01,  0.36256781832E+02,  0.84373290340E+03,  0.84373290334E+03,  0.15090164542E+00,  0.00000000000E+00
      91.,      14.,       5.,  0.49375000000E+01,  0.29375000000E+01,  0.37101539894E+02,  0.84641144883E+03,  0.84641143196E+03,  0.15581234917E+00,  0.00000000000E+00
      92.,      14.,       6.,  0.49687500000E+01,  0.29687500000E+01,  0.37639732548E+02,  0.84812100584E+03,  0.84812113900E+03,  0.15892805159E+00,  0.00000000000E+00
      93.,      14.,       7.,  0.50000000000E+01,  0.30000000000E+01,  0.38186558415E+02,  0.84987789972E+03,  0.84987786353E+03,  0.16207876429E+00,  0.00000000000E+00
      94.,      15.,       1.,  0.50250000000E+01,  0.30250000000E+01,  0.38630755547E+02,  0.85130398378E+03,  0.85130401314E+03,  0.16462482139E+00,  0.00000000000E+00
      95.,      15.,       2.,  0.50500000000E+01,  0.30500000000E+01,  0.39078866441E+02,  0.85273506830E+03,  0.85273509235E+03,  0.16719239578E+00,  0.00000000000E+00
      96.,      15.,       3.,  0.50875000000E+01,  0.30875000000E+01,  0.39761671678E+02,  0.85492507043E+03,  0.85492502057E+03,  0.17108391970E+00,  0.00000000000E+00
      97.,      15.,       4.,  0.51375000000E+01,  0.31375000000E+01,  0.40692071389E+02,  0.85791598287E+03,  0.85791596515E+03,  0.17634867132E+00,  0.00000000000E+00
      98.,      15.,       5.,  0.51875000000E+01,  0.31875000000E+01,  0.41644833661E+02,  0.86101121213E+03,  0.86101120611E+03,  0.18170037121E+00,  0.00000000000E+00
      99.,      15.,       6.,  0.52187500000E+01,  0.32187500000E+01,  0.42252751313E+02,  0.86298893613E+03,  0.86298893712E+03,  0.18509123474E+00,  0.00000000000E+00
     100.,      15.,       7.,  0.52500000000E+01,  0.32500000000E+01,  0.42869980005E+02,  0.86499238171E+03,  0.86499230360E+03,  0.18851335347E+00,  0.00000000000E+00
     101.,      16.,       1.,  0.52750000000E+01,  0.32750000000E+01,  0.43373991623E+02,  0.86663690054E+03,  0.86663647318E+03,  0.19126761705E+00,  0.10631317273E-02
     102.,      16.,       2.,  0.53000000000E+01,  0.33000000000E+01,  0.43873989468E+02,  0.86825079622E+03,  0.86825080503E+03,  0.19408035651E+00,  0.30854882207E-02
     103.,      16.,       3.,  0.53250000000E+01,  0.33250000000E+01,  0.44389605680E+02,  0.86991226958E+03,  0.86991229383E+03,  0.19688741490E+00,  0.52678383945E-02
     104.,      16.,       4.,  0.53375000000E+01,  0.33375000000E+01,  0.44651102673E+02,  0.87076236510E+03,  0.87076246027E+03,  0.19829162955E+00,  0.72700546589E-02
     105.,      16.,       5.,  0.53500000000E+01,  0.33500000000E+01,  0.44911388317E+02,  0.87161376094E+03,  0.87161378034E+03,  0.19971442595E+00,  0.93039246276E-02
     106.,      16.,       6.,  0.53507812500E+01,  0.33507812500E+01,  0.44918883680E+02,  0.87163758805E+03,  0.87163760851E+03,  0.19983879477E+00,  0.94846258871E-02
     107.,      16.,       7.,  0.53515625000E+01,  0.33515625000E+01,  0.44935811073E+02,  0.87169317529E+03,  0.87169317538E+03,  0.19992429391E+00,  0.96054761671E-02
     108.,      16.,       8.,  0.53521484375E+01,  0.33521484375E+01,  0.44955390501E+02,  0.87175790522E+03,  0.87175790524E+03,  0.19995919988E+00,  0.96472951118E-02
     109.,      16.,       9.,  0.53527343750E+01,  0.33527343750E+01,  0.44963881349E+02,  0.87178265430E+03,  0.87178265436E+03,  0.20004423708E+00,  0.97711517010E-02
     110.,      16.,      10.,  0.53531738281E+01,  0.33531738281E+01,  0.44976417328E+02,  0.87182258370E+03,  0.87182258371E+03,  0.20008295029E+00,  0.98250769079E-02
     111.,      16.,      11.,  0.53536132813E+01,  0.33536132813E+01,  0.44978535902E+02,  0.87183256471E+03,  0.87183256465E+03,  0.20015879348E+00,  0.99408517126E-02
     112.,      16.,      12.,  0.53540527344E+01,  0.33540527344E+01,  0.44999115617E+02,  0.87190083170E+03,  0.87190083168E+03,  0.20016626269E+00,  0.99459108897E-02
     113.,      16.,      13.,  0.53543823242E+01,  0.33543823242E+01,  0.45003640041E+02,  0.87191215977E+03,  0.87191215985E+03,  0.20021444932E+00,  0.10011884384E-01
     114.,      16.,      14.,  0.53547119141E+01,  0.33547119141E+01,  0.45013471337E+02,  0.87193870109E+03,  0.87193868037E+03,  0.20024608821E+00,  0.10056111962E-01
     115.,      16.,      15.,  0.53549591064E+01,  0.33549591064E+01,  0.45016122303E+02,  0.87195286714E+03,  0.87195286354E+03,  0.20028170198E+00,  0.10108047398E-01
     116.,      16.,      16.,  0.53552062988E+01,  0.33552062988E+01,  0.45014869294E+02,  0.87195267091E+03,  0.87195267091E+03,  0.20032660291E+00,  0.10175427655E-01
     117.,      16.,      17.,  0.53555770874E+01,  0.33555770874E+01,  0.45032616896E+02,  0.87200701381E+03,  0.87200701397E+03,  0.20033373311E+00,  0.10183033766E-01
     118.,      16.,      18.,  0.53559478760E+01,  0.33559478760E+01,  0.45037393294E+02,  0.87201978625E+03,  0.87201978450E+03,  0.20039076731E+00,  0.10263110511E-01
     119.,      16.,      19.,  0.53565040588E+01,  0.33565040588E+01,  0.45044300290E+02,  0.87204864468E+03,  0.87204862769E+03,  0.20046670362E+00,  0.10373757686E-01
     120.,      16.,      20.,  0.53570602417E+01,  0.33570602417E+01,  0.45062218236E+02,  0.87210760886E+03,  0.87210762062E+03,  0.20050640777E+00,  0.10431791423E-01
     121.,      16.,      21.,  0.53574773788E+01,  0.33574773788E+01,  0.45068359387E+02,  0.87212278112E+03,  0.87212269302E+03,  0.20056807622E+00,  0.10516762501E-01
     122.,      16.,      22.,  0.53578945160E+01,  0.33578945160E+01,  0.45082919798E+02,  0.87217475480E+03,  0.87217476033E+03,  0.20059073716E+00,  0.10550941573E-01
     123.,      16.,      23.,  0.53585202217E+01,  0.33585202217E+01,  0.45094226285E+02,  0.87220507219E+03,  0.87220507222E+03,  0.20067495480E+00,  0.10667848866E-01
     124.,      16.,      24.,  0.53588330746E+01,  0.33588330746E+01,  0.45097402744E+02,  0.87221432966E+03,  0.87221429546E+03,  0.20072554424E+00,  0.10741317645E-01
     125.,      16.,      25.,  0.53591459274E+01,  0.33591459274E+01,  0.45097487098E+02,  0.87222009332E+03,  0.87222008218E+03,  0.20077684894E+00,  0.10817874689E-01
     126.,      16.,      26.,  0.53596152067E+01,  0.33596152067E+01,  0.45113128680E+02,  0.87227359082E+03,  0.87227363704E+03,  0.20080760121E+00,  0.10862227064E-01
     127.,      16.,      27.,  0.53600844860E+01,  0.33600844860E+01,  0.45123123247E+02,  0.87229997368E+03,  0.87229995983E+03,  0.20086789131E+00,  0.10944988811E-01
     128.,      16.,      28.,  0.53604364455E+01,  0.33604364455E+01,  0.45137704717E+02,  0.87234861914E+03,  0.87234860078E+03,  0.20087910816E+00,  0.10959205916E-01
     129.,      16.,      29.,  0.53607884049E+01,  0.33607884049E+01,  0.45131970422E+02,  0.87233925678E+03,  0.87233925611E+03,  0.20095779374E+00,  0.11075497838E-01
     130.,      16.,      30.,  0.53613163441E+01,  0.33613163441E+01,  0.45149092498E+02,  0.87238669387E+03,  0.87238669390E+03,  0.20100584626E+00,  0.11141849449E-01
     131.,      16.,      31.,  0.53615803137E+01,  0.33615803137E+01,  0.45154699191E+02,  0.87240446107E+03,  0.87240445426E+03,  0.20103726909E+00,  0.11187349213E-01
     132.,      16.,      32.,  0.53618442833E+01,  0.33618442833E+01,  0.45160733961E+02,  0.87242106217E+03,  0.87242106218E+03,  0.20106814802E+00,  0.11231608922E-01
     133.,      16.,      33.,  0.53622402377E+01,  0.33622402377E+01,  0.45159023726E+02,  0.87242229666E+03,  0.87242231230E+03,  0.20114561170E+00,  0.11350514134E-01
     134.,      16.,      34.,  0.53626361921E+01,  0.33626361921E+01,  0.45178185791E+02,  0.87248555457E+03,  0.87248564238E+03,  0.20115111768E+00,  0.11353320442E-01
     135.,      16.,      35.,  0.53629331579E+01,  0.33629331579E+01,  0.45181959850E+02,  0.87249588876E+03,  0.87249588878E+03,  0.20119405165E+00,  0.11412289226E-01
     136.,      16.,      36.,  0.53632301237E+01,  0.33632301237E+01,  0.45180104334E+02,  0.87249355340E+03,  0.87249355188E+03,  0.20125226676E+00,  0.11498488719E-01
     137.,      16.,      37.,  0.53636755724E+01,  0.33636755724E+01,  0.45199045781E+02,  0.87255373701E+03,  0.87255374400E+03,  0.20126977935E+00,  0.11521740351E-01
     138.,      16.,      38.,  0.53641210211E+01,  0.33641210211E+01,  0.45203398869E+02,  0.87256686870E+03,  0.87256685981E+03,  0.20134098828E+00,  0.11623106198E-01
     139.,      16.,      39.,  0.53644551077E+01,  0.33644551077E+01,  0.45212644380E+02,  0.87259220180E+03,  0.87259220182E+03,  0.20137397572E+00,  0.11670008069E-01
     140.,      16.,      40.,  0.53647891942E+01,  0.33647891942E+01,  0.45226853298E+02,  0.87264136320E+03,  0.87264136304E+03,  0.20138506591E+00,  0.11683429591E-01
     141.,      16.,      41.,  0.53651232807E+01,  0.33651232807E+01,  0.45223476908E+02,  0.87263721425E+03,  0.87263721415E+03,  0.20145471767E+00,  0.11785921641E-01
     142.,      16.,      42.,  0.53656244105E+01,  0.33656244105E+01,  0.45239425021E+02,  0.87267982898E+03,  0.87267982897E+03,  0.20149922371E+00,  0.11847247137E-01
     143.,      16.,      43.,  0.53661255403E+01,  0.33661255403E+01,  0.45249675763E+02,  0.87271872044E+03,  0.87271872043E+03,  0.20155848563E+00,  0.11932016816E-01
     144.,      16.,      44.,  0.53663761052E+01,  0.33663761052E+01,  0.45255816431E+02,  0.87273169159E+03,  0.87273168905E+03,  0.20158840716E+00,  0.11975212023E-01
     145.,      16.,      45.,  0.53666266701E+01,  0.33666266701E+01,  0.45261462054E+02,  0.87275055335E+03,  0.87275043030E+03,  0.20161478966E+00,  0.12012859806E-01
     146.,      16.,      46.,  0.53670025174E+01,  0.33670025174E+01,  0.45268574059E+02,  0.87277933232E+03,  0.87277931243E+03,  0.20165890455E+00,  0.12075627921E-01
     147.,      16.,      47.,  0.53673783648E+01,  0.33673783648E+01,  0.45267253246E+02,  0.87277588741E+03,  0.87277577108E+03,  0.20173406601E+00,  0.12191516114E-01
     148.,      16.,      48.,  0.53679421358E+01,  0.33679421358E+01,  0.45293697623E+02,  0.87286245820E+03,  0.87286245846E+03,  0.20174401999E+00,  0.12199382996E-01
     149.,      16.,      49.,  0.53683649640E+01,  0.33683649640E+01,  0.45285326388E+02,  0.87284686996E+03,  0.87284686992E+03,  0.20184017718E+00,  0.12339322828E-01
     150.,      16.,      50.,  0.53687877923E+01,  0.33687877923E+01,  0.45307125134E+02,  0.87290609833E+03,  0.87290609821E+03,  0.20185354725E+00,  0.12355565559E-01
     151.,      16.,      51.,  0.53694220347E+01,  0.33694220347E+01,  0.45312751052E+02,  0.87292534702E+03,  0.87292534718E+03,  0.20195565745E+00,  0.12502281461E-01
     152.,      16.,      52.,  0.53700562771E+01,  0.33700562771E+01,  0.45332067551E+02,  0.87298637639E+03,  0.87298616031E+03,  0.20200842619E+00,  0.12575632427E-01
     153.,      16.,      53.,  0.53705319589E+01,  0.33705319589E+01,  0.45337391400E+02,  0.87300575491E+03,  0.87300575459E+03,  0.20208098367E+00,  0.12687462382E-01
     154.,      16.,      54.,  0.53710076407E+01,  0.33710076407E+01,  0.45353909054E+02,  0.87305978112E+03,  0.87305979065E+03,  0.20210792497E+00,  0.12720245402E-01
     155.,      16.,      55.,  0.53717211633E+01,  0.33717211633E+01,  0.45370575742E+02,  0.87311401112E+03,  0.87311401109E+03,  0.20218654722E+00,  0.12834203197E-01
     156.,      16.,      56.,  0.53722563054E+01,  0.33722563054E+01,  0.45377708571E+02,  0.87313288236E+03,  0.87313286886E+03,  0.20226558298E+00,  0.12943937443E-01
     157.,      16.,      57.,  0.53727914474E+01,  0.33727914474E+01,  0.45396019191E+02,  0.87319663480E+03,  0.87319664226E+03,  0.20229718834E+00,  0.12989697978E-01
     158.,      16.,      58.,  0.53735941604E+01,  0.33735941604E+01,  0.45410107271E+02,  0.87324268946E+03,  0.87324272673E+03,  0.20240152627E+00,  0.13141434174E-01
     159.,      16.,      59.,  0.53739955169E+01,  0.33739955169E+01,  0.45416750333E+02,  0.87325895854E+03,  0.87325889607E+03,  0.20245815068E+00,  0.13218129054E-01
     160.,      16.,      60.,  0.53743968734E+01,  0.33743968734E+01,  0.45423362128E+02,  0.87328579878E+03,  0.87328581180E+03,  0.20250653103E+00,  0.13293843716E-01
     161.,      16.,      61.,  0.53747982299E+01,  0.33747982299E+01,  0.45424737887E+02,  0.87329302665E+03,  0.87329302783E+03,  0.20257656649E+00,  0.13391080312E-01
     162.,      16.,      62.,  0.53754002647E+01,  0.33754002647E+01,  0.45443771152E+02,  0.87335333754E+03,  0.87335334511E+03,  0.20262183622E+00,  0.13456309680E-01
     163.,      16.,      63.,  0.53757012821E+01,  0.33757012821E+01,  0.45452009192E+02,  0.87337271946E+03,  0.87337270785E+03,  0.20265796036E+00,  0.13504595030E-01
     164.,      16.,      64.,  0.53760022995E+01,  0.33760022995E+01,  0.45464470219E+02,  0.87341479638E+03,  0.87341478174E+03,  0.20266780257E+00,  0.13516500592E-01
     165.,      16.,      65.,  0.53764538255E+01,  0.33764538255E+01,  0.45475549446E+02,  0.87344525412E+03,  0.87344522850E+03,  0.20272048563E+00,  0.13591020368E-01
     166.,      16.,      66.,  0.53767924701E+01,  0.33767924701E+01,  0.45475767718E+02,  0.87345100135E+03,  0.87345100152E+03,  0.20278241858E+00,  0.13681610115E-01
     167.,      16.,      67.,  0.53771311146E+01,  0.33771311146E+01,  0.45477178392E+02,  0.87345572670E+03,  0.87345569365E+03,  0.20283755660E+00,  0.13762802351E-01
     168.,      16.,      68.,  0.53776390815E+01,  0.33776390815E+01,  0.45483911810E+02,  0.87348274498E+03,  0.87348275760E+03,  0.20291007310E+00,  0.13872803189E-01
     169.,      16.,      69.,  0.53781470483E+01,  0.33781470483E+01,  0.45506923453E+02,  0.87355816451E+03,  0.87355816447E+03,  0.20292304456E+00,  0.13885666616E-01
     170.,      16.,      70.,  0.53785280234E+01,  0.33785280234E+01,  0.45513506870E+02,  0.87357357480E+03,  0.87357357473E+03,  0.20297724754E+00,  0.13959868345E-01
     171.,      16.,      71.,  0.53789089986E+01,  0.33789089986E+01,  0.45528027225E+02,  0.87362578867E+03,  0.87362578862E+03,  0.20299163461E+00,  0.13981398195E-01
     172.,      16.,      72.,  0.53794804613E+01,  0.33794804613E+01,  0.45530816720E+02,  0.87363643947E+03,  0.87363644806E+03,  0.20309331641E+00,  0.14132899698E-01
     173.,      16.,      73.,  0.53799090583E+01,  0.33799090583E+01,  0.45537353968E+02,  0.87365792586E+03,  0.87365802587E+03,  0.20314767584E+00,  0.14208761044E-01
     174.,      16.,      74.,  0.53803376553E+01,  0.33803376553E+01,  0.45542221339E+02,  0.87367322219E+03,  0.87367321596E+03,  0.20321331173E+00,  0.14301688410E-01
     175.,      16.,      75.,  0.53809805508E+01,  0.33809805508E+01,  0.45553365329E+02,  0.87370896963E+03,  0.87370898415E+03,  0.20330024883E+00,  0.14431859832E-01
     176.,      16.,      76.,  0.53816234463E+01,  0.33816234463E+01,  0.45582117251E+02,  0.87380315155E+03,  0.87380315625E+03,  0.20331776142E+00,  0.14450021554E-01
     177.,      16.,      77.,  0.53821056180E+01,  0.33821056180E+01,  0.45581069957E+02,  0.87380478552E+03,  0.87380478563E+03,  0.20340770483E+00,  0.14578878880E-01
     178.,      16.,      78.,  0.53825877896E+01,  0.33825877896E+01,  0.45598522423E+02,  0.87385676353E+03,  0.87385689159E+03,  0.20344057307E+00,  0.14626873191E-01
     179.,      16.,      79.,  0.53829494184E+01,  0.33829494184E+01,  0.45605256048E+02,  0.87387465150E+03,  0.87387463917E+03,  0.20349137485E+00,  0.14696235768E-01
     180.,      16.,      80.,  0.53833110471E+01,  0.33833110471E+01,  0.45619803102E+02,  0.87392351409E+03,  0.87392350822E+03,  0.20350480080E+00,  0.14715867583E-01
     181.,      16.,      81.,  0.53836726758E+01,  0.33836726758E+01,  0.45615354665E+02,  0.87391728716E+03,  0.87391728746E+03,  0.20358271152E+00,  0.14828030486E-01
     182.,      16.,      82.,  0.53842151189E+01,  0.33842151189E+01,  0.45624058431E+02,  0.87394254006E+03,  0.87394250043E+03,  0.20365917310E+00,  0.14939275105E-01
     183.,      16.,      83.,  0.53847575620E+01,  0.33847575620E+01,  0.45643753281E+02,  0.87400415473E+03,  0.87400415478E+03,  0.20369390771E+00,  0.14989404939E-01
     184.,      16.,      84.,  0.53851643943E+01,  0.33851643943E+01,  0.45652276010E+02,  0.87402657738E+03,  0.87402656536E+03,  0.20374753699E+00,  0.15062608756E-01
     185.,      16.,      85.,  0.53855712267E+01,  0.33855712267E+01,  0.45660396798E+02,  0.87405822715E+03,  0.87405822717E+03,  0.20379191637E+00,  0.15131777618E-01
     186.,      16.,      86.,  0.53859780590E+01,  0.33859780590E+01,  0.45676843812E+02,  0.87411199840E+03,  0.87411198080E+03,  0.20380911231E+00,  0.15151654836E-01
     187.,      16.,      87.,  0.53865883075E+01,  0.33865883075E+01,  0.45680461100E+02,  0.87412440529E+03,  0.87412439314E+03,  0.20391260460E+00,  0.15298645012E-01
     188.,      16.,      88.,  0.53868934317E+01,  0.33868934317E+01,  0.45683534397E+02,  0.87413277720E+03,  0.87413276825E+03,  0.20396066085E+00,  0.15369843692E-01
     189.,      16.,      89.,  0.53871985560E+01,  0.33871985560E+01,  0.45694417590E+02,  0.87416546167E+03,  0.87416546170E+03,  0.20398218930E+00,  0.15398714691E-01
     190.,      16.,      90.,  0.53874273991E+01,  0.33874273991E+01,  0.45700149439E+02,  0.87418721973E+03,  0.87418721140E+03,  0.20400614291E+00,  0.15433701687E-01
     191.,      16.,      91.,  0.53876562423E+01,  0.33876562423E+01,  0.45705714027E+02,  0.87419892848E+03,  0.87419892415E+03,  0.20403524116E+00,  0.15474611893E-01
     192.,      16.,      92.,  0.53879995071E+01,  0.33879995071E+01,  0.45719215105E+02,  0.87424337317E+03,  0.87424336427E+03,  0.20404858515E+00,  0.15491582453E-01
     193.,      16.,      93.,  0.53885144043E+01,  0.33885144043E+01,  0.45724966276E+02,  0.87426865609E+03,  0.87426866687E+03,  0.20412476733E+00,  0.15607121401E-01
     194.,      16.,      94.,  0.53890293014E+01,  0.33890293014E+01,  0.45738608050E+02,  0.87431316735E+03,  0.87431317606E+03,  0.20417171717E+00,  0.15671464615E-01
     195.,      16.,      95.,  0.53894154743E+01,  0.33894154743E+01,  0.45732591337E+02,  0.87430285556E+03,  0.87430285561E+03,  0.20425878465E+00,  0.15797825530E-01
     196.,      16.,      96.,  0.53898016472E+01,  0.33898016472E+01,  0.45752228423E+02,  0.87435705932E+03,  0.87435705936E+03,  0.20427098870E+00,  0.15812993515E-01
     197.,      16.,      97.,  0.53900912768E+01,  0.33900912768E+01,  0.45749488175E+02,  0.87435317228E+03,  0.87435317173E+03,  0.20433265716E+00,  0.15903233085E-01
     198.,      16.,      98.,  0.53903809065E+01,  0.33903809065E+01,  0.45766788827E+02,  0.87440179344E+03,  0.87440179267E+03,  0.20433438569E+00,  0.15903504100E-01
     199.,      16.,      99.,  0.53908153509E+01,  0.33908153509E+01,  0.45768347488E+02,  0.87440976667E+03,  0.87440975895E+03,  0.20440885052E+00,  0.16010778956E-01
     200.,      16.,     100.,  0.53911411843E+01,  0.33911411843E+01,  0.45777690011E+02,  0.87443571804E+03,  0.87443571808E+03,  0.20444132015E+00,  0.16056095716E-01
     201.,      16.,     101.,  0.53914670177E+01,  0.33914670177E+01,  0.45791934583E+02,  0.87448176611E+03,  0.87448175852E+03,  0.20445248485E+00,  0.16069788486E-01
     202.,      16.,     102.,  0.53917928510E+01,  0.33917928510E+01,  0.45787610588E+02,  0.87447567219E+03,  0.87447567222E+03,  0.20452372357E+00,  0.16175088938E-01
     203.,      16.,     103.,  0.53922816011E+01,  0.33922816011E+01,  0.45803820975E+02,  0.87452060946E+03,  0.87452060949E+03,  0.20456539840E+00,  0.16232299153E-01
     204.,      16.,     104.,  0.53925259761E+01,  0.33925259761E+01,  0.45809254481E+02,  0.87453923016E+03,  0.87453923023E+03,  0.20459670946E+00,  0.16277895775E-01
     205.,      16.,     105.,  0.53927703511E+01,  0.33927703511E+01,  0.45804598056E+02,  0.87453140559E+03,  0.87453140620E+03,  0.20465199649E+00,  0.16361003742E-01
     206.,      16.,     106.,  0.53931369136E+01,  0.33931369136E+01,  0.45825882238E+02,  0.87459435958E+03,  0.87459420119E+03,  0.20465322584E+00,  0.16361003742E-01
     207.,      16.,     107.,  0.53935034762E+01,  0.33935034762E+01,  0.45821378251E+02,  0.87458702562E+03,  0.87458702553E+03,  0.20473209396E+00,  0.16477355734E-01
     208.,      16.,     108.,  0.53940533200E+01,  0.33940533200E+01,  0.45842054320E+02,  0.87464896286E+03,  0.87464896288E+03,  0.20476476848E+00,  0.16520834994E-01
     209.,      16.,     109.,  0.53943282418E+01,  0.33943282418E+01,  0.45845611602E+02,  0.87465938404E+03,  0.87465937581E+03,  0.20480859652E+00,  0.16582013108E-01
     210.,      16.,     110.,  0.53946031637E+01,  0.33946031637E+01,  0.45847482247E+02,  0.87466504025E+03,  0.87466504027E+03,  0.20485401899E+00,  0.16648738179E-01
     211.,      16.,     111.,  0.53950155466E+01,  0.33950155466E+01,  0.45866571719E+02,  0.87472506804E+03,  0.87472495468E+03,  0.20486361161E+00,  0.16658499837E-01
     212.,      16.,     112.,  0.53953248337E+01,  0.33953248337E+01,  0.45858205311E+02,  0.87471071039E+03,  0.87471071123E+03,  0.20494215563E+00,  0.16776169185E-01
     213.,      16.,     113.,  0.53956341209E+01,  0.33956341209E+01,  0.45878573705E+02,  0.87476724799E+03,  0.87476723194E+03,  0.20494327322E+00,  0.16776169185E-01
     214.,      16.,     114.,  0.53960980516E+01,  0.33960980516E+01,  0.45876876105E+02,  0.87476689629E+03,  0.87476691011E+03,  0.20503045619E+00,  0.16901695170E-01
     215.,      16.,     115.,  0.53964459996E+01,  0.33964459996E+01,  0.45896700690E+02,  0.87482285943E+03,  0.87482286017E+03,  0.20503388718E+00,  0.16903997399E-01
     216.,      16.,     116.,  0.53967939476E+01,  0.33967939476E+01,  0.45900113376E+02,  0.87483284538E+03,  0.87483284541E+03,  0.20509057865E+00,  0.16983562615E-01
     217.,      16.,     117.,  0.53973158696E+01,  0.33973158696E+01,  0.45916093765E+02,  0.87488983730E+03,  0.87488985189E+03,  0.20512852445E+00,  0.17041572835E-01
     218.,      16.,     118.,  0.53977073112E+01,  0.33977073112E+01,  0.45919851810E+02,  0.87489910842E+03,  0.87489910850E+03,  0.20519284904E+00,  0.17130119726E-01
     219.,      16.,     119.,  0.53980987527E+01,  0.33980987527E+01,  0.45932380685E+02,  0.87494301918E+03,  0.87494302609E+03,  0.20522040874E+00,  0.17172564752E-01
     220.,      16.,     120.,  0.53983923339E+01,  0.33983923339E+01,  0.45933530526E+02,  0.87494619879E+03,  0.87494619882E+03,  0.20527620241E+00,  0.17249847297E-01
     221.,      16.,     121.,  0.53986859150E+01,  0.33986859150E+01,  0.45934635169E+02,  0.87495127655E+03,  0.87495127658E+03,  0.20532391220E+00,  0.17320598941E-01
     222.,      16.,     122.,  0.53991262867E+01,  0.33991262867E+01,  0.45949856703E+02,  0.87499988265E+03,  0.87499989275E+03,  0.20535423234E+00,  0.17364944797E-01
     223.,      16.,     123.,  0.53995666584E+01,  0.33995666584E+01,  0.45957812138E+02,  0.87502246266E+03,  0.87502245248E+03,  0.20541514456E+00,  0.17450439744E-01
     224.,      16.,     124.,  0.54000070302E+01,  0.34000070302E+01,  0.45974759862E+02,  0.87508062384E+03,  0.87508068136E+03,  0.20543432608E+00,  0.17476810608E-01
     225.,      16.,     125.,  0.54006675877E+01,  0.34006675877E+01,  0.45976586655E+02,  0.87510209250E+03,  0.87510210344E+03,  0.20555258915E+00,  0.17647624947E-01
     226.,      16.,     126.,  0.54009978665E+01,  0.34009978665E+01,  0.45994247141E+02,  0.87520309507E+03,  0.87520309596E+03,  0.20555965975E+00,  0.17655105796E-01
     227.,      16.,     127.,  0.54013281453E+01,  0.34013281453E+01,  0.45997585106E+02,  0.87532828002E+03,  0.87532828003E+03,  0.20561389998E+00,  0.17733316869E-01
     228.,      16.,     128.,  0.54018235635E+01,  0.34018235635E+01,  0.46011777631E+02,  0.87525255110E+03,  0.87525255216E+03,  0.20565358549E+00,  0.17793425824E-01
     229.,      16.,     129.,  0.54021951271E+01,  0.34021951271E+01,  0.46015923188E+02,  0.87545259931E+03,  0.87545259862E+03,  0.20571348816E+00,  0.17875424121E-01
     230.,      16.,     130.,  0.54025666908E+01,  0.34025666908E+01,  0.46028277061E+02,  0.87534527540E+03,  0.87534528255E+03,  0.20573760942E+00,  0.17912632320E-01
     231.,      16.,     131.,  0.54028453635E+01,  0.34028453635E+01,  0.46028236717E+02,  0.87546758348E+03,  0.87546758385E+03,  0.20579279587E+00,  0.17989719752E-01
     232.,      16.,     132.,  0.54031240362E+01,  0.34031240362E+01,  0.46030800091E+02,  0.87546973255E+03,  0.87546972957E+03,  0.20583530515E+00,  0.18052225932E-01
     233.,      16.,     133.,  0.54035420453E+01,  0.34035420453E+01,  0.46042433042E+02,  0.87552754319E+03,  0.87552757292E+03,  0.20587693527E+00,  0.18110753503E-01
     234.,      16.,     134.,  0.54038555522E+01,  0.34038555522E+01,  0.46056646828E+02,  0.87560269655E+03,  0.87560265294E+03,  0.20588773489E+00,  0.18124228809E-01
     235.,      16.,     135.,  0.54041690590E+01,  0.34041690590E+01,  0.46052269642E+02,  0.87563556392E+03,  0.87563556435E+03,  0.20595698431E+00,  0.18226681277E-01
     236.,      16.,     136.,  0.54046393192E+01,  0.34046393192E+01,  0.46059407969E+02,  0.87563958952E+03,  0.87563972493E+03,  0.20602889732E+00,  0.18335782923E-01
     237.,      16.,     137.,  0.54051095794E+01,  0.34051095794E+01,  0.46081737743E+02,  0.87571030264E+03,  0.87571030301E+03,  0.20603840798E+00,  0.18343729898E-01
     238.,      16.,     138.,  0.54054622746E+01,  0.34054622746E+01,  0.46086677995E+02,  0.87591921413E+03,  0.87591921330E+03,  0.20609262586E+00,  0.18417984713E-01
     239.,      16.,     139.,  0.54058149698E+01,  0.34058149698E+01,  0.46098672787E+02,  0.87579687660E+03,  0.87579688258E+03,  0.20611280948E+00,  0.18449397292E-01
     240.,      16.,     140.,  0.54063440125E+01,  0.34063440125E+01,  0.46099379595E+02,  0.87592536202E+03,  0.87592535756E+03,  0.20620881766E+00,  0.18586956430E-01
     241.,      16.,     141.,  0.54068730553E+01,  0.34068730553E+01,  0.46106298714E+02,  0.87588128721E+03,  0.87588127499E+03,  0.20629356056E+00,  0.18714827951E-01
     242.,      16.,     142.,  0.54076666194E+01,  0.34076666194E+01,  0.46122503914E+02,  0.87601232570E+03,  0.87601234338E+03,  0.20639020577E+00,  0.18854440190E-01
     243.,      16.,     143.,  0.54082617925E+01,  0.34082617925E+01,  0.46149912173E+02,  0.87614958099E+03,  0.87614960117E+03,  0.20640427247E+00,  0.18867872655E-01
     244.,      16.,     144.,  0.54085593791E+01,  0.34085593791E+01,  0.46141509297E+02,  0.87613128851E+03,  0.87613128957E+03,  0.20647834614E+00,  0.18975565676E-01
     245.,      16.,     145.,  0.54088569656E+01,  0.34088569656E+01,  0.46161816610E+02,  0.87613003634E+03,  0.87613001510E+03,  0.20647934079E+00,  0.18975565676E-01
     246.,      16.,     146.,  0.54093033455E+01,  0.34093033455E+01,  0.46160208759E+02,  0.87627126978E+03,  0.87627127082E+03,  0.20656324923E+00,  0.19096377771E-01
     247.,      16.,     147.,  0.54096381303E+01,  0.34096381303E+01,  0.46179661927E+02,  0.87634514331E+03,  0.87634514484E+03,  0.20656593889E+00,  0.19097630400E-01
     248.,      16.,     148.,  0.54099729152E+01,  0.34099729152E+01,  0.46182927302E+02,  0.87649458694E+03,  0.87649458553E+03,  0.20661988482E+00,  0.19173603505E-01
     249.,      16.,     149.,  0.54103077001E+01,  0.34103077001E+01,  0.46193422824E+02,  0.87639878345E+03,  0.87639879018E+03,  0.20664316788E+00,  0.19210031256E-01
     250.,      16.,     150.,  0.54105587887E+01,  0.34105587887E+01,  0.46194714396E+02,  0.87652118059E+03,  0.87652118059E+03,  0.20668959245E+00,  0.19274235237E-01
     251.,      16.,     151.,  0.54108098774E+01,  0.34108098774E+01,  0.46195697500E+02,  0.87651210772E+03,  0.87651210181E+03,  0.20673105866E+00,  0.19335763995E-01
     252.,      16.,     152.,  0.54111865104E+01,  0.34111865104E+01,  0.46207686770E+02,  0.87661548950E+03,  0.87661551023E+03,  0.20676424727E+00,  0.19381002057E-01
     253.,      16.,     153.,  0.54114689851E+01,  0.34114689851E+01,  0.46215403986E+02,  0.87673671861E+03,  0.87673648973E+03,  0.20679438114E+00,  0.19423907623E-01
     254.,      16.,     154.,  0.54117514598E+01,  0.34117514598E+01,  0.46227161140E+02,  0.87669584048E+03,  0.87669584154E+03,  0.20680433884E+00,  0.19436680246E-01
     255.,      16.,     155.,  0.54121751719E+01,  0.34121751719E+01,  0.46232113874E+02,  0.87664843993E+03,  0.87664844099E+03,  0.20686658472E+00,  0.19531690516E-01
     256.,      16.,     156.,  0.54125988840E+01,  0.34125988840E+01,  0.46230929448E+02,  0.87676464831E+03,  0.87676464937E+03,  0.20694724843E+00,  0.19645850174E-01
     257.,      16.,     157.,  0.54132344522E+01,  0.34132344522E+01,  0.46249025342E+02,  0.87684305544E+03,  0.87684306970E+03,  0.20700982213E+00,  0.19738329574E-01
     258.,      16.,     158.,  0.54135522363E+01,  0.34135522363E+01,  0.46252775991E+02,  0.87690437315E+03,  0.87690437420E+03,  0.20706024393E+00,  0.19808526151E-01
     259.,      16.,     159.,  0.54138700204E+01,  0.34138700204E+01,  0.46269073628E+02,  0.87692487012E+03,  0.87692478091E+03,  0.20706354454E+00,  0.19810178317E-01
