stage,loadstep,substep,iterations,ux_mm,converged
        1.,        1.,        8.,       17.,  0.00000000000E+00,  1.
        2.,        2.,        1.,       19.,  0.00000000000E+00,  1.
        3.,        3.,        7.,       34.,  0.25000000000E+00,  1.
        4.,        4.,        7.,       50.,  0.50000000000E+00,  1.
        5.,        5.,        7.,       67.,  0.75000000000E+00,  1.
        6.,        6.,        7.,       82.,  0.10000000000E+01,  1.
        7.,        7.,        7.,       97.,  0.12500000000E+01,  1.
        8.,        8.,        7.,      113.,  0.15000000000E+01,  1.
        9.,        9.,        7.,      129.,  0.17500000000E+01,  1.
       10.,       10.,        7.,      146.,  0.20000000000E+01,  1.
       11.,       11.,        7.,      162.,  0.22500000000E+01,  1.
       12.,       12.,        7.,      179.,  0.25000000000E+01,  1.
       13.,       13.,        7.,      197.,  0.27500000000E+01,  1.
       14.,       14.,        7.,      215.,  0.30000000000E+01,  1.
       15.,       15.,        7.,      234.,  0.32500000000E+01,  1.
