object_id	geo_id	name	suppressed	material	stiffness	body_type	centroid_native	mass	volume	node_count	element_count	mesh_error
411	9634	COMP_C1|COMP_C1	False	ALUMINA	Flexible	GeoBodySolid	[58.02999877929107, 56.326999664301013, 0.72618001699440371]	6.3875004351141877E-07 [kg]	1.7500001192093665E-10 [m m m]	20	1	
414	9661	COMP_C2|COMP_C2	False	ALUMINA	Flexible	GeoBodySolid	[62.992000579827689, 74.041000366203534, 0.72618001699440371]	6.3875004351109457E-07 [kg]	1.7500001192084783E-10 [m m m]	20	1	
417	9688	COMP_C3|COMP_C3	False	EPOXYENCAPSULANT	Flexible	GeoBodySolid	[63.391000747674326, 90.049999237051551, 3.8011799454685224]	0.0010876323246116148 [kg]	6.04240180339786E-07 [m m m]	20	1	
420	9715	COMP_C4|COMP_C4	False	BARIUMTITANATE	Flexible	GeoBodySolid	[64.66100120543787, 82.430000305167539, 1.3511800169943413]	4.9316040617720911E-05 [kg]	8.1920333252028091E-09 [m m m]	20	1	
423	9742	COMP_C5|COMP_C5	False	ALUMINA	Flexible	GeoBodySolid	[63.373001098626474, 79.8830032348553, 0.72618001699440371]	6.3875004351136265E-07 [kg]	1.7500001192092127E-10 [m m m]	20	1	
426	9769	COMP_C6|COMP_C6	False	ALUMINA	Flexible	GeoBodySolid	[59.054000854486283, 75.547996520988534, 0.72618001699440371]	6.3875004351170634E-07 [kg]	1.7500001192101542E-10 [m m m]	20	1	
429	9796	COMP_C7|COMP_C7	False	BARIUMTITANATE	Flexible	GeoBodySolid	[61.213998794549546, 62.48399925231309, 1.3511800169943413]	4.9315923039568544E-05 [kg]	8.1920137939482632E-09 [m m m]	20	1	
432	9823	COMP_C8|COMP_C8	False	ALUMINA	Flexible	GeoBodySolid	[60.706001281732213, 74.1679992675707, 0.72618001699440371]	6.3875004351180036E-07 [kg]	1.7500001192104119E-10 [m m m]	20	1	
435	9850	COMP_C9|COMP_C9	False	ALUMINA	Flexible	GeoBodySolid	[2.078999996185095, 49.854999542231347, 0.72618001699440371]	6.3875004351138859E-07 [kg]	1.7500001192092838E-10 [m m m]	20	1	
438	9877	COMP_C10|COMP_C10	False	BARIUMTITANATE	Flexible	GeoBodySolid	[18.029999732969387, 44.350999832148887, 1.0011799931525183]	6.9350596576064243E-06 [kg]	1.152003265383127E-09 [m m m]	20	1	
441	9904	COMP_C11|COMP_C11	False	BARIUMTITANATE	Flexible	GeoBodySolid	[15.677000045774799, 48.430999755854536, 1.17618000507343]	1.8060011482238544E-05 [kg]	3.0000019073485954E-09 [m m m]	20	1	
444	9931	COMP_C12|COMP_C12	False	BARIUMTITANATE	Flexible	GeoBodySolid	[13.644999980925149, 48.430999755854536, 1.17618000507343]	1.8059997129440253E-05 [kg]	2.9999995231628325E-09 [m m m]	20	1	
447	9958	COMP_C13|COMP_C13	False	ALUMINA	Flexible	GeoBodySolid	[11.994000434874287, 48.685001373286148, 0.72618001699440371]	6.3875004351140808E-07 [kg]	1.7500001192093371E-10 [m m m]	20	1	
450	9985	COMP_C14|COMP_C14	False	ALUMINA	Flexible	GeoBodySolid	[17.729999542234555, 46.368000030512945, 0.72618001699440371]	6.3875004351138637E-07 [kg]	1.7500001192092776E-10 [m m m]	20	1	
453	10012	COMP_C15|COMP_C15	False	ALUMINA	Flexible	GeoBodySolid	[17.73500061034979, 47.444999694819479, 0.72618001699440371]	6.3875004351138214E-07 [kg]	1.750000119209266E-10 [m m m]	20	1	
456	10039	COMP_C16|COMP_C16	False	ALUMINA	Flexible	GeoBodySolid	[24.138000488278838, 47.291000366206205, 0.72618001699440371]	6.38750043511434E-07 [kg]	1.7500001192094081E-10 [m m m]	20	1	
459	10066	COMP_C17|COMP_C17	False	CALCIUM ZIRCONATE	Flexible	GeoBodySolid	[21.392000198362119, 43.22399902343318, 0.80118000507346732]	1.2749999999999486E-06 [kg]	2.4999999999998993E-10 [m m m]	20	1	
462	10093	COMP_C18|COMP_C18	False	BARIUMTITANATE	Flexible	GeoBodySolid	[22.534999847409857, 43.986000061030758, 0.80118000507346732]	1.5049999999999305E-06 [kg]	2.4999999999998849E-10 [m m m]	20	1	
465	10120	COMP_C19|COMP_C19	False	ALUMINA	Flexible	GeoBodySolid	[5.449999809264592, 34.993999481197676, 0.72618001699440371]	6.3875004351139992E-07 [kg]	1.7500001192093148E-10 [m m m]	20	1	
468	10147	COMP_C20|COMP_C20	False	ALUMINA	Flexible	GeoBodySolid	[22.756000518796551, 32.201999664303422, 0.72618001699440371]	6.387500435113562E-07 [kg]	1.7500001192091949E-10 [m m m]	20	1	
471	10174	COMP_C21|COMP_C21	False	EPOXYENCAPSULANT	Flexible	GeoBodySolid	[24.24900054931398, 18.954000473020567, 3.8011799454685224]	0.001087631954166406 [kg]	6.0423997453689218E-07 [m m m]	20	1	
474	10201	COMP_C22|COMP_C22	False	BARIUMTITANATE	Flexible	GeoBodySolid	[25.477000236508683, 36.555000305172129, 1.3511800169943413]	4.9315776066910562E-05 [kg]	8.1919893798854753E-09 [m m m]	20	1	
477	10228	COMP_C23|COMP_C23	False	BARIUMTITANATE	Flexible	GeoBodySolid	[27.506000518796078, 26.060000419614095, 1.3511800169943413]	4.9315864250491734E-05 [kg]	8.1920040283208868E-09 [m m m]	20	1	
480	10255	COMP_C24|COMP_C24	False	ALUMINA	Flexible	GeoBodySolid	[25.413999557492573, 34.838001251217221, 0.72618001699440371]	6.38750043511456E-07 [kg]	1.7500001192094686E-10 [m m m]	20	1	
483	10282	COMP_C25|COMP_C25	False	ALUMINA	Flexible	GeoBodySolid	[25.73299980163317, 28.95700073241898, 0.72618001699440371]	6.3875004351141019E-07 [kg]	1.750000119209343E-10 [m m m]	20	1	
486	10309	COMP_C26|COMP_C26	False	BARIUMTITANATE	Flexible	GeoBodySolid	[10.402999877928648, 35.941999435421209, 1.351180016994341]	4.9315864250491388E-05 [kg]	8.1920040283208289E-09 [m m m]	20	1	
489	10336	COMP_C27|COMP_C27	False	BARIUMTITANATE	Flexible	GeoBodySolid	[7.990000009535944, 35.941999435421209, 1.3511800169943413]	4.9315849553222074E-05 [kg]	8.1920015869139667E-09 [m m m]	20	1	
492	10363	COMP_C28|COMP_C28	False	ALUMINA	Flexible	GeoBodySolid	[24.079000473020052, 28.496999740597737, 0.72618001699440371]	6.3875004351137123E-07 [kg]	1.7500001192092362E-10 [m m m]	20	1	
495	10390	COMP_C29|COMP_C29	False	BARIUMTITANATE	Flexible	GeoBodySolid	[29.04700088500686, 33.339000701900964, 0.82617998123160685]	1.6554998564719369E-06 [kg]	2.7499997615812909E-10 [m m m]	20	1	
498	10417	COMP_C30|COMP_C30	False	ALUMINA	Flexible	GeoBodySolid	[13.383000373838994, 95.063003540029555, 0.72618001699440371]	6.3875004351134751E-07 [kg]	1.7500001192091711E-10 [m m m]	20	1	
501	10444	COMP_C31|COMP_C31	False	ALUMINA	Flexible	GeoBodySolid	[7.40500020980761, 78.359001159660139, 0.72618001699440371]	6.3875004351145117E-07 [kg]	1.7500001192094554E-10 [m m m]	20	1	
504	10471	COMP_C32|COMP_C32	False	EPOXYENCAPSULANT	Flexible	GeoBodySolid	[10.473999738692191, 66.294000625603729, 3.801179945468523]	0.0010876318152494525 [kg]	6.04239897360807E-07 [m m m]	20	1	
507	10498	COMP_C33|COMP_C33	False	BARIUMTITANATE	Flexible	GeoBodySolid	[5.5249999761575905, 72.049999237053342, 1.3511800169943413]	4.9315794438474733E-05 [kg]	8.1919924316403209E-09 [m m m]	20	1	
510	10525	COMP_C34|COMP_C34	False	ALUMINA	Flexible	GeoBodySolid	[6.698999881743715, 73.76699829100825, 0.72618001699440371]	6.3875004351143232E-07 [kg]	1.7500001192094037E-10 [m m m]	20	1	
513	10552	COMP_C35|COMP_C35	False	ALUMINA	Flexible	GeoBodySolid	[10.586000442503824, 77.236999511711019, 0.72618001699440371]	6.3875004351138637E-07 [kg]	1.7500001192092776E-10 [m m m]	20	1	
516	10579	COMP_C36|COMP_C36	False	BARIUMTITANATE	Flexible	GeoBodySolid	[6.349999904631933, 88.933002471914932, 1.351180016994341]	4.9315790764162224E-05 [kg]	8.191991821289406E-09 [m m m]	20	1	
519	10606	COMP_C37|COMP_C37	False	ALUMINA	Flexible	GeoBodySolid	[4.731999874114517, 77.245002746574315, 0.72618001699440371]	6.38750043511395E-07 [kg]	1.7500001192093016E-10 [m m m]	20	1	
522	10633	COMP_C38|COMP_C38	False	EPOXYENCAPSULANT	Flexible	GeoBodySolid	[47.060998916621273, 27.225000381467005, 3.8011799454685224]	0.0010876319541664053 [kg]	6.0423997453689186E-07 [m m m]	20	1	
525	10660	COMP_C39|COMP_C39	False	BARIUMTITANATE	Flexible	GeoBodySolid	[44.973999023433, 96.0250015258693, 0.82617998123160685]	1.6554998564722721E-06 [kg]	2.7499997615818471E-10 [m m m]	20	1	
528	10687	COMP_C40|COMP_C40	False	ALUMINA	Flexible	GeoBodySolid	[45.481998443598968, 97.549003601064456, 0.72618001699440371]	6.38750043511395E-07 [kg]	1.7500001192093016E-10 [m m m]	20	1	
531	10714	COMP_C41|COMP_C41	False	ALUMINA	Flexible	GeoBodySolid	[44.465999603267036, 97.549003601064456, 0.72618001699440371]	6.3875004351158521E-07 [kg]	1.7500001192098225E-10 [m m m]	20	1	
534	10741	COMP_C42|COMP_C42	False	ALUMINA	Flexible	GeoBodySolid	[49.234001159663045, 92.380996704092325, 0.72618001699440371]	6.3875004351128261E-07 [kg]	1.7500001192089935E-10 [m m m]	20	1	
537	10768	COMP_C43|COMP_C43	False	ALUMINA	Flexible	GeoBodySolid	[43.069000244136319, 98.056999206533163, 0.72618001699440371]	6.3875004351120913E-07 [kg]	1.7500001192087922E-10 [m m m]	20	1	
540	10795	COMP_C44|COMP_C44	False	ALUMINA	Flexible	GeoBodySolid	[42.092998504634458, 91.171997070303391, 0.72618001699440371]	6.3875004351146E-07 [kg]	1.7500001192094792E-10 [m m m]	20	1	
543	10822	COMP_C45|COMP_C45	False	ALUMINA	Flexible	GeoBodySolid	[41.164001464839636, 98.056999206533163, 0.72618001699440371]	6.3875004351142523E-07 [kg]	1.7500001192093844E-10 [m m m]	20	1	
546	10849	COMP_C46|COMP_C46	False	ALUMINA	Flexible	GeoBodySolid	[39.200000762935538, 98.056999206533163, 0.72618001699440371]	6.3875004351155493E-07 [kg]	1.7500001192097395E-10 [m m m]	20	1	
549	10876	COMP_C47|COMP_C47	False	ALUMINA	Flexible	GeoBodySolid	[37.294998168941589, 93.231002807607879, 0.72618001699440371]	6.3875004351146853E-07 [kg]	1.7500001192095028E-10 [m m m]	20	1	
552	10903	COMP_C48|COMP_C48	False	ALUMINA	Flexible	GeoBodySolid	[37.73500061034779, 94.75499725340849, 0.72618001699440371]	6.3875004351150739E-07 [kg]	1.7500001192096095E-10 [m m m]	20	1	
555	10930	COMP_C49|COMP_C49	False	ALUMINA	Flexible	GeoBodySolid	[37.5489997863732, 97.167999267568419, 0.72618001699440371]	6.3875004351151607E-07 [kg]	1.750000119209633E-10 [m m m]	20	1	
558	10957	COMP_C50|COMP_C50	False	ALUMINA	Flexible	GeoBodySolid	[36.719001770015865, 94.75499725340849, 0.72618001699440371]	6.3875004351143825E-07 [kg]	1.7500001192094198E-10 [m m m]	20	1	
561	10984	COMP_C51|COMP_C51	False	ALUMINA	Flexible	GeoBodySolid	[38.569999694820361, 67.183998107903449, 0.72618001699440371]	6.3875004351130643E-07 [kg]	1.7500001192090587E-10 [m m m]	20	1	
564	11011	COMP_C52|COMP_C52	False	ALUMINA	Flexible	GeoBodySolid	[39.238998413082015, 65.231002807610665, 0.72618001699440371]	6.3875004351136911E-07 [kg]	1.7500001192092306E-10 [m m m]	20	1	
567	11038	COMP_C53|COMP_C53	False	ALUMINA	Flexible	GeoBodySolid	[38.110000610347747, 65.193000793450508, 0.72618001699440371]	6.3875004351141877E-07 [kg]	1.7500001192093665E-10 [m m m]	20	1	
570	11065	COMP_C54|COMP_C54	False	ALUMINA	Flexible	GeoBodySolid	[33.70500183105132, 48.537998199458038, 0.72618001699440371]	6.38750043511434E-07 [kg]	1.7500001192094081E-10 [m m m]	20	1	
573	11092	COMP_C55|COMP_C55	False	ALUMINA	Flexible	GeoBodySolid	[50.263000488276219, 43.8149986267046, 0.72618001699440371]	6.3875004351150093E-07 [kg]	1.7500001192095917E-10 [m m m]	20	1	
576	11119	COMP_C56|COMP_C56	False	EPOXYENCAPSULANT	Flexible	GeoBodySolid	[62.327999114984, 46.355001449580328, 3.8011799454685224]	0.0010876314542884523 [kg]	6.042396968269179E-07 [m m m]	20	1	
579	11146	COMP_C57|COMP_C57	False	BARIUMTITANATE	Flexible	GeoBodySolid	[56.572000503534383, 41.619001388545648, 1.3511800169943413]	4.9315923039569194E-05 [kg]	8.1920137939483724E-09 [m m m]	20	1	
582	11173	COMP_C58|COMP_C58	False	ALUMINA	Flexible	GeoBodySolid	[54.708000183100005, 42.798999786372676, 0.72618001699440371]	6.38750043511402E-07 [kg]	1.7500001192093208E-10 [m m m]	20	1	
585	11200	COMP_C59|COMP_C59	False	ALUMINA	Flexible	GeoBodySolid	[51.659999847406944, 47.117000579829273, 0.72618001699440371]	6.3875004351137335E-07 [kg]	1.7500001192092422E-10 [m m m]	20	1	
588	11227	COMP_C60|COMP_C60	False	BARIUMTITANATE	Flexible	GeoBodySolid	[39.60499954223237, 41.989000320430371, 1.351180016994341]	4.931580546141285E-05 [kg]	8.1919942626931647E-09 [m m m]	20	1	
591	11254	COMP_C61|COMP_C61	False	ALUMINA	Flexible	GeoBodySolid	[51.53300094603977, 40.766998291011554, 0.72618001699440371]	6.3875004351133237E-07 [kg]	1.7500001192091297E-10 [m m m]	20	1	
594	11281	COMP_C62|COMP_C62	False	ALUMINA	Flexible	GeoBodySolid	[40.783000946040843, 88.151000976553689, 0.72618001699440371]	6.387500435114859E-07 [kg]	1.7500001192095503E-10 [m m m]	20	1	
597	11308	COMP_C63|COMP_C63	False	ALUMINA	Flexible	GeoBodySolid	[41.544998168941163, 85.54299926756957, 0.72618001699440371]	6.3875004351137123E-07 [kg]	1.7500001192092362E-10 [m m m]	20	1	
600	11335	COMP_C64|COMP_C64	False	ALUMINA	Flexible	GeoBodySolid	[40.402000427242051, 85.6110000610266, 0.72618001699440371]	6.3875004351108811E-07 [kg]	1.7500001192084605E-10 [m m m]	20	1	
603	11362	COMP_C65|COMP_C65	False	ALUMINA	Flexible	GeoBodySolid	[28.707000732419004, 107.47200012205957, 0.72618001699440371]	6.3875004351138214E-07 [kg]	1.750000119209266E-10 [m m m]	20	1	
606	11389	COMP_C66|COMP_C66	False	ALUMINA	Flexible	GeoBodySolid	[22.819999694821938, 90.414001464834712, 0.72618001699440371]	6.3875004351140808E-07 [kg]	1.7500001192093371E-10 [m m m]	20	1	
609	11416	COMP_C67|COMP_C67	False	BARIUMTITANATE	Flexible	GeoBodySolid	[18.69499969482235, 85.117000579825486, 1.351180016994341]	4.9315805461413663E-05 [kg]	8.1919942626933E-09 [m m m]	20	1	
612	11443	COMP_C68|COMP_C68	False	ALUMINA	Flexible	GeoBodySolid	[22.308000564572968, 84.7779998779212, 0.72618001699440371]	6.3875004351135185E-07 [kg]	1.750000119209183E-10 [m m m]	20	1	
615	11470	COMP_C69|COMP_C69	False	ALUMINA	Flexible	GeoBodySolid	[26.655000686642843, 88.470001220694286, 0.72618001699440371]	6.3875004351140808E-07 [kg]	1.7500001192093371E-10 [m m m]	20	1	
618	11497	COMP_C70|COMP_C70	False	BARIUMTITANATE	Flexible	GeoBodySolid	[24.66899967193357, 101.73800277708943, 1.3511800169943413]	4.9315776066911558E-05 [kg]	8.19198937988564E-09 [m m m]	20	1	
621	11524	COMP_C71|COMP_C71	False	ALUMINA	Flexible	GeoBodySolid	[25.360000610349026, 90.287002563467539, 0.72618001699440371]	6.3875004351137335E-07 [kg]	1.7500001192092422E-10 [m m m]	20	1	
624	11551	COMP_C72|COMP_C72	False	EPOXYENCAPSULANT	Flexible	GeoBodySolid	[18.524999618528419, 77.852001190177759, 3.8011799454685224]	0.001087632324611618 [kg]	6.0424018033978783E-07 [m m m]	20	1	
627	11578	COMP_C73|COMP_C73	False	ALUMINA	Flexible	GeoBodySolid	[49.946998596186404, 79.873001098624826, 0.72618001699440371]	6.3875004351145551E-07 [kg]	1.7500001192094673E-10 [m m m]	20	1	
630	11605	COMP_C74|COMP_C74	False	ALUMINA	Flexible	GeoBodySolid	[42.786998748775027, 85.504997253409414, 0.72618001699440371]	6.3875004351123073E-07 [kg]	1.7500001192088513E-10 [m m m]	20	1	
633	11632	COMP_D1|COMP_D1	False	ALUMINA	Flexible	GeoBodySolid	[8.509000301360233, 2.248000025748982, 0.77618002891532767]	2.1024009119988691E-06 [kg]	5.7600024986270389E-10 [m m m]	20	1	
636	11659	COMP_D2|COMP_D2	False	EPOXYENCAPSULANT	Flexible	GeoBodySolid	[18.432000160215441, 52.762998580927345, 1.1511800289152903]	7.0502403460691516E-05 [kg]	3.9168001922606405E-08 [m m m]	20	1	
639	11686	COMP_D3|COMP_D3	False	ALUMINA	Flexible	GeoBodySolid	[18.66899967193417, 2.248000025748982, 0.77618002891532767]	2.1024034182554604E-06 [kg]	5.7600093650834534E-10 [m m m]	20	1	
642	11713	COMP_D4|COMP_D4	False	ALUMINA	Flexible	GeoBodySolid	[16.128999710081395, 2.248000025748982, 0.77618002891532767]	2.1023984057422745E-06 [kg]	5.7599956321706151E-10 [m m m]	20	1	
645	11740	COMP_D5|COMP_D5	False	ALUMINA	Flexible	GeoBodySolid	[13.589000225065782, 2.248000025748982, 0.77618002891532767]	2.1024009119988678E-06 [kg]	5.7600024986270348E-10 [m m m]	20	1	
648	11767	COMP_D6|COMP_D6	False	EPOXYENCAPSULANT	Flexible	GeoBodySolid	[46.595001220698471, 21.071000099180026, 1.7511799931524434]	5.83199747014049E-05 [kg]	3.2399985945224948E-08 [m m m]	20	1	
651	11794	COMP_D7|COMP_D7	False	EPOXYENCAPSULANT	Flexible	GeoBodySolid	[53.593000411981947, 83.526000976554158, 1.7761799693105829]	8.4142899489812E-05 [kg]	4.674605527211778E-08 [m m m]	20	1	
654	11821	COMP_D8|COMP_D8	False	EPOXYENCAPSULANT	Flexible	GeoBodySolid	[50.054000854487185, 97.803001403798817, 1.7761799693105829]	8.4142810328843463E-05 [kg]	4.6746005738246367E-08 [m m m]	20	1	
657	11848	COMP_D9|COMP_D9	False	ALUMINA	Flexible	GeoBodySolid	[11.049000263213006, 2.248000025748982, 0.77618002891532767]	2.1024009119988645E-06 [kg]	5.7600024986270265E-10 [m m m]	20	1	
660	11875	COMP_D10|COMP_D10	False	ALUMINA	Flexible	GeoBodySolid	[21.208999633786942, 2.248000025748982, 0.77618002891532767]	2.1023984057422766E-06 [kg]	5.75999563217062E-10 [m m m]	20	1	
663	11902	COMP_IC1|COMP_IC1	False	PM0002	Flexible	GeoBodySolid	[60.70599937438358, 54.991001129144891, 1.1011800169943662]	1.39171749312465E-05 [kg]	5.4339903826749894E-09 [m m m]	20	1	
666	11929	COMP_IC2|COMP_IC2	False	EPOXYENCAPSULANT	Flexible	GeoBodySolid	[62.3339977264342, 76.830997467033342, 1.0511800050734423]	2.0807995330803887E-05 [kg]	1.155999740600216E-08 [m m m]	20	1	
669	11956	COMP_IC3|COMP_IC3	False	PM0002	Flexible	GeoBodySolid	[4.754999995231153, 48.684999465937516, 1.1011800169943662]	1.3917211067835599E-05 [kg]	5.4340044922826214E-09 [m m m]	20	1	
672	11983	COMP_IC4|COMP_IC4	False	EPOXYENCAPSULANT	Flexible	GeoBodySolid	[21.01099967956333, 47.161001205439625, 0.95117998123159442]	2.0793590410996798E-05 [kg]	1.1551994672776E-08 [m m m]	20	1	
675	12010	COMP_IC5|COMP_IC5	False	PM0002	Flexible	GeoBodySolid	[4.180000066756785, 32.258999824520707, 1.1011800169943662]	1.3917196559461935E-05 [kg]	5.4339988274574429E-09 [m m m]	20	1	
678	12037	COMP_IC7|COMP_IC7	False	PM0002	Flexible	GeoBodySolid	[10.706999778746487, 96.393001556386849, 1.1011800169943662]	1.3917188902265814E-05 [kg]	5.4339958376890258E-09 [m m m]	20	1	
681	12064	COMP_IC8|COMP_IC8	False	EPOXYENCAPSULANT	Flexible	GeoBodySolid	[7.659000158309171, 76.182003021232617, 1.0511800050734423]	1.4688009750366473E-05 [kg]	8.1600054168702626E-09 [m m m]	20	1	
684	12091	COMP_IC9|COMP_IC9	False	EPOXYENCAPSULANT	Flexible	GeoBodySolid	[41.0369987487752, 94.247001647939783, 0.95117998123159442]	3.2489998063445089E-05 [kg]	1.8049998924136162E-08 [m m m]	20	1	
687	12118	COMP_IC10|COMP_IC10	False	EPOXYENCAPSULANT	Flexible	GeoBodySolid	[34.79400062560687, 66.37400054930977, 0.85118001699439128]	2.4883212854001906E-05 [kg]	1.3824007141112171E-08 [m m m]	20	1	
690	12145	COMP_IC11|COMP_IC11	False	PM0002	Flexible	GeoBodySolid	[32.4130010604826, 45.862998962397761, 1.1011800169943662]	1.3917213082889943E-05 [kg]	5.4340052790648512E-09 [m m m]	20	1	
693	12172	COMP_IC12|COMP_IC12	False	EPOXYENCAPSULANT	Flexible	GeoBodySolid	[52.291999816889309, 43.809999465938006, 1.0511800050734423]	1.4687999450677306E-05 [kg]	8.1599996948207276E-09 [m m m]	20	1	
696	12199	COMP_IC13|COMP_IC13	False	EPOXYENCAPSULANT	Flexible	GeoBodySolid	[36.90500068664182, 87.7779998779209, 0.85118001699439128]	2.4883212854001838E-05 [kg]	1.3824007141112135E-08 [m m m]	20	1	
699	12226	COMP_IC14|COMP_IC14	False	PM0002	Flexible	GeoBodySolid	[26.032000541684408, 108.85300064085826, 1.1011800169943662]	1.3917188902266444E-05 [kg]	5.4339958376892715E-09 [m m m]	20	1	
702	12253	COMP_IC15|COMP_IC15	False	EPOXYENCAPSULANT	Flexible	GeoBodySolid	[23.388999938962506, 87.704998016348654, 1.0511800050734423]	2.0808018676762141E-05 [kg]	1.1560010375978968E-08 [m m m]	20	1	
705	12280	COMP_J1|COMP_J1	False	CUIVRE	Flexible	GeoBodySolid	[29.837998867031928, 118.14300155638468, 0.82617998123160685]	0.0020087973245463439 [kg]	2.25707564555769E-07 [m m m]	68	5	
708	12307	COMP_J2|COMP_J2	False	CUIVRE	Flexible	GeoBodySolid	[33.336998939510828, 2.8899997472760175, 3.5861800312992322]	0.0083087905016402067 [kg]	9.3357196647642787E-07 [m m m]	32	2	
711	12334	COMP_J3|COMP_J3	False	EPOXYENCAPSULANT	Flexible	GeoBodySolid	[54.184999465936968, 1.0015001296996069, 4.751180231570722]	0.0042338574303416275 [kg]	2.35214301685646E-06 [m m m]	51	4	
714	12361	COMP_J4|COMP_J4	False	CUIVRE	Flexible	GeoBodySolid	[56.642000198358595, 117.34799957274218, 3.90118008851966]	0.0056293672216489289 [kg]	6.3251317097178989E-07 [m m m]	32	2	
717	12388	COMP_J5|COMP_J5	False	CUIVRE	Flexible	GeoBodySolid	[35.810000419613118, 74.2480010986254, 3.6761799454685353]	0.0033923136070373315 [kg]	3.8115883225138562E-07 [m m m]	20	1	
720	12415	COMP_J6|COMP_J6	False	CUIVRE	Flexible	GeoBodySolid	[45.215000152583372, 76.19999694823457, 3.676179945468535]	0.0033923128792168761 [kg]	3.8115875047380633E-07 [m m m]	20	1	
723	12442	COMP_L1|COMP_L1	False	FERRITE	Flexible	GeoBodySolid	[62.484001159661723, 68.579998016350572, 3.2511799931522933]	0.0028386555575451982 [kg]	3.6069320934500618E-07 [m m m]	20	1	
726	12469	COMP_L2|COMP_L2	False	FERRITE	Flexible	GeoBodySolid	[27.168000221249724, 52.815999984735932, 2.0511799454686974]	0.0013089387424721362 [kg]	1.6632004351615455E-07 [m m m]	20	1	
729	12496	COMP_L3|COMP_L3	False	EPOXYENCAPSULANT	Flexible	GeoBodySolid	[16.89099979400466, 33.020000457760368, 0.75117999315254336]	4.8988808286094427E-05 [kg]	2.7216004603385798E-08 [m m m]	20	1	
732	12523	COMP_L4|COMP_L4	False	FERRITE	Flexible	GeoBodySolid	[7.668000221251675, 83.326000213614719, 2.0511799454686974]	0.0013089386614136714 [kg]	1.663200332164767E-07 [m m m]	20	1	
735	12550	COMP_L5|COMP_L5	False	FERRITE	Flexible	GeoBodySolid	[45.211999893183958, 44.06900024413622, 2.0511799454686974]	0.0013089376887117522 [kg]	1.6631990962029889E-07 [m m m]	20	1	
738	12577	COMP_L6|COMP_L6	False	FERRITE	Flexible	GeoBodySolid	[23.241000175473751, 95.75600051878925, 3.2511799931522933]	0.0028386548158597889 [kg]	3.6069311510289572E-07 [m m m]	20	1	
741	12604	COMP_Q1|COMP_Q1	False	EPOXYENCAPSULANT	Flexible	GeoBodySolid	[11.927000045775175, 52.970998764032785, 0.97618001699437873]	1.6661692763186214E-05 [kg]	9.2564959795479E-09 [m m m]	20	1	
744	12631	COMP_Q2|COMP_Q2	False	PM0001	Flexible	GeoBodySolid	[12.049999713896502, 58.611999511712895, 1.0511800050734423]	9.2185869217886754E-06 [kg]	3.7700025367739916E-09 [m m m]	20	1	
747	12658	COMP_Q3|COMP_Q3	False	EPOXYENCAPSULANT	Flexible	GeoBodySolid	[46.862499237055864, 13.800500392912438, 1.1846799850462684]	7.4858411325350564E-05 [kg]	4.1588006291861431E-08 [m m m]	20	1	
750	12685	COMP_Q4|COMP_Q4	False	EPOXYENCAPSULANT	Flexible	GeoBodySolid	[46.11699867248074, 89.317001342764513, 0.82617998123160685]	2.0938501583575857E-05 [kg]	1.1632500879764365E-08 [m m m]	20	1	
753	12712	COMP_R1|COMP_R1	False	ALUMINA	Flexible	GeoBodySolid	[61.340999603265352, 59.055000305169877, 0.87617999315253081]	4.8588763464345342E-05 [kg]	1.3311989990231601E-08 [m m m]	20	1	
756	12739	COMP_R2|COMP_R2	False	ALUMINA	Flexible	GeoBodySolid	[8.508999824523075, 4.754000186919691, 0.72618001699440371]	6.3875004351139283E-07 [kg]	1.7500001192092954E-10 [m m m]	20	1	
759	12766	COMP_R3|COMP_R3	False	ALUMINA	Flexible	GeoBodySolid	[61.340999603265352, 79.8830032348553, 0.72618001699440371]	6.3875004351102119E-07 [kg]	1.7500001192082772E-10 [m m m]	20	1	
762	12793	COMP_R4|COMP_R4	False	ALUMINA	Flexible	GeoBodySolid	[59.061000823968705, 76.58999633788298, 0.72618001699440371]	6.3875004351127837E-07 [kg]	1.7500001192089819E-10 [m m m]	20	1	
765	12820	COMP_R5|COMP_R5	False	ALUMINA	Flexible	GeoBodySolid	[59.011001586908165, 77.597000122062553, 0.72618001699440371]	6.3875004351119187E-07 [kg]	1.7500001192087448E-10 [m m m]	20	1	
768	12847	COMP_R6|COMP_R6	False	ALUMINA	Flexible	GeoBodySolid	[5.4230000972742385, 53.003999710077707, 0.87617999315253081]	4.8588810526275386E-05 [kg]	1.3312002883911064E-08 [m m m]	20	1	
771	12874	COMP_R7|COMP_R7	False	ALUMINA	Flexible	GeoBodySolid	[14.409000396727075, 56.431999206537334, 0.72618001699440371]	6.3875004351138637E-07 [kg]	1.7500001192092776E-10 [m m m]	20	1	
774	12901	COMP_R8|COMP_R8	False	ALUMINA	Flexible	GeoBodySolid	[18.669000625608483, 4.754000186919691, 0.72618001699440371]	6.3875004351139548E-07 [kg]	1.7500001192093027E-10 [m m m]	20	1	
777	12928	COMP_R9|COMP_R9	False	ALUMINA	Flexible	GeoBodySolid	[24.649999618527811, 45.76200103759308, 0.72618001699440371]	6.3875004351131342E-07 [kg]	1.7500001192090778E-10 [m m m]	20	1	
780	12955	COMP_R10|COMP_R10	False	ALUMINA	Flexible	GeoBodySolid	[12.501999855040253, 56.431999206537334, 0.72618001699440371]	6.3875004351137779E-07 [kg]	1.7500001192092541E-10 [m m m]	20	1	
783	12982	COMP_R11|COMP_R11	False	ALUMINA	Flexible	GeoBodySolid	[23.642999649045489, 45.776000976557924, 0.72618001699440371]	6.3875004351149331E-07 [kg]	1.7500001192095707E-10 [m m m]	20	1	
786	13009	COMP_R12|COMP_R12	False	ALUMINA	Flexible	GeoBodySolid	[14.281000137327673, 59.233001708978449, 0.72618001699440371]	6.3875004351141877E-07 [kg]	1.7500001192093665E-10 [m m m]	20	1	
789	13036	COMP_R13|COMP_R13	False	ALUMINA	Flexible	GeoBodySolid	[19.46400070190235, 44.077999114985829, 0.72618001699440371]	6.3875004351140808E-07 [kg]	1.7500001192093371E-10 [m m m]	20	1	
792	13063	COMP_R14|COMP_R14	False	ALUMINA	Flexible	GeoBodySolid	[22.534999847409857, 42.033000946040723, 0.72618001699440371]	6.3875004351136159E-07 [kg]	1.7500001192092096E-10 [m m m]	20	1	
795	13090	COMP_R15|COMP_R15	False	ALUMINA	Flexible	GeoBodySolid	[8.963999986647663, 29.286000251767092, 0.87617999315253081]	4.85887996658322E-05 [kg]	1.3311999908447179E-08 [m m m]	20	1	
798	13117	COMP_R16|COMP_R16	False	ALUMINA	Flexible	GeoBodySolid	[30.009000778195244, 32.20800018310225, 0.72618001699440371]	6.3875004351140373E-07 [kg]	1.7500001192093252E-10 [m m m]	20	1	
801	13144	COMP_R17|COMP_R17	False	ALUMINA	Flexible	GeoBodySolid	[16.128999710081395, 4.754000186919691, 0.72618001699440371]	6.3875004351139018E-07 [kg]	1.7500001192092882E-10 [m m m]	20	1	
804	13171	COMP_R18|COMP_R18	False	ALUMINA	Flexible	GeoBodySolid	[28.552000045773514, 31.645999908444104, 0.72618001699440371]	6.38750043511394E-07 [kg]	1.7500001192092985E-10 [m m m]	20	1	
807	13198	COMP_R19|COMP_R19	False	ALUMINA	Flexible	GeoBodySolid	[29.025999069210965, 30.129999160763589, 0.72618001699440371]	6.3875004351144587E-07 [kg]	1.7500001192094407E-10 [m m m]	20	1	
810	13225	COMP_R20|COMP_R20	False	ALUMINA	Flexible	GeoBodySolid	[29.025999069210965, 29.122999191281266, 0.72618001699440371]	6.3875004351140257E-07 [kg]	1.7500001192093221E-10 [m m m]	20	1	
813	13252	COMP_R21|COMP_R21	False	ALUMINA	Flexible	GeoBodySolid	[10.17100024223226, 92.041000366201729, 0.87617999315253081]	4.8588752603913241E-05 [kg]	1.331198701477075E-08 [m m m]	20	1	
816	13279	COMP_R22|COMP_R22	False	ALUMINA	Flexible	GeoBodySolid	[4.218999981879766, 75.318000793449514, 0.72618001699440371]	6.387497389316503E-07 [kg]	1.7499992847442474E-10 [m m m]	20	1	
819	13306	COMP_R23|COMP_R23	False	ALUMINA	Flexible	GeoBodySolid	[13.588999748228622, 4.754000186919691, 0.72618001699440371]	6.3875004351138828E-07 [kg]	1.750000119209283E-10 [m m m]	20	1	
822	13333	COMP_R24|COMP_R24	False	ALUMINA	Flexible	GeoBodySolid	[10.574000358580484, 76.191001892082227, 0.72618001699440371]	6.3875004351136477E-07 [kg]	1.7500001192092187E-10 [m m m]	20	1	
825	13360	COMP_R25|COMP_R25	False	ALUMINA	Flexible	GeoBodySolid	[5.227000236510707, 75.269996643058874, 0.72618001699440371]	6.3875004351141019E-07 [kg]	1.750000119209343E-10 [m m m]	20	1	
828	13387	COMP_R26|COMP_R26	False	ALUMINA	Flexible	GeoBodySolid	[10.623999595641028, 75.183998107902639, 0.72618001699440371]	6.3875004351142311E-07 [kg]	1.7500001192093784E-10 [m m m]	20	1	
831	13414	COMP_R27|COMP_R27	False	ALUMINA	Flexible	GeoBodySolid	[45.592998504634117, 18.715999603269616, 0.72618001699440371]	6.3875004351139018E-07 [kg]	1.7500001192092882E-10 [m m m]	20	1	
834	13441	COMP_R28|COMP_R28	False	ALUMINA	Flexible	GeoBodySolid	[43.686000823970247, 18.715999603269616, 0.72618001699440371]	6.3875004351140585E-07 [kg]	1.7500001192093311E-10 [m m m]	20	1	
837	13468	COMP_R29|COMP_R29	False	ALUMINA	Flexible	GeoBodySolid	[44.973999023433, 94.500999450674144, 0.72618001699440371]	6.3875004351149447E-07 [kg]	1.7500001192095738E-10 [m m m]	20	1	
840	13495	COMP_R30|COMP_R30	False	ALUMINA	Flexible	GeoBodySolid	[44.973999023433, 93.6119995117094, 0.72618001699440371]	6.3875004351121781E-07 [kg]	1.7500001192088159E-10 [m m m]	20	1	
843	13522	COMP_R31|COMP_R31	False	ALUMINA	Flexible	GeoBodySolid	[52.74800109862754, 89.039001464834854, 0.9061800241469431]	5.3073884890123509E-05 [kg]	1.4540790380855755E-08 [m m m]	20	1	
846	13549	COMP_R32|COMP_R32	False	ALUMINA	Flexible	GeoBodySolid	[46.879001617426951, 97.041000366201231, 0.72618001699440371]	6.3875004351146853E-07 [kg]	1.7500001192095028E-10 [m m m]	20	1	
849	13576	COMP_R33|COMP_R33	False	ALUMINA	Flexible	GeoBodySolid	[44.675998687739671, 92.596000671377467, 0.72618001699440371]	6.3875004351139929E-07 [kg]	1.7500001192093133E-10 [m m m]	20	1	
852	13603	COMP_R34|COMP_R34	False	ALUMINA	Flexible	GeoBodySolid	[43.703998565669458, 99.498001098622851, 0.72618001699440371]	6.3875004351137335E-07 [kg]	1.7500001192092422E-10 [m m m]	20	1	
855	13630	COMP_R35|COMP_R35	False	ALUMINA	Flexible	GeoBodySolid	[41.6720008850056, 99.454002380361146, 0.72618001699440371]	6.3875004351138637E-07 [kg]	1.7500001192092776E-10 [m m m]	20	1	
858	13657	COMP_R36|COMP_R36	False	ALUMINA	Flexible	GeoBodySolid	[39.639999389644473, 99.454002380361146, 0.72618001699440371]	6.3875004351121781E-07 [kg]	1.7500001192088159E-10 [m m m]	20	1	
861	13684	COMP_R37|COMP_R37	False	ALUMINA	Flexible	GeoBodySolid	[41.164001464839636, 90.182998657217539, 0.72618001699440371]	6.3875004351142968E-07 [kg]	1.7500001192093963E-10 [m m m]	20	1	
864	13711	COMP_R38|COMP_R38	False	ALUMINA	Flexible	GeoBodySolid	[37.48099899291617, 96.278999328603661, 0.72618001699440371]	6.3875004351146E-07 [kg]	1.7500001192094792E-10 [m m m]	20	1	
867	13738	COMP_R39|COMP_R39	False	ALUMINA	Flexible	GeoBodySolid	[35.1949996948207, 95.136001586904555, 0.72618001699440371]	6.3875004351180565E-07 [kg]	1.7500001192104266E-10 [m m m]	20	1	
870	13765	COMP_R40|COMP_R40	False	ALUMINA	Flexible	GeoBodySolid	[35.1949996948207, 94.247001647939783, 0.72618001699440371]	6.3875004351159389E-07 [kg]	1.750000119209846E-10 [m m m]	20	1	
873	13792	COMP_R41|COMP_R41	False	ALUMINA	Flexible	GeoBodySolid	[31.258001327511522, 92.85000228880908, 0.87617999315253081]	4.8588821386720504E-05 [kg]	1.3312005859375482E-08 [m m m]	20	1	
876	13819	COMP_R42|COMP_R42	False	ALUMINA	Flexible	GeoBodySolid	[34.921001434322683, 62.68799972533553, 0.72618001699440371]	6.38750043511449E-07 [kg]	1.7500001192094495E-10 [m m m]	20	1	
879	13846	COMP_R43|COMP_R43	False	ALUMINA	Flexible	GeoBodySolid	[37.194000244136909, 62.791999816888257, 0.72618001699440371]	6.3875004351138637E-07 [kg]	1.7500001192092776E-10 [m m m]	20	1	
882	13873	COMP_R44|COMP_R44	False	ALUMINA	Flexible	GeoBodySolid	[33.07799911498693, 69.567001342766488, 0.72618001699440371]	6.3875004351151607E-07 [kg]	1.750000119209633E-10 [m m m]	20	1	
885	13900	COMP_R45|COMP_R45	False	ALUMINA	Flexible	GeoBodySolid	[34.985000610348067, 69.567001342766488, 0.72618001699440371]	6.3875004351133025E-07 [kg]	1.7500001192091241E-10 [m m m]	20	1	
888	13927	COMP_R46|COMP_R46	False	ALUMINA	Flexible	GeoBodySolid	[36.420000076290307, 45.847000122065729, 0.87617999315253081]	4.8588821386720748E-05 [kg]	1.3312005859375546E-08 [m m m]	20	1	
891	13954	COMP_R47|COMP_R47	False	ALUMINA	Flexible	GeoBodySolid	[11.048999786375848, 4.754000186919691, 0.72618001699440371]	6.38750043511391E-07 [kg]	1.7500001192092905E-10 [m m m]	20	1	
894	13981	COMP_R48|COMP_R48	False	ALUMINA	Flexible	GeoBodySolid	[52.701999664301376, 47.117000579829273, 0.72618001699440371]	6.3875004351134E-07 [kg]	1.7500001192091507E-10 [m m m]	20	1	
897	14008	COMP_R49|COMP_R49	False	ALUMINA	Flexible	GeoBodySolid	[53.708999633783691, 47.117000579829273, 0.72618001699440371]	6.38750043511434E-07 [kg]	1.7500001192094081E-10 [m m m]	20	1	
900	14035	COMP_R50|COMP_R50	False	ALUMINA	Flexible	GeoBodySolid	[35.696998596187839, 90.911003112783874, 0.72618001699440371]	6.3875004351151607E-07 [kg]	1.750000119209633E-10 [m m m]	20	1	
903	14062	COMP_R51|COMP_R51	False	ALUMINA	Flexible	GeoBodySolid	[37.6459999084435, 90.911003112783874, 0.72618001699440371]	6.3875004351141019E-07 [kg]	1.750000119209343E-10 [m m m]	20	1	
906	14089	COMP_R52|COMP_R52	False	ALUMINA	Flexible	GeoBodySolid	[25.383999824521386, 104.84500122069264, 0.87617999315253081]	4.8588748983769167E-05 [kg]	1.3311986022950456E-08 [m m m]	20	1	
909	14116	COMP_R53|COMP_R53	False	ALUMINA	Flexible	GeoBodySolid	[21.208999633786942, 4.754000186919691, 0.72618001699440371]	6.3875004351138986E-07 [kg]	1.7500001192092874E-10 [m m m]	20	1	
912	14143	COMP_R54|COMP_R54	False	ALUMINA	Flexible	GeoBodySolid	[24.299999237058117, 84.721000671378249, 0.72618001699440371]	6.3875004351122861E-07 [kg]	1.7500001192088457E-10 [m m m]	20	1	
915	14170	COMP_R55|COMP_R55	False	ALUMINA	Flexible	GeoBodySolid	[26.641000747678, 87.420997619620181, 0.72618001699440371]	6.38750043511529E-07 [kg]	1.7500001192096684E-10 [m m m]	20	1	
918	14197	COMP_R56|COMP_R56	False	ALUMINA	Flexible	GeoBodySolid	[26.6100006103489, 86.41400146483511, 0.72618001699440371]	6.3875004351145117E-07 [kg]	1.7500001192094554E-10 [m m m]	20	1	
921	14224	COMP_RefDes|COMP_RefDes	False	EPOXYENCAPSULANT	Flexible	GeoBodySolid	[25.67099952697497, 31.62200069427174, 0.82617998123160685]	1.3860006351470325E-05 [kg]	7.7000035285946269E-09 [m m m]	20	1	
924	14251	COMP_U1|COMP_U1	False	PM0003	Flexible	GeoBodySolid	[47.126998901362477, 83.8490028381264, 1.3361800312994574]	7.3905829524378378E-05 [kg]	3.0002722083906513E-08 [m m m]	20	1	
1550	20040	Power_Board_Batt_Screw_defeatured_2|Part 13[1]	False	Acier standard	Flexible	GeoBodySolid	[34.688348223817215, 102.90699879138386, -2.122679712453674]	0.0010953415948261624 [kg]	1.3953396112435193E-07 [m m m]	7035	1372	
1553	20091	Power_Board_Batt_Screw_defeatured_2|Part 28[1]	False	NICKEL-200	Flexible	GeoBodySolid	[10.812349093749665, 98.7271100694087, -6.123481781791549]	0.00061537075969571417 [kg]	6.9345363950384741E-08 [m m m]	988	372	
1556	20127	Power_Board_Batt_Screw_defeatured_2|Part 12[1]	False	Acier standard	Flexible	GeoBodySolid	[34.688348430168311, 17.906998813173033, -3.4341041835065966]	0.00013838517060536616 [kg]	1.7628684153549832E-08 [m m m]	180	60	
1559	20157	Power_Board_Batt_Screw_defeatured_2|Part 27[1]	False	PilesLiPo	Flexible	GeoBodySolid	[10.803670868523263, 60.407080061012408, -11.822673223382495]	0.055301524547263725 [kg]	2.5137056612392603E-05 [m m m]	1353	744	
1562	20190	Power_Board_Batt_Screw_defeatured_2|Part 11[1]	False	Acier standard	Flexible	GeoBodySolid	[58.56434780872813, 17.90699885550718, -3.4341041847413694]	0.00013838516879980845 [kg]	1.7628683923542479E-08 [m m m]	177	60	
1565	20246	Power_Board_Batt_Screw_defeatured_2|Part 26[1]	False	Acier standard	Flexible	GeoBodySolid	[10.812348937053233, 102.90699896460123, -2.1226797150875005]	0.0010953415706185989 [kg]	1.3953395804058589E-07 [m m m]	6123	1180	
1568	20297	Power_Board_Batt_Screw_defeatured_2|Part 3[1]	False	NICKEL-200	Flexible	GeoBodySolid	[58.564346255544628, 22.086878409390522, -6.123463964228806]	0.00061536933386617011 [kg]	6.9345203275430483E-08 [m m m]	2198	945	
1571	20348	Power_Board_Batt_Screw_defeatured_2|Part 25[1]	False	NICKEL-200	Flexible	GeoBodySolid	[10.812348577879936, 22.08687860416574, -6.123464159065566]	0.00061536934763844683 [kg]	6.934520482741118E-08 [m m m]	1006	381	
1574	20407	Power_Board_Batt_Screw_defeatured_2|Part 2[1]	False	Acier standard	Flexible	GeoBodySolid	[58.564347843923166, 17.906998741082305, -2.122679712456879]	0.0010953414677020367 [kg]	1.3953394493019577E-07 [m m m]	6536	1264	
1577	20466	Power_Board_Batt_Screw_defeatured_2|Part 24[1]	False	Acier standard	Flexible	GeoBodySolid	[10.812348960491818, 17.906998733006088, -2.1226797125490005]	0.0010953415430733316 [kg]	1.3953395453163462E-07 [m m m]	6983	1364	
1580	20525	Power_Board_Batt_Screw_defeatured_2|Part 4[1]	False	Acier standard	Flexible	GeoBodySolid	[58.56434782047603, 102.90699897283173, -2.122679715100948]	0.0010953414953333103 [kg]	1.3953394845010323E-07 [m m m]	5857	1124	
1583	20561	Power_Board_Batt_Screw_defeatured_2|Part 23[1]	False	Acier standard	Flexible	GeoBodySolid	[10.812348975589401, 102.90699834946305, -3.4341042009775222]	0.00013838517136324554 [kg]	1.7628684250094975E-08 [m m m]	180	60	
1586	20594	Power_Board_Batt_Screw_defeatured_2|Part 22[1]	False	Acier standard	Flexible	GeoBodySolid	[34.68834844593966, 102.90699832018079, -3.434104205705661]	0.00013838518176927545 [kg]	1.762868557570388E-08 [m m m]	180	60	
1589	20642	Power_Board_Batt_Screw_defeatured_2|Part 6[1]	False	NICKEL-200	Flexible	GeoBodySolid	[58.564346283261486, 98.727110072744438, -6.123481777861244]	0.00061537073775537183 [kg]	6.9345361477954913E-08 [m m m]	968	370	
1592	20675	Power_Board_Batt_Screw_defeatured_2|Part 5[1]	False	PilesLiPo	Flexible	GeoBodySolid	[58.555674030850447, 60.407080070337315, -11.822673246956409]	0.055301527577789313 [kg]	2.5137057989904233E-05 [m m m]	1281	711	
1595	20708	Power_Board_Batt_Screw_defeatured_2|Part 33[1]	False	Acier standard	Flexible	GeoBodySolid	[10.812348935331121, 17.906998862790179, -3.4341041751686907]	0.00013838515926190942 [kg]	1.7628682708523496E-08 [m m m]	186	63	
1598	20756	Power_Board_Batt_Screw_defeatured_2|Part 17[1]	False	NICKEL-200	Flexible	GeoBodySolid	[34.688347422396362, 22.086878144365205, -6.123463744603898]	0.00061536926997484884 [kg]	6.9345196075597121E-08 [m m m]	1020	386	
1601	20792	Power_Board_Batt_Screw_defeatured_2|Part 1[1]	False	Acier standard	Flexible	GeoBodySolid	[58.564347845305804, 102.90699835598987, -3.4341042110953817]	0.00013838518086611029 [kg]	1.7628685460650998E-08 [m m m]	180	60	
1604	20822	Power_Board_Batt_Screw_defeatured_2|Part 16[1]	False	PilesLiPo	Flexible	GeoBodySolid	[34.697021334583432, 60.406920926679128, -11.822679054224329]	0.055301522051185319 [kg]	2.513705547781151E-05 [m m m]	1317	732	
1607	20878	Power_Board_Batt_Screw_defeatured_2|Part 15[1]	False	Acier standard	Flexible	GeoBodySolid	[34.688348310397949, 17.906998693029756, -2.122679713128558]	0.0010953415487093526 [kg]	1.395339552495991E-07 [m m m]	6374	1224	
1610	20929	Power_Board_Batt_Screw_defeatured_2|Part 14[1]	False	NICKEL-200	Flexible	GeoBodySolid	[34.688347823923721, 98.727102420472775, -6.123481762575672]	0.000615370656962208 [kg]	6.9345352373473975E-08 [m m m]	999	383	
1613	21279	Power_Board_Batt_Screw_defeatured_2|Part 31[1]	False	Acier standard	Flexible	GeoBodySolid	[10.812348951269874, 102.90699896592527, -3.9206498381266313]	0.00052751785164278963 [kg]	6.7199726323922252E-08 [m m m]	3554	2118	
1616	21629	Power_Board_Batt_Screw_defeatured_2|LPattern1[1]	False	Acier standard	Flexible	GeoBodySolid	[34.812348873877454, 102.90699896526338, -3.9206498824326452]	0.00052751789148231367 [kg]	6.7199731399020846E-08 [m m m]	3519	2100	
1619	21979	Power_Board_Batt_Screw_defeatured_2|LPattern1[2]	False	Acier standard	Flexible	GeoBodySolid	[58.812348832053296, 102.90699896461688, -3.9206498885588]	0.00052751790174811446 [kg]	6.7199732706766184E-08 [m m m]	3619	2164	
1622	22329	Power_Board_Batt_Screw_defeatured_2|LPattern1[6]	False	Acier standard	Flexible	GeoBodySolid	[10.812348939662291, 17.906998861536692, -3.9206573182278923]	0.000527517909211281 [kg]	6.7199733657488047E-08 [m m m]	3500	2097	
1625	22679	Power_Board_Batt_Screw_defeatured_2|LPattern1[7]	False	Acier standard	Flexible	GeoBodySolid	[34.812348858774143, 17.906998857308015, -3.920657354089319]	0.0005275179282563659 [kg]	6.7199736083613509E-08 [m m m]	3703	2230	
1628	23029	Power_Board_Batt_Screw_defeatured_2|LPattern1[8]	False	Acier standard	Flexible	GeoBodySolid	[58.812348820575117, 17.906998860863226, -3.920657371155773]	0.00052751793244512027 [kg]	6.719973661721278E-08 [m m m]	3460	2040	
1631	23089	Power_Board_Batt_Screw_defeatured_2|LPattern1[9]	False	Acier standard	Flexible	GeoBodySolid	[34.812349196056232, 102.90699937614113, 5.256253590974934]	0.0010773301575885453 [kg]	1.3723951052083384E-07 [m m m]	1572	737	
1634	23149	Power_Board_Batt_Screw_defeatured_2|LPattern1[10]	False	Acier standard	Flexible	GeoBodySolid	[58.812349196053837, 102.90699937614112, 5.25625359097494]	0.0010773301575888856 [kg]	1.3723951052087717E-07 [m m m]	1709	816	
1637	23209	Power_Board_Batt_Screw_defeatured_2|LPattern1[14]	False	Acier standard	Flexible	GeoBodySolid	[10.812348808505584, 17.906998413213621, 5.256246413940837]	0.0010773299669965082 [kg]	1.372394862415934E-07 [m m m]	1502	724	
1640	23269	Power_Board_Batt_Screw_defeatured_2|LPattern1[15]	False	Acier standard	Flexible	GeoBodySolid	[34.812349125324644, 17.906998332393936, 5.256246958854419]	0.0010773297798040427 [kg]	1.3723946239541945E-07 [m m m]	1659	795	
1643	23329	Power_Board_Batt_Screw_defeatured_2|LPattern1[16]	False	Acier standard	Flexible	GeoBodySolid	[58.812349125322243, 17.906998332393933, 5.256246958854423]	0.0010773297798040028 [kg]	1.3723946239541437E-07 [m m m]	1658	783	
1646	23389	Power_Board_Batt_Screw_defeatured_2|Part 30[1]	False	Acier standard	Flexible	GeoBodySolid	[10.812348879256286, 102.90699945699029, 5.256253043123414]	0.0010773303447816746 [kg]	1.3723953436709233E-07 [m m m]	1731	820	
1649	23449	Power_Board_Batt_Screw_defeatured_2|LPattern3[1]	False	Acier standard	Flexible	GeoBodySolid	[22.872348640895712, 60.406998103151558, 5.256249827723931]	0.0010773303323003886 [kg]	1.3723953277711959E-07 [m m m]	1523	714	
1652	23509	Power_Board_Batt_Screw_defeatured_2|LPattern3[2]	False	Acier standard	Flexible	GeoBodySolid	[46.752348338901683, 60.406998126264831, 5.256249425565753]	0.0010773301799520227 [kg]	1.3723951336968444E-07 [m m m]	1750	835	
3558	42342	PCB|PCB	False	PCB	Flexible	GeoBodySolid	[34.581107175221831, 60.4432106498466, -8.4977945423924411e-17]	0.017697086060819163 [kg]	8.984307509533478E-06 [m m m]	6092	774	
