object_id	name	parent	suppressed	state	ContactType	ContactFormulation	Behavior	PinballRegion	PinballRadius	InterfaceTreatment	ScopingMethod	ContactBodies	TargetBodies	source_type	source_ids	source_bodies	source_nodes	source_elements	source_errors	target_type	target_ids	target_bodies	target_nodes	target_elements	target_errors
1690	Zone de contact 181	Contacts	False	FullyDefined	Bonded	ProgramControlled	ProgramControlled	ProgramControlled	0 [m]	AdjustToTouch		Power_Board_Batt_Screw_defeatured_2|Part 13[1]	Power_Board_Batt_Screw_defeatured_2|Part 22[1]	GeometryEntities	20027	20040	1103	343		GeometryEntities	20587,20592	20594	60	20	
1693	Zone de contact 182	Contacts	False	FullyDefined	Bonded	ProgramControlled	ProgramControlled	ProgramControlled	0 [m]	AdjustToTouch		Power_Board_Batt_Screw_defeatured_2|Part 13[1]	Power_Board_Batt_Screw_defeatured_2|Part 14[1]	GeometryEntities	20022,20028,20035	20040	1271	343		GeometryEntities	20918	20929	202	78	
1696	Zone de contact 183	Contacts	False	FullyDefined	Bonded	ProgramControlled	ProgramControlled	ProgramControlled	0 [m]	AdjustToTouch		Power_Board_Batt_Screw_defeatured_2|Part 13[1]	Power_Board_Batt_Screw_defeatured_2|LPattern1[9]	GeometryEntities	20024,20028	20040	1138	343		GeometryEntities	23077	23089	120	40	
1699	Zone de contact 184	Contacts	False	FullyDefined	Bonded	ProgramControlled	ProgramControlled	ProgramControlled	0 [m]	AdjustToTouch		Power_Board_Batt_Screw_defeatured_2|Part 28[1]	Power_Board_Batt_Screw_defeatured_2|Part 27[1]	GeometryEntities	20084	20091	136	47		GeometryEntities	20152,20153	20157	107	46	
1702	Zone de contact 185	Contacts	False	FullyDefined	Bonded	ProgramControlled	ProgramControlled	ProgramControlled	0 [m]	AdjustToTouch		Power_Board_Batt_Screw_defeatured_2|Part 28[1]	Power_Board_Batt_Screw_defeatured_2|Part 26[1]	GeometryEntities	20080	20091	189	71		GeometryEntities	20228,20234,20241	20246	1127	295	
1705	Zone de contact 186	Contacts	False	FullyDefined	Bonded	ProgramControlled	ProgramControlled	ProgramControlled	0 [m]	AdjustToTouch		Power_Board_Batt_Screw_defeatured_2|Part 12[1]	Power_Board_Batt_Screw_defeatured_2|Part 15[1]	GeometryEntities	20120,20125	20127	60	20		GeometryEntities	20863,20865,20870	20878	1070	306	
1708	Zone de contact 187	Contacts	False	FullyDefined	Bonded	ProgramControlled	ProgramControlled	ProgramControlled	0 [m]	AdjustToTouch		Power_Board_Batt_Screw_defeatured_2|Part 12[1]	Power_Board_Batt_Screw_defeatured_2|LPattern1[7]	GeometryEntities	20122,20123	20127	60	20		GeometryEntities	22621,22665,22668	22679	400	180	
1711	Zone de contact 188	Contacts	False	FullyDefined	Bonded	ProgramControlled	ProgramControlled	ProgramControlled	0 [m]	AdjustToTouch		Power_Board_Batt_Screw_defeatured_2|Part 27[1]	Power_Board_Batt_Screw_defeatured_2|Part 25[1]	GeometryEntities	20149,20150,20151	20157	117	52		GeometryEntities	20341	20348	140	49	
1714	Zone de contact 189	Contacts	False	FullyDefined	Bonded	ProgramControlled	ProgramControlled	ProgramControlled	0 [m]	AdjustToTouch		Power_Board_Batt_Screw_defeatured_2|Part 11[1]	Power_Board_Batt_Screw_defeatured_2|Part 2[1]	GeometryEntities	20183,20188	20190	57	19		GeometryEntities	20392,20394,20399	20407	1090	316	
1717	Zone de contact 190	Contacts	False	FullyDefined	Bonded	ProgramControlled	ProgramControlled	ProgramControlled	0 [m]	AdjustToTouch		Power_Board_Batt_Screw_defeatured_2|Part 11[1]	Power_Board_Batt_Screw_defeatured_2|LPattern1[8]	GeometryEntities	20185,20186	20190	60	20		GeometryEntities	22971,23015,23018	23029	400	180	
1720	Zone de contact 191	Contacts	False	FullyDefined	Bonded	ProgramControlled	ProgramControlled	ProgramControlled	0 [m]	AdjustToTouch		Power_Board_Batt_Screw_defeatured_2|Part 26[1]	Power_Board_Batt_Screw_defeatured_2|Part 23[1]	GeometryEntities	20233	20246	959	295		GeometryEntities	20554,20559	20561	60	20	
1723	Zone de contact 192	Contacts	False	FullyDefined	Bonded	ProgramControlled	ProgramControlled	ProgramControlled	0 [m]	AdjustToTouch		Power_Board_Batt_Screw_defeatured_2|Part 3[1]	Power_Board_Batt_Screw_defeatured_2|Part 2[1]	GeometryEntities	20286	20297	489	205		GeometryEntities	20389,20395,20402	20407	1186	316	
1726	Zone de contact 193	Contacts	False	FullyDefined	Bonded	ProgramControlled	ProgramControlled	ProgramControlled	0 [m]	AdjustToTouch		Power_Board_Batt_Screw_defeatured_2|Part 3[1]	Power_Board_Batt_Screw_defeatured_2|Part 5[1]	GeometryEntities	20290	20297	249	100		GeometryEntities	20667,20668,20669	20675	117	52	
1729	Zone de contact 194	Contacts	False	FullyDefined	Bonded	ProgramControlled	ProgramControlled	ProgramControlled	0 [m]	AdjustToTouch		Power_Board_Batt_Screw_defeatured_2|Part 25[1]	Power_Board_Batt_Screw_defeatured_2|Part 24[1]	GeometryEntities	20337	20348	200	76		GeometryEntities	20448,20454,20461	20466	1269	341	
1732	Zone de contact 195	Contacts	False	FullyDefined	Bonded	ProgramControlled	ProgramControlled	ProgramControlled	0 [m]	AdjustToTouch		Power_Board_Batt_Screw_defeatured_2|Part 2[1]	Power_Board_Batt_Screw_defeatured_2|LPattern1[16]	GeometryEntities	20395,20400	20407	1059	316		GeometryEntities	23317	23329	120	40	
1735	Zone de contact 196	Contacts	False	FullyDefined	Bonded	ProgramControlled	ProgramControlled	ProgramControlled	0 [m]	AdjustToTouch		Power_Board_Batt_Screw_defeatured_2|Part 24[1]	Power_Board_Batt_Screw_defeatured_2|Part 33[1]	GeometryEntities	20453	20466	1095	341		GeometryEntities	20701,20706	20708	60	20	
1738	Zone de contact 197	Contacts	False	FullyDefined	Bonded	ProgramControlled	ProgramControlled	ProgramControlled	0 [m]	AdjustToTouch		Power_Board_Batt_Screw_defeatured_2|Part 4[1]	Power_Board_Batt_Screw_defeatured_2|Part 6[1]	GeometryEntities	20507,20513,20520	20525	1085	281		GeometryEntities	20631	20642	196	76	
1741	Zone de contact 198	Contacts	False	FullyDefined	Bonded	ProgramControlled	ProgramControlled	ProgramControlled	0 [m]	AdjustToTouch		Power_Board_Batt_Screw_defeatured_2|Part 4[1]	Power_Board_Batt_Screw_defeatured_2|Part 1[1]	GeometryEntities	20512	20525	917	281		GeometryEntities	20785,20790	20792	60	20	
1744	Zone de contact 199	Contacts	False	FullyDefined	Bonded	ProgramControlled	ProgramControlled	ProgramControlled	0 [m]	AdjustToTouch		Power_Board_Batt_Screw_defeatured_2|Part 4[1]	Power_Board_Batt_Screw_defeatured_2|LPattern1[10]	GeometryEntities	20513,20518	20525	952	281		GeometryEntities	23137	23149	102	34	
1747	Zone de contact 200	Contacts	False	FullyDefined	Bonded	ProgramControlled	ProgramControlled	ProgramControlled	0 [m]	AdjustToTouch		Power_Board_Batt_Screw_defeatured_2|Part 23[1]	Power_Board_Batt_Screw_defeatured_2|Part 31[1]	GeometryEntities	20556,20557	20561	60	20		GeometryEntities	21221,21265,21268	21279	400	180	
1750	Zone de contact 201	Contacts	False	FullyDefined	Bonded	ProgramControlled	ProgramControlled	ProgramControlled	0 [m]	AdjustToTouch		Power_Board_Batt_Screw_defeatured_2|Part 22[1]	Power_Board_Batt_Screw_defeatured_2|LPattern1[1]	GeometryEntities	20589,20590	20594	60	20		GeometryEntities	21571,21615,21618	21629	400	180	
1753	Zone de contact 202	Contacts	False	FullyDefined	Bonded	ProgramControlled	ProgramControlled	ProgramControlled	0 [m]	AdjustToTouch		Power_Board_Batt_Screw_defeatured_2|Part 6[1]	Power_Board_Batt_Screw_defeatured_2|Part 5[1]	GeometryEntities	20635	20642	127	44		GeometryEntities	20670,20671	20675	82	35	
1756	Zone de contact 203	Contacts	False	FullyDefined	Bonded	ProgramControlled	ProgramControlled	ProgramControlled	0 [m]	AdjustToTouch		Power_Board_Batt_Screw_defeatured_2|Part 33[1]	Power_Board_Batt_Screw_defeatured_2|LPattern1[6]	GeometryEntities	20703,20704	20708	64	22		GeometryEntities	22271,22315,22318	22329	400	180	
1759	Zone de contact 204	Contacts	False	FullyDefined	Bonded	ProgramControlled	ProgramControlled	ProgramControlled	0 [m]	AdjustToTouch		Power_Board_Batt_Screw_defeatured_2|Part 17[1]	Power_Board_Batt_Screw_defeatured_2|Part 16[1]	GeometryEntities	20749	20756	137	48		GeometryEntities	20817,20818	20822	77	32	
1762	Zone de contact 205	Contacts	False	FullyDefined	Bonded	ProgramControlled	ProgramControlled	ProgramControlled	0 [m]	AdjustToTouch		Power_Board_Batt_Screw_defeatured_2|Part 17[1]	Power_Board_Batt_Screw_defeatured_2|Part 15[1]	GeometryEntities	20745	20756	208	80		GeometryEntities	20860,20866,20873	20878	1172	306	
1765	Zone de contact 206	Contacts	False	FullyDefined	Bonded	ProgramControlled	ProgramControlled	ProgramControlled	0 [m]	AdjustToTouch		Power_Board_Batt_Screw_defeatured_2|Part 1[1]	Power_Board_Batt_Screw_defeatured_2|LPattern1[2]	GeometryEntities	20787,20788	20792	60	20		GeometryEntities	21921,21965,21968	21979	400	180	
1768	Zone de contact 207	Contacts	False	FullyDefined	Bonded	ProgramControlled	ProgramControlled	ProgramControlled	0 [m]	AdjustToTouch		Power_Board_Batt_Screw_defeatured_2|Part 16[1]	Power_Board_Batt_Screw_defeatured_2|Part 14[1]	GeometryEntities	20814,20815,20816	20822	117	52		GeometryEntities	20922	20929	134	47	
1771	Zone de contact 208	Contacts	False	FullyDefined	Bonded	ProgramControlled	ProgramControlled	ProgramControlled	0 [m]	AdjustToTouch		Power_Board_Batt_Screw_defeatured_2|Part 15[1]	Power_Board_Batt_Screw_defeatured_2|LPattern1[15]	GeometryEntities	20862,20866	20878	1036	306		GeometryEntities	23257	23269	120	40	
3560	Zone de contact	Contacts	False	FullyDefined	Bonded	ProgramControlled	ProgramControlled	ProgramControlled	0 [m]	AdjustToTouch		COMP_C1|COMP_C1	PCB|PCB	GeometryEntities	9629	9634	8	1		GeometryEntities	41908	42342	2599	774	
3563	Zone de contact 2	Contacts	False	FullyDefined	Bonded	ProgramControlled	ProgramControlled	ProgramControlled	0 [m]	AdjustToTouch		COMP_C2|COMP_C2	PCB|PCB	GeometryEntities	9656	9661	8	1		GeometryEntities	41908	42342	2599	774	
3566	Zone de contact 3	Contacts	False	FullyDefined	Bonded	ProgramControlled	ProgramControlled	ProgramControlled	0 [m]	AdjustToTouch		COMP_C3|COMP_C3	PCB|PCB	GeometryEntities	9683	9688	8	1		GeometryEntities	41908	42342	2599	774	
3569	Zone de contact 4	Contacts	False	FullyDefined	Bonded	ProgramControlled	ProgramControlled	ProgramControlled	0 [m]	AdjustToTouch		COMP_C4|COMP_C4	PCB|PCB	GeometryEntities	9710	9715	8	1		GeometryEntities	41908	42342	2599	774	
3572	Zone de contact 5	Contacts	False	FullyDefined	Bonded	ProgramControlled	ProgramControlled	ProgramControlled	0 [m]	AdjustToTouch		COMP_C5|COMP_C5	PCB|PCB	GeometryEntities	9737	9742	8	1		GeometryEntities	41908	42342	2599	774	
3575	Zone de contact 6	Contacts	False	FullyDefined	Bonded	ProgramControlled	ProgramControlled	ProgramControlled	0 [m]	AdjustToTouch		COMP_C6|COMP_C6	PCB|PCB	GeometryEntities	9764	9769	8	1		GeometryEntities	41908	42342	2599	774	
3578	Zone de contact 7	Contacts	False	FullyDefined	Bonded	ProgramControlled	ProgramControlled	ProgramControlled	0 [m]	AdjustToTouch		COMP_C7|COMP_C7	PCB|PCB	GeometryEntities	9791	9796	8	1		GeometryEntities	41908	42342	2599	774	
3581	Zone de contact 8	Contacts	False	FullyDefined	Bonded	ProgramControlled	ProgramControlled	ProgramControlled	0 [m]	AdjustToTouch		COMP_C8|COMP_C8	PCB|PCB	GeometryEntities	9818	9823	8	1		GeometryEntities	41908	42342	2599	774	
3584	Zone de contact 9	Contacts	False	FullyDefined	Bonded	ProgramControlled	ProgramControlled	ProgramControlled	0 [m]	AdjustToTouch		COMP_C9|COMP_C9	PCB|PCB	GeometryEntities	9845	9850	8	1		GeometryEntities	41908	42342	2599	774	
3587	Zone de contact 10	Contacts	False	FullyDefined	Bonded	ProgramControlled	ProgramControlled	ProgramControlled	0 [m]	AdjustToTouch		COMP_C10|COMP_C10	PCB|PCB	GeometryEntities	9872	9877	8	1		GeometryEntities	41908	42342	2599	774	
3590	Zone de contact 11	Contacts	False	FullyDefined	Bonded	ProgramControlled	ProgramControlled	ProgramControlled	0 [m]	AdjustToTouch		COMP_C11|COMP_C11	PCB|PCB	GeometryEntities	9899	9904	8	1		GeometryEntities	41908	42342	2599	774	
3593	Zone de contact 12	Contacts	False	FullyDefined	Bonded	ProgramControlled	ProgramControlled	ProgramControlled	0 [m]	AdjustToTouch		COMP_C12|COMP_C12	PCB|PCB	GeometryEntities	9926	9931	8	1		GeometryEntities	41908	42342	2599	774	
3596	Zone de contact 13	Contacts	False	FullyDefined	Bonded	ProgramControlled	ProgramControlled	ProgramControlled	0 [m]	AdjustToTouch		COMP_C13|COMP_C13	PCB|PCB	GeometryEntities	9953	9958	8	1		GeometryEntities	41908	42342	2599	774	
3599	Zone de contact 14	Contacts	False	FullyDefined	Bonded	ProgramControlled	ProgramControlled	ProgramControlled	0 [m]	AdjustToTouch		COMP_C14|COMP_C14	PCB|PCB	GeometryEntities	9980	9985	8	1		GeometryEntities	41908	42342	2599	774	
3602	Zone de contact 15	Contacts	False	FullyDefined	Bonded	ProgramControlled	ProgramControlled	ProgramControlled	0 [m]	AdjustToTouch		COMP_C15|COMP_C15	PCB|PCB	GeometryEntities	10007	10012	8	1		GeometryEntities	41908	42342	2599	774	
3605	Zone de contact 16	Contacts	False	FullyDefined	Bonded	ProgramControlled	ProgramControlled	ProgramControlled	0 [m]	AdjustToTouch		COMP_C16|COMP_C16	PCB|PCB	GeometryEntities	10034	10039	8	1		GeometryEntities	41908	42342	2599	774	
3608	Zone de contact 17	Contacts	False	FullyDefined	Bonded	ProgramControlled	ProgramControlled	ProgramControlled	0 [m]	AdjustToTouch		COMP_C17|COMP_C17	PCB|PCB	GeometryEntities	10061	10066	8	1		GeometryEntities	41908	42342	2599	774	
3611	Zone de contact 18	Contacts	False	FullyDefined	Bonded	ProgramControlled	ProgramControlled	ProgramControlled	0 [m]	AdjustToTouch		COMP_C18|COMP_C18	PCB|PCB	GeometryEntities	10088	10093	8	1		GeometryEntities	41908	42342	2599	774	
3614	Zone de contact 19	Contacts	False	FullyDefined	Bonded	ProgramControlled	ProgramControlled	ProgramControlled	0 [m]	AdjustToTouch		COMP_C19|COMP_C19	PCB|PCB	GeometryEntities	10115	10120	8	1		GeometryEntities	41908	42342	2599	774	
3617	Zone de contact 20	Contacts	False	FullyDefined	Bonded	ProgramControlled	ProgramControlled	ProgramControlled	0 [m]	AdjustToTouch		COMP_C20|COMP_C20	PCB|PCB	GeometryEntities	10142	10147	8	1		GeometryEntities	41908	42342	2599	774	
3620	Zone de contact 21	Contacts	False	FullyDefined	Bonded	ProgramControlled	ProgramControlled	ProgramControlled	0 [m]	AdjustToTouch		COMP_C21|COMP_C21	PCB|PCB	GeometryEntities	10169	10174	8	1		GeometryEntities	41908	42342	2599	774	
3623	Zone de contact 22	Contacts	False	FullyDefined	Bonded	ProgramControlled	ProgramControlled	ProgramControlled	0 [m]	AdjustToTouch		COMP_C22|COMP_C22	PCB|PCB	GeometryEntities	10196	10201	8	1		GeometryEntities	41908	42342	2599	774	
3626	Zone de contact 23	Contacts	False	FullyDefined	Bonded	ProgramControlled	ProgramControlled	ProgramControlled	0 [m]	AdjustToTouch		COMP_C23|COMP_C23	PCB|PCB	GeometryEntities	10223	10228	8	1		GeometryEntities	41908	42342	2599	774	
3629	Zone de contact 24	Contacts	False	FullyDefined	Bonded	ProgramControlled	ProgramControlled	ProgramControlled	0 [m]	AdjustToTouch		COMP_C24|COMP_C24	PCB|PCB	GeometryEntities	10250	10255	8	1		GeometryEntities	41908	42342	2599	774	
3632	Zone de contact 25	Contacts	False	FullyDefined	Bonded	ProgramControlled	ProgramControlled	ProgramControlled	0 [m]	AdjustToTouch		COMP_C25|COMP_C25	PCB|PCB	GeometryEntities	10277	10282	8	1		GeometryEntities	41908	42342	2599	774	
3635	Zone de contact 26	Contacts	False	FullyDefined	Bonded	ProgramControlled	ProgramControlled	ProgramControlled	0 [m]	AdjustToTouch		COMP_C26|COMP_C26	PCB|PCB	GeometryEntities	10304	10309	8	1		GeometryEntities	41908	42342	2599	774	
3638	Zone de contact 27	Contacts	False	FullyDefined	Bonded	ProgramControlled	ProgramControlled	ProgramControlled	0 [m]	AdjustToTouch		COMP_C27|COMP_C27	PCB|PCB	GeometryEntities	10331	10336	8	1		GeometryEntities	41908	42342	2599	774	
3641	Zone de contact 28	Contacts	False	FullyDefined	Bonded	ProgramControlled	ProgramControlled	ProgramControlled	0 [m]	AdjustToTouch		COMP_C28|COMP_C28	PCB|PCB	GeometryEntities	10358	10363	8	1		GeometryEntities	41908	42342	2599	774	
3644	Zone de contact 29	Contacts	False	FullyDefined	Bonded	ProgramControlled	ProgramControlled	ProgramControlled	0 [m]	AdjustToTouch		COMP_C29|COMP_C29	PCB|PCB	GeometryEntities	10385	10390	8	1		GeometryEntities	41908	42342	2599	774	
3647	Zone de contact 30	Contacts	False	FullyDefined	Bonded	ProgramControlled	ProgramControlled	ProgramControlled	0 [m]	AdjustToTouch		COMP_C30|COMP_C30	PCB|PCB	GeometryEntities	10412	10417	8	1		GeometryEntities	41908	42342	2599	774	
3650	Zone de contact 31	Contacts	False	FullyDefined	Bonded	ProgramControlled	ProgramControlled	ProgramControlled	0 [m]	AdjustToTouch		COMP_C31|COMP_C31	PCB|PCB	GeometryEntities	10439	10444	8	1		GeometryEntities	41908	42342	2599	774	
3653	Zone de contact 32	Contacts	False	FullyDefined	Bonded	ProgramControlled	ProgramControlled	ProgramControlled	0 [m]	AdjustToTouch		COMP_C32|COMP_C32	PCB|PCB	GeometryEntities	10466	10471	8	1		GeometryEntities	41908	42342	2599	774	
3656	Zone de contact 33	Contacts	False	FullyDefined	Bonded	ProgramControlled	ProgramControlled	ProgramControlled	0 [m]	AdjustToTouch		COMP_C33|COMP_C33	PCB|PCB	GeometryEntities	10493	10498	8	1		GeometryEntities	41908	42342	2599	774	
3659	Zone de contact 34	Contacts	False	FullyDefined	Bonded	ProgramControlled	ProgramControlled	ProgramControlled	0 [m]	AdjustToTouch		COMP_C34|COMP_C34	PCB|PCB	GeometryEntities	10520	10525	8	1		GeometryEntities	41908	42342	2599	774	
3662	Zone de contact 35	Contacts	False	FullyDefined	Bonded	ProgramControlled	ProgramControlled	ProgramControlled	0 [m]	AdjustToTouch		COMP_C35|COMP_C35	PCB|PCB	GeometryEntities	10547	10552	8	1		GeometryEntities	41908	42342	2599	774	
3665	Zone de contact 36	Contacts	False	FullyDefined	Bonded	ProgramControlled	ProgramControlled	ProgramControlled	0 [m]	AdjustToTouch		COMP_C36|COMP_C36	PCB|PCB	GeometryEntities	10574	10579	8	1		GeometryEntities	41908	42342	2599	774	
3668	Zone de contact 37	Contacts	False	FullyDefined	Bonded	ProgramControlled	ProgramControlled	ProgramControlled	0 [m]	AdjustToTouch		COMP_C37|COMP_C37	PCB|PCB	GeometryEntities	10601	10606	8	1		GeometryEntities	41908	42342	2599	774	
3671	Zone de contact 38	Contacts	False	FullyDefined	Bonded	ProgramControlled	ProgramControlled	ProgramControlled	0 [m]	AdjustToTouch		COMP_C38|COMP_C38	PCB|PCB	GeometryEntities	10628	10633	8	1		GeometryEntities	41908	42342	2599	774	
3674	Zone de contact 39	Contacts	False	FullyDefined	Bonded	ProgramControlled	ProgramControlled	ProgramControlled	0 [m]	AdjustToTouch		COMP_C39|COMP_C39	PCB|PCB	GeometryEntities	10655	10660	8	1		GeometryEntities	41908	42342	2599	774	
3677	Zone de contact 40	Contacts	False	FullyDefined	Bonded	ProgramControlled	ProgramControlled	ProgramControlled	0 [m]	AdjustToTouch		COMP_C40|COMP_C40	PCB|PCB	GeometryEntities	10682	10687	8	1		GeometryEntities	41908	42342	2599	774	
3680	Zone de contact 41	Contacts	False	FullyDefined	Bonded	ProgramControlled	ProgramControlled	ProgramControlled	0 [m]	AdjustToTouch		COMP_C41|COMP_C41	PCB|PCB	GeometryEntities	10709	10714	8	1		GeometryEntities	41908	42342	2599	774	
3683	Zone de contact 42	Contacts	False	FullyDefined	Bonded	ProgramControlled	ProgramControlled	ProgramControlled	0 [m]	AdjustToTouch		COMP_C42|COMP_C42	PCB|PCB	GeometryEntities	10736	10741	8	1		GeometryEntities	41908	42342	2599	774	
3686	Zone de contact 43	Contacts	False	FullyDefined	Bonded	ProgramControlled	ProgramControlled	ProgramControlled	0 [m]	AdjustToTouch		COMP_C43|COMP_C43	PCB|PCB	GeometryEntities	10763	10768	8	1		GeometryEntities	41908	42342	2599	774	
3689	Zone de contact 44	Contacts	False	FullyDefined	Bonded	ProgramControlled	ProgramControlled	ProgramControlled	0 [m]	AdjustToTouch		COMP_C44|COMP_C44	PCB|PCB	GeometryEntities	10790	10795	8	1		GeometryEntities	41908	42342	2599	774	
3692	Zone de contact 45	Contacts	False	FullyDefined	Bonded	ProgramControlled	ProgramControlled	ProgramControlled	0 [m]	AdjustToTouch		COMP_C45|COMP_C45	PCB|PCB	GeometryEntities	10817	10822	8	1		GeometryEntities	41908	42342	2599	774	
3695	Zone de contact 46	Contacts	False	FullyDefined	Bonded	ProgramControlled	ProgramControlled	ProgramControlled	0 [m]	AdjustToTouch		COMP_C46|COMP_C46	PCB|PCB	GeometryEntities	10844	10849	8	1		GeometryEntities	41908	42342	2599	774	
3698	Zone de contact 47	Contacts	False	FullyDefined	Bonded	ProgramControlled	ProgramControlled	ProgramControlled	0 [m]	AdjustToTouch		COMP_C47|COMP_C47	PCB|PCB	GeometryEntities	10871	10876	8	1		GeometryEntities	41908	42342	2599	774	
3701	Zone de contact 48	Contacts	False	FullyDefined	Bonded	ProgramControlled	ProgramControlled	ProgramControlled	0 [m]	AdjustToTouch		COMP_C48|COMP_C48	PCB|PCB	GeometryEntities	10898	10903	8	1		GeometryEntities	41908	42342	2599	774	
3704	Zone de contact 49	Contacts	False	FullyDefined	Bonded	ProgramControlled	ProgramControlled	ProgramControlled	0 [m]	AdjustToTouch		COMP_C49|COMP_C49	PCB|PCB	GeometryEntities	10925	10930	8	1		GeometryEntities	41908	42342	2599	774	
3707	Zone de contact 50	Contacts	False	FullyDefined	Bonded	ProgramControlled	ProgramControlled	ProgramControlled	0 [m]	AdjustToTouch		COMP_C50|COMP_C50	PCB|PCB	GeometryEntities	10952	10957	8	1		GeometryEntities	41908	42342	2599	774	
3710	Zone de contact 51	Contacts	False	FullyDefined	Bonded	ProgramControlled	ProgramControlled	ProgramControlled	0 [m]	AdjustToTouch		COMP_C51|COMP_C51	PCB|PCB	GeometryEntities	10979	10984	8	1		GeometryEntities	41908	42342	2599	774	
3713	Zone de contact 52	Contacts	False	FullyDefined	Bonded	ProgramControlled	ProgramControlled	ProgramControlled	0 [m]	AdjustToTouch		COMP_C52|COMP_C52	PCB|PCB	GeometryEntities	11006	11011	8	1		GeometryEntities	41908	42342	2599	774	
3716	Zone de contact 53	Contacts	False	FullyDefined	Bonded	ProgramControlled	ProgramControlled	ProgramControlled	0 [m]	AdjustToTouch		COMP_C53|COMP_C53	PCB|PCB	GeometryEntities	11033	11038	8	1		GeometryEntities	41908	42342	2599	774	
3719	Zone de contact 54	Contacts	False	FullyDefined	Bonded	ProgramControlled	ProgramControlled	ProgramControlled	0 [m]	AdjustToTouch		COMP_C54|COMP_C54	PCB|PCB	GeometryEntities	11060	11065	8	1		GeometryEntities	41908	42342	2599	774	
3722	Zone de contact 55	Contacts	False	FullyDefined	Bonded	ProgramControlled	ProgramControlled	ProgramControlled	0 [m]	AdjustToTouch		COMP_C55|COMP_C55	PCB|PCB	GeometryEntities	11087	11092	8	1		GeometryEntities	41908	42342	2599	774	
3725	Zone de contact 56	Contacts	False	FullyDefined	Bonded	ProgramControlled	ProgramControlled	ProgramControlled	0 [m]	AdjustToTouch		COMP_C56|COMP_C56	PCB|PCB	GeometryEntities	11114	11119	8	1		GeometryEntities	41908	42342	2599	774	
3728	Zone de contact 57	Contacts	False	FullyDefined	Bonded	ProgramControlled	ProgramControlled	ProgramControlled	0 [m]	AdjustToTouch		COMP_C57|COMP_C57	PCB|PCB	GeometryEntities	11141	11146	8	1		GeometryEntities	41908	42342	2599	774	
3731	Zone de contact 58	Contacts	False	FullyDefined	Bonded	ProgramControlled	ProgramControlled	ProgramControlled	0 [m]	AdjustToTouch		COMP_C58|COMP_C58	PCB|PCB	GeometryEntities	11168	11173	8	1		GeometryEntities	41908	42342	2599	774	
3734	Zone de contact 59	Contacts	False	FullyDefined	Bonded	ProgramControlled	ProgramControlled	ProgramControlled	0 [m]	AdjustToTouch		COMP_C59|COMP_C59	PCB|PCB	GeometryEntities	11195	11200	8	1		GeometryEntities	41908	42342	2599	774	
3737	Zone de contact 60	Contacts	False	FullyDefined	Bonded	ProgramControlled	ProgramControlled	ProgramControlled	0 [m]	AdjustToTouch		COMP_C60|COMP_C60	PCB|PCB	GeometryEntities	11222	11227	8	1		GeometryEntities	41908	42342	2599	774	
3740	Zone de contact 61	Contacts	False	FullyDefined	Bonded	ProgramControlled	ProgramControlled	ProgramControlled	0 [m]	AdjustToTouch		COMP_C61|COMP_C61	PCB|PCB	GeometryEntities	11249	11254	8	1		GeometryEntities	41908	42342	2599	774	
3743	Zone de contact 62	Contacts	False	FullyDefined	Bonded	ProgramControlled	ProgramControlled	ProgramControlled	0 [m]	AdjustToTouch		COMP_C62|COMP_C62	PCB|PCB	GeometryEntities	11276	11281	8	1		GeometryEntities	41908	42342	2599	774	
3746	Zone de contact 63	Contacts	False	FullyDefined	Bonded	ProgramControlled	ProgramControlled	ProgramControlled	0 [m]	AdjustToTouch		COMP_C63|COMP_C63	PCB|PCB	GeometryEntities	11303	11308	8	1		GeometryEntities	41908	42342	2599	774	
3749	Zone de contact 64	Contacts	False	FullyDefined	Bonded	ProgramControlled	ProgramControlled	ProgramControlled	0 [m]	AdjustToTouch		COMP_C64|COMP_C64	PCB|PCB	GeometryEntities	11330	11335	8	1		GeometryEntities	41908	42342	2599	774	
3752	Zone de contact 65	Contacts	False	FullyDefined	Bonded	ProgramControlled	ProgramControlled	ProgramControlled	0 [m]	AdjustToTouch		COMP_C65|COMP_C65	PCB|PCB	GeometryEntities	11357	11362	8	1		GeometryEntities	41908	42342	2599	774	
3755	Zone de contact 66	Contacts	False	FullyDefined	Bonded	ProgramControlled	ProgramControlled	ProgramControlled	0 [m]	AdjustToTouch		COMP_C66|COMP_C66	PCB|PCB	GeometryEntities	11384	11389	8	1		GeometryEntities	41908	42342	2599	774	
3758	Zone de contact 67	Contacts	False	FullyDefined	Bonded	ProgramControlled	ProgramControlled	ProgramControlled	0 [m]	AdjustToTouch		COMP_C67|COMP_C67	PCB|PCB	GeometryEntities	11411	11416	8	1		GeometryEntities	41908	42342	2599	774	
3761	Zone de contact 68	Contacts	False	FullyDefined	Bonded	ProgramControlled	ProgramControlled	ProgramControlled	0 [m]	AdjustToTouch		COMP_C68|COMP_C68	PCB|PCB	GeometryEntities	11438	11443	8	1		GeometryEntities	41908	42342	2599	774	
3764	Zone de contact 69	Contacts	False	FullyDefined	Bonded	ProgramControlled	ProgramControlled	ProgramControlled	0 [m]	AdjustToTouch		COMP_C69|COMP_C69	PCB|PCB	GeometryEntities	11465	11470	8	1		GeometryEntities	41908	42342	2599	774	
3767	Zone de contact 70	Contacts	False	FullyDefined	Bonded	ProgramControlled	ProgramControlled	ProgramControlled	0 [m]	AdjustToTouch		COMP_C70|COMP_C70	PCB|PCB	GeometryEntities	11492	11497	8	1		GeometryEntities	41908	42342	2599	774	
3770	Zone de contact 71	Contacts	False	FullyDefined	Bonded	ProgramControlled	ProgramControlled	ProgramControlled	0 [m]	AdjustToTouch		COMP_C71|COMP_C71	PCB|PCB	GeometryEntities	11519	11524	8	1		GeometryEntities	41908	42342	2599	774	
3773	Zone de contact 72	Contacts	False	FullyDefined	Bonded	ProgramControlled	ProgramControlled	ProgramControlled	0 [m]	AdjustToTouch		COMP_C72|COMP_C72	PCB|PCB	GeometryEntities	11546	11551	8	1		GeometryEntities	41908	42342	2599	774	
3776	Zone de contact 73	Contacts	False	FullyDefined	Bonded	ProgramControlled	ProgramControlled	ProgramControlled	0 [m]	AdjustToTouch		COMP_C73|COMP_C73	PCB|PCB	GeometryEntities	11573	11578	8	1		GeometryEntities	41908	42342	2599	774	
3779	Zone de contact 74	Contacts	False	FullyDefined	Bonded	ProgramControlled	ProgramControlled	ProgramControlled	0 [m]	AdjustToTouch		COMP_C74|COMP_C74	PCB|PCB	GeometryEntities	11600	11605	8	1		GeometryEntities	41908	42342	2599	774	
3782	Zone de contact 75	Contacts	False	FullyDefined	Bonded	ProgramControlled	ProgramControlled	ProgramControlled	0 [m]	AdjustToTouch		COMP_D1|COMP_D1	PCB|PCB	GeometryEntities	11627	11632	8	1		GeometryEntities	41908	42342	2599	774	
3785	Zone de contact 76	Contacts	False	FullyDefined	Bonded	ProgramControlled	ProgramControlled	ProgramControlled	0 [m]	AdjustToTouch		COMP_D2|COMP_D2	PCB|PCB	GeometryEntities	11654	11659	8	1		GeometryEntities	41908	42342	2599	774	
3788	Zone de contact 77	Contacts	False	FullyDefined	Bonded	ProgramControlled	ProgramControlled	ProgramControlled	0 [m]	AdjustToTouch		COMP_D3|COMP_D3	PCB|PCB	GeometryEntities	11681	11686	8	1		GeometryEntities	41908	42342	2599	774	
3791	Zone de contact 78	Contacts	False	FullyDefined	Bonded	ProgramControlled	ProgramControlled	ProgramControlled	0 [m]	AdjustToTouch		COMP_D4|COMP_D4	PCB|PCB	GeometryEntities	11708	11713	8	1		GeometryEntities	41908	42342	2599	774	
3794	Zone de contact 79	Contacts	False	FullyDefined	Bonded	ProgramControlled	ProgramControlled	ProgramControlled	0 [m]	AdjustToTouch		COMP_D5|COMP_D5	PCB|PCB	GeometryEntities	11735	11740	8	1		GeometryEntities	41908	42342	2599	774	
3797	Zone de contact 80	Contacts	False	FullyDefined	Bonded	ProgramControlled	ProgramControlled	ProgramControlled	0 [m]	AdjustToTouch		COMP_D6|COMP_D6	PCB|PCB	GeometryEntities	11762	11767	8	1		GeometryEntities	41908	42342	2599	774	
3800	Zone de contact 81	Contacts	False	FullyDefined	Bonded	ProgramControlled	ProgramControlled	ProgramControlled	0 [m]	AdjustToTouch		COMP_D7|COMP_D7	PCB|PCB	GeometryEntities	11789	11794	8	1		GeometryEntities	41908	42342	2599	774	
3803	Zone de contact 82	Contacts	False	FullyDefined	Bonded	ProgramControlled	ProgramControlled	ProgramControlled	0 [m]	AdjustToTouch		COMP_D8|COMP_D8	PCB|PCB	GeometryEntities	11816	11821	8	1		GeometryEntities	41908	42342	2599	774	
3806	Zone de contact 83	Contacts	False	FullyDefined	Bonded	ProgramControlled	ProgramControlled	ProgramControlled	0 [m]	AdjustToTouch		COMP_D9|COMP_D9	PCB|PCB	GeometryEntities	11843	11848	8	1		GeometryEntities	41908	42342	2599	774	
3809	Zone de contact 84	Contacts	False	FullyDefined	Bonded	ProgramControlled	ProgramControlled	ProgramControlled	0 [m]	AdjustToTouch		COMP_D10|COMP_D10	PCB|PCB	GeometryEntities	11870	11875	8	1		GeometryEntities	41908	42342	2599	774	
3812	Zone de contact 85	Contacts	False	FullyDefined	Bonded	ProgramControlled	ProgramControlled	ProgramControlled	0 [m]	AdjustToTouch		COMP_IC1|COMP_IC1	PCB|PCB	GeometryEntities	11897	11902	8	1		GeometryEntities	41908	42342	2599	774	
3815	Zone de contact 86	Contacts	False	FullyDefined	Bonded	ProgramControlled	ProgramControlled	ProgramControlled	0 [m]	AdjustToTouch		COMP_IC2|COMP_IC2	PCB|PCB	GeometryEntities	11924	11929	8	1		GeometryEntities	41908	42342	2599	774	
3818	Zone de contact 87	Contacts	False	FullyDefined	Bonded	ProgramControlled	ProgramControlled	ProgramControlled	0 [m]	AdjustToTouch		COMP_IC3|COMP_IC3	PCB|PCB	GeometryEntities	11951	11956	8	1		GeometryEntities	41908	42342	2599	774	
3821	Zone de contact 88	Contacts	False	FullyDefined	Bonded	ProgramControlled	ProgramControlled	ProgramControlled	0 [m]	AdjustToTouch		COMP_IC4|COMP_IC4	PCB|PCB	GeometryEntities	11978	11983	8	1		GeometryEntities	41908	42342	2599	774	
3824	Zone de contact 89	Contacts	False	FullyDefined	Bonded	ProgramControlled	ProgramControlled	ProgramControlled	0 [m]	AdjustToTouch		COMP_IC5|COMP_IC5	PCB|PCB	GeometryEntities	12005	12010	8	1		GeometryEntities	41908	42342	2599	774	
3827	Zone de contact 90	Contacts	False	FullyDefined	Bonded	ProgramControlled	ProgramControlled	ProgramControlled	0 [m]	AdjustToTouch		COMP_IC7|COMP_IC7	PCB|PCB	GeometryEntities	12032	12037	8	1		GeometryEntities	41908	42342	2599	774	
3830	Zone de contact 91	Contacts	False	FullyDefined	Bonded	ProgramControlled	ProgramControlled	ProgramControlled	0 [m]	AdjustToTouch		COMP_IC8|COMP_IC8	PCB|PCB	GeometryEntities	12059	12064	8	1		GeometryEntities	41908	42342	2599	774	
3833	Zone de contact 92	Contacts	False	FullyDefined	Bonded	ProgramControlled	ProgramControlled	ProgramControlled	0 [m]	AdjustToTouch		COMP_IC9|COMP_IC9	PCB|PCB	GeometryEntities	12086	12091	8	1		GeometryEntities	41908	42342	2599	774	
3836	Zone de contact 93	Contacts	False	FullyDefined	Bonded	ProgramControlled	ProgramControlled	ProgramControlled	0 [m]	AdjustToTouch		COMP_IC10|COMP_IC10	PCB|PCB	GeometryEntities	12113	12118	8	1		GeometryEntities	41908	42342	2599	774	
3839	Zone de contact 94	Contacts	False	FullyDefined	Bonded	ProgramControlled	ProgramControlled	ProgramControlled	0 [m]	AdjustToTouch		COMP_IC11|COMP_IC11	PCB|PCB	GeometryEntities	12140	12145	8	1		GeometryEntities	41908	42342	2599	774	
3842	Zone de contact 95	Contacts	False	FullyDefined	Bonded	ProgramControlled	ProgramControlled	ProgramControlled	0 [m]	AdjustToTouch		COMP_IC12|COMP_IC12	PCB|PCB	GeometryEntities	12167	12172	8	1		GeometryEntities	41908	42342	2599	774	
3845	Zone de contact 96	Contacts	False	FullyDefined	Bonded	ProgramControlled	ProgramControlled	ProgramControlled	0 [m]	AdjustToTouch		COMP_IC13|COMP_IC13	PCB|PCB	GeometryEntities	12194	12199	8	1		GeometryEntities	41908	42342	2599	774	
3848	Zone de contact 97	Contacts	False	FullyDefined	Bonded	ProgramControlled	ProgramControlled	ProgramControlled	0 [m]	AdjustToTouch		COMP_IC14|COMP_IC14	PCB|PCB	GeometryEntities	12221	12226	8	1		GeometryEntities	41908	42342	2599	774	
3851	Zone de contact 98	Contacts	False	FullyDefined	Bonded	ProgramControlled	ProgramControlled	ProgramControlled	0 [m]	AdjustToTouch		COMP_IC15|COMP_IC15	PCB|PCB	GeometryEntities	12248	12253	8	1		GeometryEntities	41908	42342	2599	774	
3854	Zone de contact 99	Contacts	False	FullyDefined	Bonded	ProgramControlled	ProgramControlled	ProgramControlled	0 [m]	AdjustToTouch		COMP_J1|COMP_J1	PCB|PCB	GeometryEntities	12275	12280	28	5		GeometryEntities	41908	42342	2599	774	
3857	Zone de contact 100	Contacts	False	FullyDefined	Bonded	ProgramControlled	ProgramControlled	ProgramControlled	0 [m]	AdjustToTouch		COMP_J2|COMP_J2	PCB|PCB	GeometryEntities	12302	12307	13	2		GeometryEntities	41908	42342	2599	774	
3860	Zone de contact 101	Contacts	False	FullyDefined	Bonded	ProgramControlled	ProgramControlled	ProgramControlled	0 [m]	AdjustToTouch		COMP_J3|COMP_J3	PCB|PCB	GeometryEntities	12329	12334	21	4		GeometryEntities	41908	42342	2599	774	
3863	Zone de contact 102	Contacts	False	FullyDefined	Bonded	ProgramControlled	ProgramControlled	ProgramControlled	0 [m]	AdjustToTouch		COMP_J4|COMP_J4	PCB|PCB	GeometryEntities	12356	12361	13	2		GeometryEntities	41908	42342	2599	774	
3866	Zone de contact 103	Contacts	False	FullyDefined	Bonded	ProgramControlled	ProgramControlled	ProgramControlled	0 [m]	AdjustToTouch		COMP_J5|COMP_J5	PCB|PCB	GeometryEntities	12383	12388	8	1		GeometryEntities	41908	42342	2599	774	
3869	Zone de contact 104	Contacts	False	FullyDefined	Bonded	ProgramControlled	ProgramControlled	ProgramControlled	0 [m]	AdjustToTouch		COMP_J6|COMP_J6	PCB|PCB	GeometryEntities	12410	12415	8	1		GeometryEntities	41908	42342	2599	774	
3872	Zone de contact 105	Contacts	False	FullyDefined	Bonded	ProgramControlled	ProgramControlled	ProgramControlled	0 [m]	AdjustToTouch		COMP_L1|COMP_L1	PCB|PCB	GeometryEntities	12437	12442	8	1		GeometryEntities	41908	42342	2599	774	
3875	Zone de contact 106	Contacts	False	FullyDefined	Bonded	ProgramControlled	ProgramControlled	ProgramControlled	0 [m]	AdjustToTouch		COMP_L2|COMP_L2	PCB|PCB	GeometryEntities	12464	12469	8	1		GeometryEntities	41908	42342	2599	774	
3878	Zone de contact 107	Contacts	False	FullyDefined	Bonded	ProgramControlled	ProgramControlled	ProgramControlled	0 [m]	AdjustToTouch		COMP_L3|COMP_L3	PCB|PCB	GeometryEntities	12491	12496	8	1		GeometryEntities	41908	42342	2599	774	
3881	Zone de contact 108	Contacts	False	FullyDefined	Bonded	ProgramControlled	ProgramControlled	ProgramControlled	0 [m]	AdjustToTouch		COMP_L4|COMP_L4	PCB|PCB	GeometryEntities	12518	12523	8	1		GeometryEntities	41908	42342	2599	774	
3884	Zone de contact 109	Contacts	False	FullyDefined	Bonded	ProgramControlled	ProgramControlled	ProgramControlled	0 [m]	AdjustToTouch		COMP_L5|COMP_L5	PCB|PCB	GeometryEntities	12545	12550	8	1		GeometryEntities	41908	42342	2599	774	
3887	Zone de contact 110	Contacts	False	FullyDefined	Bonded	ProgramControlled	ProgramControlled	ProgramControlled	0 [m]	AdjustToTouch		COMP_L6|COMP_L6	PCB|PCB	GeometryEntities	12572	12577	8	1		GeometryEntities	41908	42342	2599	774	
3890	Zone de contact 111	Contacts	False	FullyDefined	Bonded	ProgramControlled	ProgramControlled	ProgramControlled	0 [m]	AdjustToTouch		COMP_Q1|COMP_Q1	PCB|PCB	GeometryEntities	12599	12604	8	1		GeometryEntities	41908	42342	2599	774	
3893	Zone de contact 112	Contacts	False	FullyDefined	Bonded	ProgramControlled	ProgramControlled	ProgramControlled	0 [m]	AdjustToTouch		COMP_Q2|COMP_Q2	PCB|PCB	GeometryEntities	12626	12631	8	1		GeometryEntities	41908	42342	2599	774	
3896	Zone de contact 113	Contacts	False	FullyDefined	Bonded	ProgramControlled	ProgramControlled	ProgramControlled	0 [m]	AdjustToTouch		COMP_Q3|COMP_Q3	PCB|PCB	GeometryEntities	12653	12658	8	1		GeometryEntities	41908	42342	2599	774	
3899	Zone de contact 114	Contacts	False	FullyDefined	Bonded	ProgramControlled	ProgramControlled	ProgramControlled	0 [m]	AdjustToTouch		COMP_Q4|COMP_Q4	PCB|PCB	GeometryEntities	12680	12685	8	1		GeometryEntities	41908	42342	2599	774	
3902	Zone de contact 115	Contacts	False	FullyDefined	Bonded	ProgramControlled	ProgramControlled	ProgramControlled	0 [m]	AdjustToTouch		COMP_R1|COMP_R1	PCB|PCB	GeometryEntities	12707	12712	8	1		GeometryEntities	41908	42342	2599	774	
3905	Zone de contact 116	Contacts	False	FullyDefined	Bonded	ProgramControlled	ProgramControlled	ProgramControlled	0 [m]	AdjustToTouch		COMP_R2|COMP_R2	PCB|PCB	GeometryEntities	12734	12739	8	1		GeometryEntities	41908	42342	2599	774	
3908	Zone de contact 117	Contacts	False	FullyDefined	Bonded	ProgramControlled	ProgramControlled	ProgramControlled	0 [m]	AdjustToTouch		COMP_R3|COMP_R3	PCB|PCB	GeometryEntities	12761	12766	8	1		GeometryEntities	41908	42342	2599	774	
3911	Zone de contact 118	Contacts	False	FullyDefined	Bonded	ProgramControlled	ProgramControlled	ProgramControlled	0 [m]	AdjustToTouch		COMP_R4|COMP_R4	PCB|PCB	GeometryEntities	12788	12793	8	1		GeometryEntities	41908	42342	2599	774	
3914	Zone de contact 119	Contacts	False	FullyDefined	Bonded	ProgramControlled	ProgramControlled	ProgramControlled	0 [m]	AdjustToTouch		COMP_R5|COMP_R5	PCB|PCB	GeometryEntities	12815	12820	8	1		GeometryEntities	41908	42342	2599	774	
3917	Zone de contact 120	Contacts	False	FullyDefined	Bonded	ProgramControlled	ProgramControlled	ProgramControlled	0 [m]	AdjustToTouch		COMP_R6|COMP_R6	PCB|PCB	GeometryEntities	12842	12847	8	1		GeometryEntities	41908	42342	2599	774	
3920	Zone de contact 121	Contacts	False	FullyDefined	Bonded	ProgramControlled	ProgramControlled	ProgramControlled	0 [m]	AdjustToTouch		COMP_R7|COMP_R7	PCB|PCB	GeometryEntities	12869	12874	8	1		GeometryEntities	41908	42342	2599	774	
3923	Zone de contact 122	Contacts	False	FullyDefined	Bonded	ProgramControlled	ProgramControlled	ProgramControlled	0 [m]	AdjustToTouch		COMP_R8|COMP_R8	PCB|PCB	GeometryEntities	12896	12901	8	1		GeometryEntities	41908	42342	2599	774	
3926	Zone de contact 123	Contacts	False	FullyDefined	Bonded	ProgramControlled	ProgramControlled	ProgramControlled	0 [m]	AdjustToTouch		COMP_R9|COMP_R9	PCB|PCB	GeometryEntities	12923	12928	8	1		GeometryEntities	41908	42342	2599	774	
3929	Zone de contact 124	Contacts	False	FullyDefined	Bonded	ProgramControlled	ProgramControlled	ProgramControlled	0 [m]	AdjustToTouch		COMP_R10|COMP_R10	PCB|PCB	GeometryEntities	12950	12955	8	1		GeometryEntities	41908	42342	2599	774	
3932	Zone de contact 125	Contacts	False	FullyDefined	Bonded	ProgramControlled	ProgramControlled	ProgramControlled	0 [m]	AdjustToTouch		COMP_R11|COMP_R11	PCB|PCB	GeometryEntities	12977	12982	8	1		GeometryEntities	41908	42342	2599	774	
3935	Zone de contact 126	Contacts	False	FullyDefined	Bonded	ProgramControlled	ProgramControlled	ProgramControlled	0 [m]	AdjustToTouch		COMP_R12|COMP_R12	PCB|PCB	GeometryEntities	13004	13009	8	1		GeometryEntities	41908	42342	2599	774	
3938	Zone de contact 127	Contacts	False	FullyDefined	Bonded	ProgramControlled	ProgramControlled	ProgramControlled	0 [m]	AdjustToTouch		COMP_R13|COMP_R13	PCB|PCB	GeometryEntities	13031	13036	8	1		GeometryEntities	41908	42342	2599	774	
3941	Zone de contact 128	Contacts	False	FullyDefined	Bonded	ProgramControlled	ProgramControlled	ProgramControlled	0 [m]	AdjustToTouch		COMP_R14|COMP_R14	PCB|PCB	GeometryEntities	13058	13063	8	1		GeometryEntities	41908	42342	2599	774	
3944	Zone de contact 129	Contacts	False	FullyDefined	Bonded	ProgramControlled	ProgramControlled	ProgramControlled	0 [m]	AdjustToTouch		COMP_R15|COMP_R15	PCB|PCB	GeometryEntities	13085	13090	8	1		GeometryEntities	41908	42342	2599	774	
3947	Zone de contact 130	Contacts	False	FullyDefined	Bonded	ProgramControlled	ProgramControlled	ProgramControlled	0 [m]	AdjustToTouch		COMP_R16|COMP_R16	PCB|PCB	GeometryEntities	13112	13117	8	1		GeometryEntities	41908	42342	2599	774	
3950	Zone de contact 131	Contacts	False	FullyDefined	Bonded	ProgramControlled	ProgramControlled	ProgramControlled	0 [m]	AdjustToTouch		COMP_R17|COMP_R17	PCB|PCB	GeometryEntities	13139	13144	8	1		GeometryEntities	41908	42342	2599	774	
3953	Zone de contact 132	Contacts	False	FullyDefined	Bonded	ProgramControlled	ProgramControlled	ProgramControlled	0 [m]	AdjustToTouch		COMP_R18|COMP_R18	PCB|PCB	GeometryEntities	13166	13171	8	1		GeometryEntities	41908	42342	2599	774	
3956	Zone de contact 133	Contacts	False	FullyDefined	Bonded	ProgramControlled	ProgramControlled	ProgramControlled	0 [m]	AdjustToTouch		COMP_R19|COMP_R19	PCB|PCB	GeometryEntities	13193	13198	8	1		GeometryEntities	41908	42342	2599	774	
3959	Zone de contact 134	Contacts	False	FullyDefined	Bonded	ProgramControlled	ProgramControlled	ProgramControlled	0 [m]	AdjustToTouch		COMP_R20|COMP_R20	PCB|PCB	GeometryEntities	13220	13225	8	1		GeometryEntities	41908	42342	2599	774	
3962	Zone de contact 135	Contacts	False	FullyDefined	Bonded	ProgramControlled	ProgramControlled	ProgramControlled	0 [m]	AdjustToTouch		COMP_R21|COMP_R21	PCB|PCB	GeometryEntities	13247	13252	8	1		GeometryEntities	41908	42342	2599	774	
3965	Zone de contact 136	Contacts	False	FullyDefined	Bonded	ProgramControlled	ProgramControlled	ProgramControlled	0 [m]	AdjustToTouch		COMP_R22|COMP_R22	PCB|PCB	GeometryEntities	13274	13279	8	1		GeometryEntities	41908	42342	2599	774	
3968	Zone de contact 137	Contacts	False	FullyDefined	Bonded	ProgramControlled	ProgramControlled	ProgramControlled	0 [m]	AdjustToTouch		COMP_R23|COMP_R23	PCB|PCB	GeometryEntities	13301	13306	8	1		GeometryEntities	41908	42342	2599	774	
3971	Zone de contact 138	Contacts	False	FullyDefined	Bonded	ProgramControlled	ProgramControlled	ProgramControlled	0 [m]	AdjustToTouch		COMP_R24|COMP_R24	PCB|PCB	GeometryEntities	13328	13333	8	1		GeometryEntities	41908	42342	2599	774	
3974	Zone de contact 139	Contacts	False	FullyDefined	Bonded	ProgramControlled	ProgramControlled	ProgramControlled	0 [m]	AdjustToTouch		COMP_R25|COMP_R25	PCB|PCB	GeometryEntities	13355	13360	8	1		GeometryEntities	41908	42342	2599	774	
3977	Zone de contact 140	Contacts	False	FullyDefined	Bonded	ProgramControlled	ProgramControlled	ProgramControlled	0 [m]	AdjustToTouch		COMP_R26|COMP_R26	PCB|PCB	GeometryEntities	13382	13387	8	1		GeometryEntities	41908	42342	2599	774	
3980	Zone de contact 141	Contacts	False	FullyDefined	Bonded	ProgramControlled	ProgramControlled	ProgramControlled	0 [m]	AdjustToTouch		COMP_R27|COMP_R27	PCB|PCB	GeometryEntities	13409	13414	8	1		GeometryEntities	41908	42342	2599	774	
3983	Zone de contact 142	Contacts	False	FullyDefined	Bonded	ProgramControlled	ProgramControlled	ProgramControlled	0 [m]	AdjustToTouch		COMP_R28|COMP_R28	PCB|PCB	GeometryEntities	13436	13441	8	1		GeometryEntities	41908	42342	2599	774	
3986	Zone de contact 143	Contacts	False	FullyDefined	Bonded	ProgramControlled	ProgramControlled	ProgramControlled	0 [m]	AdjustToTouch		COMP_R29|COMP_R29	PCB|PCB	GeometryEntities	13463	13468	8	1		GeometryEntities	41908	42342	2599	774	
3989	Zone de contact 144	Contacts	False	FullyDefined	Bonded	ProgramControlled	ProgramControlled	ProgramControlled	0 [m]	AdjustToTouch		COMP_R30|COMP_R30	PCB|PCB	GeometryEntities	13490	13495	8	1		GeometryEntities	41908	42342	2599	774	
3992	Zone de contact 145	Contacts	False	FullyDefined	Bonded	ProgramControlled	ProgramControlled	ProgramControlled	0 [m]	AdjustToTouch		COMP_R31|COMP_R31	PCB|PCB	GeometryEntities	13517	13522	8	1		GeometryEntities	41908	42342	2599	774	
3995	Zone de contact 146	Contacts	False	FullyDefined	Bonded	ProgramControlled	ProgramControlled	ProgramControlled	0 [m]	AdjustToTouch		COMP_R32|COMP_R32	PCB|PCB	GeometryEntities	13544	13549	8	1		GeometryEntities	41908	42342	2599	774	
3998	Zone de contact 147	Contacts	False	FullyDefined	Bonded	ProgramControlled	ProgramControlled	ProgramControlled	0 [m]	AdjustToTouch		COMP_R33|COMP_R33	PCB|PCB	GeometryEntities	13571	13576	8	1		GeometryEntities	41908	42342	2599	774	
4001	Zone de contact 148	Contacts	False	FullyDefined	Bonded	ProgramControlled	ProgramControlled	ProgramControlled	0 [m]	AdjustToTouch		COMP_R34|COMP_R34	PCB|PCB	GeometryEntities	13598	13603	8	1		GeometryEntities	41908	42342	2599	774	
4004	Zone de contact 149	Contacts	False	FullyDefined	Bonded	ProgramControlled	ProgramControlled	ProgramControlled	0 [m]	AdjustToTouch		COMP_R35|COMP_R35	PCB|PCB	GeometryEntities	13625	13630	8	1		GeometryEntities	41908	42342	2599	774	
4007	Zone de contact 150	Contacts	False	FullyDefined	Bonded	ProgramControlled	ProgramControlled	ProgramControlled	0 [m]	AdjustToTouch		COMP_R36|COMP_R36	PCB|PCB	GeometryEntities	13652	13657	8	1		GeometryEntities	41908	42342	2599	774	
4010	Zone de contact 151	Contacts	False	FullyDefined	Bonded	ProgramControlled	ProgramControlled	ProgramControlled	0 [m]	AdjustToTouch		COMP_R37|COMP_R37	PCB|PCB	GeometryEntities	13679	13684	8	1		GeometryEntities	41908	42342	2599	774	
4013	Zone de contact 152	Contacts	False	FullyDefined	Bonded	ProgramControlled	ProgramControlled	ProgramControlled	0 [m]	AdjustToTouch		COMP_R38|COMP_R38	PCB|PCB	GeometryEntities	13706	13711	8	1		GeometryEntities	41908	42342	2599	774	
4016	Zone de contact 153	Contacts	False	FullyDefined	Bonded	ProgramControlled	ProgramControlled	ProgramControlled	0 [m]	AdjustToTouch		COMP_R39|COMP_R39	PCB|PCB	GeometryEntities	13733	13738	8	1		GeometryEntities	41908	42342	2599	774	
4019	Zone de contact 154	Contacts	False	FullyDefined	Bonded	ProgramControlled	ProgramControlled	ProgramControlled	0 [m]	AdjustToTouch		COMP_R40|COMP_R40	PCB|PCB	GeometryEntities	13760	13765	8	1		GeometryEntities	41908	42342	2599	774	
4022	Zone de contact 155	Contacts	False	FullyDefined	Bonded	ProgramControlled	ProgramControlled	ProgramControlled	0 [m]	AdjustToTouch		COMP_R41|COMP_R41	PCB|PCB	GeometryEntities	13787	13792	8	1		GeometryEntities	41908	42342	2599	774	
4025	Zone de contact 156	Contacts	False	FullyDefined	Bonded	ProgramControlled	ProgramControlled	ProgramControlled	0 [m]	AdjustToTouch		COMP_R42|COMP_R42	PCB|PCB	GeometryEntities	13814	13819	8	1		GeometryEntities	41908	42342	2599	774	
4028	Zone de contact 157	Contacts	False	FullyDefined	Bonded	ProgramControlled	ProgramControlled	ProgramControlled	0 [m]	AdjustToTouch		COMP_R43|COMP_R43	PCB|PCB	GeometryEntities	13841	13846	8	1		GeometryEntities	41908	42342	2599	774	
4031	Zone de contact 158	Contacts	False	FullyDefined	Bonded	ProgramControlled	ProgramControlled	ProgramControlled	0 [m]	AdjustToTouch		COMP_R44|COMP_R44	PCB|PCB	GeometryEntities	13868	13873	8	1		GeometryEntities	41908	42342	2599	774	
4034	Zone de contact 159	Contacts	False	FullyDefined	Bonded	ProgramControlled	ProgramControlled	ProgramControlled	0 [m]	AdjustToTouch		COMP_R45|COMP_R45	PCB|PCB	GeometryEntities	13895	13900	8	1		GeometryEntities	41908	42342	2599	774	
4037	Zone de contact 160	Contacts	False	FullyDefined	Bonded	ProgramControlled	ProgramControlled	ProgramControlled	0 [m]	AdjustToTouch		COMP_R46|COMP_R46	PCB|PCB	GeometryEntities	13922	13927	8	1		GeometryEntities	41908	42342	2599	774	
4040	Zone de contact 161	Contacts	False	FullyDefined	Bonded	ProgramControlled	ProgramControlled	ProgramControlled	0 [m]	AdjustToTouch		COMP_R47|COMP_R47	PCB|PCB	GeometryEntities	13949	13954	8	1		GeometryEntities	41908	42342	2599	774	
4043	Zone de contact 162	Contacts	False	FullyDefined	Bonded	ProgramControlled	ProgramControlled	ProgramControlled	0 [m]	AdjustToTouch		COMP_R48|COMP_R48	PCB|PCB	GeometryEntities	13976	13981	8	1		GeometryEntities	41908	42342	2599	774	
4046	Zone de contact 163	Contacts	False	FullyDefined	Bonded	ProgramControlled	ProgramControlled	ProgramControlled	0 [m]	AdjustToTouch		COMP_R49|COMP_R49	PCB|PCB	GeometryEntities	14003	14008	8	1		GeometryEntities	41908	42342	2599	774	
4049	Zone de contact 164	Contacts	False	FullyDefined	Bonded	ProgramControlled	ProgramControlled	ProgramControlled	0 [m]	AdjustToTouch		COMP_R50|COMP_R50	PCB|PCB	GeometryEntities	14030	14035	8	1		GeometryEntities	41908	42342	2599	774	
4052	Zone de contact 165	Contacts	False	FullyDefined	Bonded	ProgramControlled	ProgramControlled	ProgramControlled	0 [m]	AdjustToTouch		COMP_R51|COMP_R51	PCB|PCB	GeometryEntities	14057	14062	8	1		GeometryEntities	41908	42342	2599	774	
4055	Zone de contact 166	Contacts	False	FullyDefined	Bonded	ProgramControlled	ProgramControlled	ProgramControlled	0 [m]	AdjustToTouch		COMP_R52|COMP_R52	PCB|PCB	GeometryEntities	14084	14089	8	1		GeometryEntities	41908	42342	2599	774	
4058	Zone de contact 167	Contacts	False	FullyDefined	Bonded	ProgramControlled	ProgramControlled	ProgramControlled	0 [m]	AdjustToTouch		COMP_R53|COMP_R53	PCB|PCB	GeometryEntities	14111	14116	8	1		GeometryEntities	41908	42342	2599	774	
4061	Zone de contact 168	Contacts	False	FullyDefined	Bonded	ProgramControlled	ProgramControlled	ProgramControlled	0 [m]	AdjustToTouch		COMP_R54|COMP_R54	PCB|PCB	GeometryEntities	14138	14143	8	1		GeometryEntities	41908	42342	2599	774	
4064	Zone de contact 169	Contacts	False	FullyDefined	Bonded	ProgramControlled	ProgramControlled	ProgramControlled	0 [m]	AdjustToTouch		COMP_R55|COMP_R55	PCB|PCB	GeometryEntities	14165	14170	8	1		GeometryEntities	41908	42342	2599	774	
4067	Zone de contact 170	Contacts	False	FullyDefined	Bonded	ProgramControlled	ProgramControlled	ProgramControlled	0 [m]	AdjustToTouch		COMP_R56|COMP_R56	PCB|PCB	GeometryEntities	14192	14197	8	1		GeometryEntities	41908	42342	2599	774	
4070	Zone de contact 171	Contacts	False	FullyDefined	Bonded	ProgramControlled	ProgramControlled	ProgramControlled	0 [m]	AdjustToTouch		COMP_RefDes|COMP_RefDes	PCB|PCB	GeometryEntities	14219	14224	8	1		GeometryEntities	41908	42342	2599	774	
4073	Zone de contact 172	Contacts	False	FullyDefined	Bonded	ProgramControlled	ProgramControlled	ProgramControlled	0 [m]	AdjustToTouch		COMP_U1|COMP_U1	PCB|PCB	GeometryEntities	14246	14251	8	1		GeometryEntities	41908	42342	2599	774	
4076	Zone de contact 173	Contacts	False	FullyDefined	Bonded	ProgramControlled	ProgramControlled	ProgramControlled	0 [m]	AdjustToTouch		Power_Board_Batt_Screw_defeatured_2|LPattern1[9]	PCB|PCB	GeometryEntities	23078,23079,23080	23089	204	84		GeometryEntities	41908,41962,41963,41964,41965,41966,41967,41968,41969	42342	2623	774	
4079	Zone de contact 174	Contacts	False	FullyDefined	Bonded	ProgramControlled	ProgramControlled	ProgramControlled	0 [m]	AdjustToTouch		Power_Board_Batt_Screw_defeatured_2|LPattern1[10]	PCB|PCB	GeometryEntities	23138,23139,23140	23149	233	101		GeometryEntities	41908,41954,41955,41956,41957,41958,41959,41961	42342	2622	774	
4082	Zone de contact 175	Contacts	False	FullyDefined	Bonded	ProgramControlled	ProgramControlled	ProgramControlled	0 [m]	AdjustToTouch		Power_Board_Batt_Screw_defeatured_2|LPattern1[14]	PCB|PCB	GeometryEntities	23198,23199,23200	23209	216	92		GeometryEntities	41908,41914,41915,41916,41917,41918,41919,41920,41921	42342	2623	774	
4085	Zone de contact 176	Contacts	False	FullyDefined	Bonded	ProgramControlled	ProgramControlled	ProgramControlled	0 [m]	AdjustToTouch		Power_Board_Batt_Screw_defeatured_2|LPattern1[15]	PCB|PCB	GeometryEntities	23258,23259,23260	23269	250	108		GeometryEntities	41908,41922,41923,41924,41925,41926,41927,41928,41929	42342	2623	774	
4088	Zone de contact 177	Contacts	False	FullyDefined	Bonded	ProgramControlled	ProgramControlled	ProgramControlled	0 [m]	AdjustToTouch		Power_Board_Batt_Screw_defeatured_2|LPattern1[16]	PCB|PCB	GeometryEntities	23318,23319,23320	23329	260	111		GeometryEntities	41908,41930,41931,41932,41933,41934,41935,41937	42342	2622	774	
4091	Zone de contact 178	Contacts	False	FullyDefined	Bonded	ProgramControlled	ProgramControlled	ProgramControlled	0 [m]	AdjustToTouch		Power_Board_Batt_Screw_defeatured_2|Part 30[1]	PCB|PCB	GeometryEntities	23378,23379,23380	23389	281	123		GeometryEntities	41908,41970,41971,41972,41973,41974,41975,41976,41977	42342	2623	774	
4094	Zone de contact 179	Contacts	False	FullyDefined	Bonded	ProgramControlled	ProgramControlled	ProgramControlled	0 [m]	AdjustToTouch		Power_Board_Batt_Screw_defeatured_2|LPattern3[1]	PCB|PCB	GeometryEntities	23438,23439,23440	23449	201	85		GeometryEntities	41908,41938,41939,41940,41941,41942,41943,41944,41945	42342	2623	774	
4097	Zone de contact 180	Contacts	False	FullyDefined	Bonded	ProgramControlled	ProgramControlled	ProgramControlled	0 [m]	AdjustToTouch		Power_Board_Batt_Screw_defeatured_2|LPattern3[2]	PCB|PCB	GeometryEntities	23498,23499,23500	23509	260	114		GeometryEntities	41908,41946,41947,41948,41949,41950,41951,41952,41953	42342	2623	774	
