ordered_rank,original_default_hz,refined_default_hz
1,62.8049504974,66.6112548974
2,124.874532801,154.798450746
3,163.988071248,468.804282826
4,558.614682832,553.651510879
5,567.111289687,585.781478935
6,689.808038026,820.889339875
7,860.353116948,975.693233639
8,945.370528149,1080.31195646
9,1210.78930462,1128.58222181
10,1281.23007744,1186.04588197
11,1403.89395849,1346.57976513
12,1522.24690617,1443.78182216
13,1705.40562616,1701.16365466
14,1744.80599971,1847.74598925
15,1819.42005173,1873.05090244
16,1894.29264767,1904.19381636
17,2083.23537614,1969.42929651
18,2116.84007521,2010.06071503
19,2131.57063909,2222.74279757
20,2205.54668797,2247.59456156
