set,time,ux_mm,fx_N,uy_mm,uz_mm,rotx,roty,rotz,max_seqv_MPa,max_eppl
      1.,  0.20000000000E-01,  0.10000000000E-01,  0.67042757261E+00, -0.11278866875E-14,  0.66742340668E-05,  0.57709016378E-15, -0.93975578718E-03,  0.93555616949E-14,  0.34812477449E+02,  0.00000000000E+00
      2.,  0.40000000000E-01,  0.20000000000E-01,  0.13409514231E+01,  0.12529562454E-13,  0.33946734950E-04,  0.16251965012E-14, -0.18795128886E-02,  0.18624611420E-13,  0.69691978589E+02,  0.00000000000E+00
      3.,  0.70000000000E-01,  0.35000000000E-01,  0.23469873068E+01,  0.37042475658E-13,  0.11345352850E-03,  0.42467536198E-14, -0.32891556442E-02,  0.32536602647E-13,  0.12213300146E+03,  0.00000000000E+00
      4.,  0.11500000000E+00,  0.57500000000E-01,  0.37956633322E+01,  0.10466391120E-12,  0.32394403031E-03,  0.11452749712E-13, -0.54037813264E-02,  0.52872618891E-13,  0.14830938502E+03,  0.32433262095E-03
      5.,  0.18250000000E+00,  0.91250000000E-01,  0.53254630456E+01,  0.38727466745E-12,  0.87194466093E-03,  0.37863448536E-13, -0.85771149614E-02,  0.77044389837E-13,  0.14930499522E+03,  0.13088115084E-02
      6.,  0.28250000000E+00,  0.14125000000E+00,  0.65498802675E+01,  0.12397496960E-11,  0.22016471370E-02,  0.11713370414E-12, -0.13280558371E-01,  0.10516832050E-12,  0.15087066909E+03,  0.28666399885E-02
      7.,  0.38250000000E+00,  0.19125000000E+00,  0.72024437086E+01,  0.26676178420E-11,  0.40224418449E-02,  0.25086349720E-12, -0.17984556767E-01,  0.13867979437E-12,  0.15237107549E+03,  0.43612429872E-02
      8.,  0.48250000000E+00,  0.24125000000E+00,  0.75761000377E+01,  0.46353527758E-11,  0.62536479552E-02,  0.43124920410E-12, -0.22690209198E-01,  0.16514467375E-12,  0.15385989440E+03,  0.58410246857E-02
      9.,  0.58250000000E+00,  0.29125000000E+00,  0.78278310099E+01,  0.68538430535E-11,  0.89518493343E-02,  0.64001227298E-12, -0.27397025585E-01,  0.18969510976E-12,  0.15533873945E+03,  0.73115063133E-02
     10.,  0.68250000000E+00,  0.34125000000E+00,  0.80345385619E+01,  0.90168720751E-11,  0.12001819870E-01,  0.84091870872E-12, -0.32105107473E-01,  0.21555214376E-12,  0.15680374969E+03,  0.87716707494E-02
     11.,  0.78250000000E+00,  0.39125000000E+00,  0.82279829533E+01,  0.11144570311E-10,  0.15316632633E-01,  0.10418056405E-11, -0.36814689194E-01,  0.23929162107E-12,  0.15826133733E+03,  0.10223950725E-01
     12.,  0.88250000000E+00,  0.44125000000E+00,  0.84169515637E+01,  0.13635613868E-10,  0.19054053122E-01,  0.12765451588E-11, -0.41526127800E-01,  0.26259514070E-12,  0.15972959402E+03,  0.11686549289E-01
     13.,  0.94125000000E+00,  0.47062500000E+00,  0.85248622808E+01,  0.14988725768E-10,  0.21493362240E-01,  0.14087679324E-11, -0.44295282563E-01,  0.27937850969E-12,  0.16060616749E+03,  0.12559413910E-01
     14.,  0.10000000000E+01,  0.50000000000E+00,  0.86327709829E+01,  0.16440838800E-10,  0.24084370135E-01,  0.15474390755E-11, -0.47065315245E-01,  0.29199249166E-12,  0.16148649996E+03,  0.13435412198E-01
