object_id	geometry_id	name	suppressed	nodes	elements	material
411	9634	COMP_C1|COMP_C1	False	20	1	ALUMINA
414	9661	COMP_C2|COMP_C2	False	20	1	ALUMINA
417	9688	COMP_C3|COMP_C3	False	20	1	EPOXYENCAPSULANT
420	9715	COMP_C4|COMP_C4	False	20	1	BARIUMTITANATE
423	9742	COMP_C5|COMP_C5	False	20	1	ALUMINA
426	9769	COMP_C6|COMP_C6	False	20	1	ALUMINA
429	9796	COMP_C7|COMP_C7	False	20	1	BARIUMTITANATE
432	9823	COMP_C8|COMP_C8	False	20	1	ALUMINA
435	9850	COMP_C9|COMP_C9	False	20	1	ALUMINA
438	9877	COMP_C10|COMP_C10	False	20	1	BARIUMTITANATE
441	9904	COMP_C11|COMP_C11	False	20	1	BARIUMTITANATE
444	9931	COMP_C12|COMP_C12	False	20	1	BARIUMTITANATE
447	9958	COMP_C13|COMP_C13	False	20	1	ALUMINA
450	9985	COMP_C14|COMP_C14	False	20	1	ALUMINA
453	10012	COMP_C15|COMP_C15	False	20	1	ALUMINA
456	10039	COMP_C16|COMP_C16	False	20	1	ALUMINA
459	10066	COMP_C17|COMP_C17	False	20	1	CALCIUM ZIRCONATE
462	10093	COMP_C18|COMP_C18	False	20	1	BARIUMTITANATE
465	10120	COMP_C19|COMP_C19	False	20	1	ALUMINA
468	10147	COMP_C20|COMP_C20	False	20	1	ALUMINA
471	10174	COMP_C21|COMP_C21	False	20	1	EPOXYENCAPSULANT
474	10201	COMP_C22|COMP_C22	False	20	1	BARIUMTITANATE
477	10228	COMP_C23|COMP_C23	False	20	1	BARIUMTITANATE
480	10255	COMP_C24|COMP_C24	False	20	1	ALUMINA
483	10282	COMP_C25|COMP_C25	False	20	1	ALUMINA
486	10309	COMP_C26|COMP_C26	False	20	1	BARIUMTITANATE
489	10336	COMP_C27|COMP_C27	False	20	1	BARIUMTITANATE
492	10363	COMP_C28|COMP_C28	False	20	1	ALUMINA
495	10390	COMP_C29|COMP_C29	False	20	1	BARIUMTITANATE
498	10417	COMP_C30|COMP_C30	False	20	1	ALUMINA
501	10444	COMP_C31|COMP_C31	False	20	1	ALUMINA
504	10471	COMP_C32|COMP_C32	False	20	1	EPOXYENCAPSULANT
507	10498	COMP_C33|COMP_C33	False	20	1	BARIUMTITANATE
510	10525	COMP_C34|COMP_C34	False	20	1	ALUMINA
513	10552	COMP_C35|COMP_C35	False	20	1	ALUMINA
516	10579	COMP_C36|COMP_C36	False	20	1	BARIUMTITANATE
519	10606	COMP_C37|COMP_C37	False	20	1	ALUMINA
522	10633	COMP_C38|COMP_C38	False	20	1	EPOXYENCAPSULANT
525	10660	COMP_C39|COMP_C39	False	20	1	BARIUMTITANATE
528	10687	COMP_C40|COMP_C40	False	20	1	ALUMINA
531	10714	COMP_C41|COMP_C41	False	20	1	ALUMINA
534	10741	COMP_C42|COMP_C42	False	20	1	ALUMINA
537	10768	COMP_C43|COMP_C43	False	20	1	ALUMINA
540	10795	COMP_C44|COMP_C44	False	20	1	ALUMINA
543	10822	COMP_C45|COMP_C45	False	20	1	ALUMINA
546	10849	COMP_C46|COMP_C46	False	20	1	ALUMINA
549	10876	COMP_C47|COMP_C47	False	20	1	ALUMINA
552	10903	COMP_C48|COMP_C48	False	20	1	ALUMINA
555	10930	COMP_C49|COMP_C49	False	20	1	ALUMINA
558	10957	COMP_C50|COMP_C50	False	20	1	ALUMINA
561	10984	COMP_C51|COMP_C51	False	20	1	ALUMINA
564	11011	COMP_C52|COMP_C52	False	20	1	ALUMINA
567	11038	COMP_C53|COMP_C53	False	20	1	ALUMINA
570	11065	COMP_C54|COMP_C54	False	20	1	ALUMINA
573	11092	COMP_C55|COMP_C55	False	20	1	ALUMINA
576	11119	COMP_C56|COMP_C56	False	20	1	EPOXYENCAPSULANT
579	11146	COMP_C57|COMP_C57	False	20	1	BARIUMTITANATE
582	11173	COMP_C58|COMP_C58	False	20	1	ALUMINA
585	11200	COMP_C59|COMP_C59	False	20	1	ALUMINA
588	11227	COMP_C60|COMP_C60	False	20	1	BARIUMTITANATE
591	11254	COMP_C61|COMP_C61	False	20	1	ALUMINA
594	11281	COMP_C62|COMP_C62	False	20	1	ALUMINA
597	11308	COMP_C63|COMP_C63	False	20	1	ALUMINA
600	11335	COMP_C64|COMP_C64	False	20	1	ALUMINA
603	11362	COMP_C65|COMP_C65	False	20	1	ALUMINA
606	11389	COMP_C66|COMP_C66	False	20	1	ALUMINA
609	11416	COMP_C67|COMP_C67	False	20	1	BARIUMTITANATE
612	11443	COMP_C68|COMP_C68	False	20	1	ALUMINA
615	11470	COMP_C69|COMP_C69	False	20	1	ALUMINA
618	11497	COMP_C70|COMP_C70	False	20	1	BARIUMTITANATE
621	11524	COMP_C71|COMP_C71	False	20	1	ALUMINA
624	11551	COMP_C72|COMP_C72	False	20	1	EPOXYENCAPSULANT
627	11578	COMP_C73|COMP_C73	False	20	1	ALUMINA
630	11605	COMP_C74|COMP_C74	False	20	1	ALUMINA
633	11632	COMP_D1|COMP_D1	False	20	1	ALUMINA
636	11659	COMP_D2|COMP_D2	False	20	1	EPOXYENCAPSULANT
639	11686	COMP_D3|COMP_D3	False	20	1	ALUMINA
642	11713	COMP_D4|COMP_D4	False	20	1	ALUMINA
645	11740	COMP_D5|COMP_D5	False	20	1	ALUMINA
648	11767	COMP_D6|COMP_D6	False	20	1	EPOXYENCAPSULANT
651	11794	COMP_D7|COMP_D7	False	20	1	EPOXYENCAPSULANT
654	11821	COMP_D8|COMP_D8	False	20	1	EPOXYENCAPSULANT
657	11848	COMP_D9|COMP_D9	False	20	1	ALUMINA
660	11875	COMP_D10|COMP_D10	False	20	1	ALUMINA
663	11902	COMP_IC1|COMP_IC1	False	20	1	PM0002
666	11929	COMP_IC2|COMP_IC2	False	20	1	EPOXYENCAPSULANT
669	11956	COMP_IC3|COMP_IC3	False	20	1	PM0002
672	11983	COMP_IC4|COMP_IC4	False	20	1	EPOXYENCAPSULANT
675	12010	COMP_IC5|COMP_IC5	False	20	1	PM0002
678	12037	COMP_IC7|COMP_IC7	False	20	1	PM0002
681	12064	COMP_IC8|COMP_IC8	False	20	1	EPOXYENCAPSULANT
684	12091	COMP_IC9|COMP_IC9	False	20	1	EPOXYENCAPSULANT
687	12118	COMP_IC10|COMP_IC10	False	20	1	EPOXYENCAPSULANT
690	12145	COMP_IC11|COMP_IC11	False	20	1	PM0002
693	12172	COMP_IC12|COMP_IC12	False	20	1	EPOXYENCAPSULANT
696	12199	COMP_IC13|COMP_IC13	False	20	1	EPOXYENCAPSULANT
699	12226	COMP_IC14|COMP_IC14	False	20	1	PM0002
702	12253	COMP_IC15|COMP_IC15	False	20	1	EPOXYENCAPSULANT
705	12280	COMP_J1|COMP_J1	False	68	5	CUIVRE
708	12307	COMP_J2|COMP_J2	False	32	2	CUIVRE
711	12334	COMP_J3|COMP_J3	False	51	4	EPOXYENCAPSULANT
714	12361	COMP_J4|COMP_J4	False	32	2	CUIVRE
717	12388	COMP_J5|COMP_J5	False	20	1	CUIVRE
720	12415	COMP_J6|COMP_J6	False	20	1	CUIVRE
723	12442	COMP_L1|COMP_L1	False	20	1	FERRITE
726	12469	COMP_L2|COMP_L2	False	20	1	FERRITE
729	12496	COMP_L3|COMP_L3	False	20	1	EPOXYENCAPSULANT
732	12523	COMP_L4|COMP_L4	False	20	1	FERRITE
735	12550	COMP_L5|COMP_L5	False	20	1	FERRITE
738	12577	COMP_L6|COMP_L6	False	20	1	FERRITE
741	12604	COMP_Q1|COMP_Q1	False	20	1	EPOXYENCAPSULANT
744	12631	COMP_Q2|COMP_Q2	False	20	1	PM0001
747	12658	COMP_Q3|COMP_Q3	False	20	1	EPOXYENCAPSULANT
750	12685	COMP_Q4|COMP_Q4	False	20	1	EPOXYENCAPSULANT
753	12712	COMP_R1|COMP_R1	False	20	1	ALUMINA
756	12739	COMP_R2|COMP_R2	False	20	1	ALUMINA
759	12766	COMP_R3|COMP_R3	False	20	1	ALUMINA
762	12793	COMP_R4|COMP_R4	False	20	1	ALUMINA
765	12820	COMP_R5|COMP_R5	False	20	1	ALUMINA
768	12847	COMP_R6|COMP_R6	False	20	1	ALUMINA
771	12874	COMP_R7|COMP_R7	False	20	1	ALUMINA
774	12901	COMP_R8|COMP_R8	False	20	1	ALUMINA
777	12928	COMP_R9|COMP_R9	False	20	1	ALUMINA
780	12955	COMP_R10|COMP_R10	False	20	1	ALUMINA
783	12982	COMP_R11|COMP_R11	False	20	1	ALUMINA
786	13009	COMP_R12|COMP_R12	False	20	1	ALUMINA
789	13036	COMP_R13|COMP_R13	False	20	1	ALUMINA
792	13063	COMP_R14|COMP_R14	False	20	1	ALUMINA
795	13090	COMP_R15|COMP_R15	False	20	1	ALUMINA
798	13117	COMP_R16|COMP_R16	False	20	1	ALUMINA
801	13144	COMP_R17|COMP_R17	False	20	1	ALUMINA
804	13171	COMP_R18|COMP_R18	False	20	1	ALUMINA
807	13198	COMP_R19|COMP_R19	False	20	1	ALUMINA
810	13225	COMP_R20|COMP_R20	False	20	1	ALUMINA
813	13252	COMP_R21|COMP_R21	False	20	1	ALUMINA
816	13279	COMP_R22|COMP_R22	False	20	1	ALUMINA
819	13306	COMP_R23|COMP_R23	False	20	1	ALUMINA
822	13333	COMP_R24|COMP_R24	False	20	1	ALUMINA
825	13360	COMP_R25|COMP_R25	False	20	1	ALUMINA
828	13387	COMP_R26|COMP_R26	False	20	1	ALUMINA
831	13414	COMP_R27|COMP_R27	False	20	1	ALUMINA
834	13441	COMP_R28|COMP_R28	False	20	1	ALUMINA
837	13468	COMP_R29|COMP_R29	False	20	1	ALUMINA
840	13495	COMP_R30|COMP_R30	False	20	1	ALUMINA
843	13522	COMP_R31|COMP_R31	False	20	1	ALUMINA
846	13549	COMP_R32|COMP_R32	False	20	1	ALUMINA
849	13576	COMP_R33|COMP_R33	False	20	1	ALUMINA
852	13603	COMP_R34|COMP_R34	False	20	1	ALUMINA
855	13630	COMP_R35|COMP_R35	False	20	1	ALUMINA
858	13657	COMP_R36|COMP_R36	False	20	1	ALUMINA
861	13684	COMP_R37|COMP_R37	False	20	1	ALUMINA
864	13711	COMP_R38|COMP_R38	False	20	1	ALUMINA
867	13738	COMP_R39|COMP_R39	False	20	1	ALUMINA
870	13765	COMP_R40|COMP_R40	False	20	1	ALUMINA
873	13792	COMP_R41|COMP_R41	False	20	1	ALUMINA
876	13819	COMP_R42|COMP_R42	False	20	1	ALUMINA
879	13846	COMP_R43|COMP_R43	False	20	1	ALUMINA
882	13873	COMP_R44|COMP_R44	False	20	1	ALUMINA
885	13900	COMP_R45|COMP_R45	False	20	1	ALUMINA
888	13927	COMP_R46|COMP_R46	False	20	1	ALUMINA
891	13954	COMP_R47|COMP_R47	False	20	1	ALUMINA
894	13981	COMP_R48|COMP_R48	False	20	1	ALUMINA
897	14008	COMP_R49|COMP_R49	False	20	1	ALUMINA
900	14035	COMP_R50|COMP_R50	False	20	1	ALUMINA
903	14062	COMP_R51|COMP_R51	False	20	1	ALUMINA
906	14089	COMP_R52|COMP_R52	False	20	1	ALUMINA
909	14116	COMP_R53|COMP_R53	False	20	1	ALUMINA
912	14143	COMP_R54|COMP_R54	False	20	1	ALUMINA
915	14170	COMP_R55|COMP_R55	False	20	1	ALUMINA
918	14197	COMP_R56|COMP_R56	False	20	1	ALUMINA
921	14224	COMP_RefDes|COMP_RefDes	False	20	1	EPOXYENCAPSULANT
924	14251	COMP_U1|COMP_U1	False	20	1	PM0003
1550	20040	Power_Board_Batt_Screw_defeatured_2|Part 13[1]	False	7035	1372	Acier standard
1553	20091	Power_Board_Batt_Screw_defeatured_2|Part 28[1]	False	988	372	NICKEL-200
1556	20127	Power_Board_Batt_Screw_defeatured_2|Part 12[1]	False	180	60	Acier standard
1559	20157	Power_Board_Batt_Screw_defeatured_2|Part 27[1]	False	1353	744	PilesLiPo
1562	20190	Power_Board_Batt_Screw_defeatured_2|Part 11[1]	False	177	60	Acier standard
1565	20246	Power_Board_Batt_Screw_defeatured_2|Part 26[1]	False	6123	1180	Acier standard
1568	20297	Power_Board_Batt_Screw_defeatured_2|Part 3[1]	False	2198	945	NICKEL-200
1571	20348	Power_Board_Batt_Screw_defeatured_2|Part 25[1]	False	1006	381	NICKEL-200
1574	20407	Power_Board_Batt_Screw_defeatured_2|Part 2[1]	False	6536	1264	Acier standard
1577	20466	Power_Board_Batt_Screw_defeatured_2|Part 24[1]	False	6983	1364	Acier standard
1580	20525	Power_Board_Batt_Screw_defeatured_2|Part 4[1]	False	5857	1124	Acier standard
1583	20561	Power_Board_Batt_Screw_defeatured_2|Part 23[1]	False	180	60	Acier standard
1586	20594	Power_Board_Batt_Screw_defeatured_2|Part 22[1]	False	180	60	Acier standard
1589	20642	Power_Board_Batt_Screw_defeatured_2|Part 6[1]	False	968	370	NICKEL-200
1592	20675	Power_Board_Batt_Screw_defeatured_2|Part 5[1]	False	1281	711	PilesLiPo
1595	20708	Power_Board_Batt_Screw_defeatured_2|Part 33[1]	False	186	63	Acier standard
1598	20756	Power_Board_Batt_Screw_defeatured_2|Part 17[1]	False	1020	386	NICKEL-200
1601	20792	Power_Board_Batt_Screw_defeatured_2|Part 1[1]	False	180	60	Acier standard
1604	20822	Power_Board_Batt_Screw_defeatured_2|Part 16[1]	False	1317	732	PilesLiPo
1607	20878	Power_Board_Batt_Screw_defeatured_2|Part 15[1]	False	6374	1224	Acier standard
1610	20929	Power_Board_Batt_Screw_defeatured_2|Part 14[1]	False	999	383	NICKEL-200
1613	21279	Power_Board_Batt_Screw_defeatured_2|Part 31[1]	False	13958	9124	Acier standard
1616	21629	Power_Board_Batt_Screw_defeatured_2|LPattern1[1]	False	14023	9158	Acier standard
1619	21979	Power_Board_Batt_Screw_defeatured_2|LPattern1[2]	False	14074	9214	Acier standard
1622	22329	Power_Board_Batt_Screw_defeatured_2|LPattern1[6]	False	13432	8841	Acier standard
1625	22679	Power_Board_Batt_Screw_defeatured_2|LPattern1[7]	False	13687	8984	Acier standard
1628	23029	Power_Board_Batt_Screw_defeatured_2|LPattern1[8]	False	14108	9247	Acier standard
1631	23089	Power_Board_Batt_Screw_defeatured_2|LPattern1[9]	False	1572	737	Acier standard
1634	23149	Power_Board_Batt_Screw_defeatured_2|LPattern1[10]	False	1709	816	Acier standard
1637	23209	Power_Board_Batt_Screw_defeatured_2|LPattern1[14]	False	1502	724	Acier standard
1640	23269	Power_Board_Batt_Screw_defeatured_2|LPattern1[15]	False	1659	795	Acier standard
1643	23329	Power_Board_Batt_Screw_defeatured_2|LPattern1[16]	False	1658	783	Acier standard
1646	23389	Power_Board_Batt_Screw_defeatured_2|Part 30[1]	False	1731	820	Acier standard
1649	23449	Power_Board_Batt_Screw_defeatured_2|LPattern3[1]	False	1523	714	Acier standard
1652	23509	Power_Board_Batt_Screw_defeatured_2|LPattern3[2]	False	1750	835	Acier standard
3558	42342	PCB|PCB	False	217704	39014	PCB