object_id	name	source	target	behavior
4127	Zone de contact	9629	41908	ProgramControlled
4130	Zone de contact 2	9656	41908	ProgramControlled
4133	Zone de contact 3	9683	41908	ProgramControlled
4136	Zone de contact 4	9710	41908	ProgramControlled
4139	Zone de contact 5	9737	41908	ProgramControlled
4142	Zone de contact 6	9764	41908	ProgramControlled
4145	Zone de contact 7	9791	41908	ProgramControlled
4148	Zone de contact 8	9818	41908	ProgramControlled
4151	Zone de contact 9	9845	41908	ProgramControlled
4154	Zone de contact 10	9872	41908	ProgramControlled
4157	Zone de contact 11	9899	41908	ProgramControlled
4160	Zone de contact 12	9926	41908	ProgramControlled
4163	Zone de contact 13	9953	41908	ProgramControlled
4166	Zone de contact 14	9980	41908	ProgramControlled
4169	Zone de contact 15	10007	41908	ProgramControlled
4172	Zone de contact 16	10034	41908	ProgramControlled
4175	Zone de contact 17	10061	41908	ProgramControlled
4178	Zone de contact 18	10088	41908	ProgramControlled
4181	Zone de contact 19	10115	41908	ProgramControlled
4184	Zone de contact 20	10142	41908	ProgramControlled
4187	Zone de contact 21	10169	41908	ProgramControlled
4190	Zone de contact 22	10196	41908	ProgramControlled
4193	Zone de contact 23	10223	41908	ProgramControlled
4196	Zone de contact 24	10250	41908	ProgramControlled
4199	Zone de contact 25	10277	41908	ProgramControlled
4202	Zone de contact 26	10304	41908	ProgramControlled
4205	Zone de contact 27	10331	41908	ProgramControlled
4208	Zone de contact 28	10358	41908	ProgramControlled
4211	Zone de contact 29	10385	41908	ProgramControlled
4214	Zone de contact 30	10412	41908	ProgramControlled
4217	Zone de contact 31	10439	41908	ProgramControlled
4220	Zone de contact 32	10466	41908	ProgramControlled
4223	Zone de contact 33	10493	41908	ProgramControlled
4226	Zone de contact 34	10520	41908	ProgramControlled
4229	Zone de contact 35	10547	41908	ProgramControlled
4232	Zone de contact 36	10574	41908	ProgramControlled
4235	Zone de contact 37	10601	41908	ProgramControlled
4238	Zone de contact 38	10628	41908	ProgramControlled
4241	Zone de contact 39	10655	41908	ProgramControlled
4244	Zone de contact 40	10682	41908	ProgramControlled
4247	Zone de contact 41	10709	41908	ProgramControlled
4250	Zone de contact 42	10736	41908	ProgramControlled
4253	Zone de contact 43	10763	41908	ProgramControlled
4256	Zone de contact 44	10790	41908	ProgramControlled
4259	Zone de contact 45	10817	41908	ProgramControlled
4262	Zone de contact 46	10844	41908	ProgramControlled
4265	Zone de contact 47	10871	41908	ProgramControlled
4268	Zone de contact 48	10898	41908	ProgramControlled
4271	Zone de contact 49	10925	41908	ProgramControlled
4274	Zone de contact 50	10952	41908	ProgramControlled
4277	Zone de contact 51	10979	41908	ProgramControlled
4280	Zone de contact 52	11006	41908	ProgramControlled
4283	Zone de contact 53	11033	41908	ProgramControlled
4286	Zone de contact 54	11060	41908	ProgramControlled
4289	Zone de contact 55	11087	41908	ProgramControlled
4292	Zone de contact 56	11114	41908	ProgramControlled
4295	Zone de contact 57	11141	41908	ProgramControlled
4298	Zone de contact 58	11168	41908	ProgramControlled
4301	Zone de contact 59	11195	41908	ProgramControlled
4304	Zone de contact 60	11222	41908	ProgramControlled
4307	Zone de contact 61	11249	41908	ProgramControlled
4310	Zone de contact 62	11276	41908	ProgramControlled
4313	Zone de contact 63	11303	41908	ProgramControlled
4316	Zone de contact 64	11330	41908	ProgramControlled
4319	Zone de contact 65	11357	41908	ProgramControlled
4322	Zone de contact 66	11384	41908	ProgramControlled
4325	Zone de contact 67	11411	41908	ProgramControlled
4328	Zone de contact 68	11438	41908	ProgramControlled
4331	Zone de contact 69	11465	41908	ProgramControlled
4334	Zone de contact 70	11492	41908	ProgramControlled
4337	Zone de contact 71	11519	41908	ProgramControlled
4340	Zone de contact 72	11546	41908	ProgramControlled
4343	Zone de contact 73	11573	41908	ProgramControlled
4346	Zone de contact 74	11600	41908	ProgramControlled
4349	Zone de contact 75	11627	41908	ProgramControlled
4352	Zone de contact 76	11654	41908	ProgramControlled
4355	Zone de contact 77	11681	41908	ProgramControlled
4358	Zone de contact 78	11708	41908	ProgramControlled
4361	Zone de contact 79	11735	41908	ProgramControlled
4364	Zone de contact 80	11762	41908	ProgramControlled
4367	Zone de contact 81	11789	41908	ProgramControlled
4370	Zone de contact 82	11816	41908	ProgramControlled
4373	Zone de contact 83	11843	41908	ProgramControlled
4376	Zone de contact 84	11870	41908	ProgramControlled
4379	Zone de contact 85	11897	41908	ProgramControlled
4382	Zone de contact 86	11924	41908	ProgramControlled
4385	Zone de contact 87	11951	41908	ProgramControlled
4388	Zone de contact 88	11978	41908	ProgramControlled
4391	Zone de contact 89	12005	41908	ProgramControlled
4394	Zone de contact 90	12032	41908	ProgramControlled
4397	Zone de contact 91	12059	41908	ProgramControlled
4400	Zone de contact 92	12086	41908	ProgramControlled
4403	Zone de contact 93	12113	41908	ProgramControlled
4406	Zone de contact 94	12140	41908	ProgramControlled
4409	Zone de contact 95	12167	41908	ProgramControlled
4412	Zone de contact 96	12194	41908	ProgramControlled
4415	Zone de contact 97	12221	41908	ProgramControlled
4418	Zone de contact 98	12248	41908	ProgramControlled
4421	Zone de contact 99	12275	41908	ProgramControlled
4424	Zone de contact 100	12302	41908	ProgramControlled
4427	Zone de contact 101	12329	41908	ProgramControlled
4430	Zone de contact 102	12356	41908	ProgramControlled
4433	Zone de contact 103	12383	41908	ProgramControlled
4436	Zone de contact 104	12410	41908	ProgramControlled
4439	Zone de contact 105	12437	41908	ProgramControlled
4442	Zone de contact 106	12464	41908	ProgramControlled
4445	Zone de contact 107	12491	41908	ProgramControlled
4448	Zone de contact 108	12518	41908	ProgramControlled
4451	Zone de contact 109	12545	41908	ProgramControlled
4454	Zone de contact 110	12572	41908	ProgramControlled
4457	Zone de contact 111	12599	41908	ProgramControlled
4460	Zone de contact 112	12626	41908	ProgramControlled
4463	Zone de contact 113	12653	41908	ProgramControlled
4466	Zone de contact 114	12680	41908	ProgramControlled
4469	Zone de contact 115	12707	41908	ProgramControlled
4472	Zone de contact 116	12734	41908	ProgramControlled
4475	Zone de contact 117	12761	41908	ProgramControlled
4478	Zone de contact 118	12788	41908	ProgramControlled
4481	Zone de contact 119	12815	41908	ProgramControlled
4484	Zone de contact 120	12842	41908	ProgramControlled
4487	Zone de contact 121	12869	41908	ProgramControlled
4490	Zone de contact 122	12896	41908	ProgramControlled
4493	Zone de contact 123	12923	41908	ProgramControlled
4496	Zone de contact 124	12950	41908	ProgramControlled
4499	Zone de contact 125	12977	41908	ProgramControlled
4502	Zone de contact 126	13004	41908	ProgramControlled
4505	Zone de contact 127	13031	41908	ProgramControlled
4508	Zone de contact 128	13058	41908	ProgramControlled
4511	Zone de contact 129	13085	41908	ProgramControlled
4514	Zone de contact 130	13112	41908	ProgramControlled
4517	Zone de contact 131	13139	41908	ProgramControlled
4520	Zone de contact 132	13166	41908	ProgramControlled
4523	Zone de contact 133	13193	41908	ProgramControlled
4526	Zone de contact 134	13220	41908	ProgramControlled
4529	Zone de contact 135	13247	41908	ProgramControlled
4532	Zone de contact 136	13274	41908	ProgramControlled
4535	Zone de contact 137	13301	41908	ProgramControlled
4538	Zone de contact 138	13328	41908	ProgramControlled
4541	Zone de contact 139	13355	41908	ProgramControlled
4544	Zone de contact 140	13382	41908	ProgramControlled
4547	Zone de contact 141	13409	41908	ProgramControlled
4550	Zone de contact 142	13436	41908	ProgramControlled
4553	Zone de contact 143	13463	41908	ProgramControlled
4556	Zone de contact 144	13490	41908	ProgramControlled
4559	Zone de contact 145	13517	41908	ProgramControlled
4562	Zone de contact 146	13544	41908	ProgramControlled
4565	Zone de contact 147	13571	41908	ProgramControlled
4568	Zone de contact 148	13598	41908	ProgramControlled
4571	Zone de contact 149	13625	41908	ProgramControlled
4574	Zone de contact 150	13652	41908	ProgramControlled
4577	Zone de contact 151	13679	41908	ProgramControlled
4580	Zone de contact 152	13706	41908	ProgramControlled
4583	Zone de contact 153	13733	41908	ProgramControlled
4586	Zone de contact 154	13760	41908	ProgramControlled
4589	Zone de contact 155	13787	41908	ProgramControlled
4592	Zone de contact 156	13814	41908	ProgramControlled
4595	Zone de contact 157	13841	41908	ProgramControlled
4598	Zone de contact 158	13868	41908	ProgramControlled
4601	Zone de contact 159	13895	41908	ProgramControlled
4604	Zone de contact 160	13922	41908	ProgramControlled
4607	Zone de contact 161	13949	41908	ProgramControlled
4610	Zone de contact 162	13976	41908	ProgramControlled
4613	Zone de contact 163	14003	41908	ProgramControlled
4616	Zone de contact 164	14030	41908	ProgramControlled
4619	Zone de contact 165	14057	41908	ProgramControlled
4622	Zone de contact 166	14084	41908	ProgramControlled
4625	Zone de contact 167	14111	41908	ProgramControlled
4628	Zone de contact 168	14138	41908	ProgramControlled
4631	Zone de contact 169	14165	41908	ProgramControlled
4634	Zone de contact 170	14192	41908	ProgramControlled
4637	Zone de contact 171	14219	41908	ProgramControlled
4640	Zone de contact 172	14246	41908	ProgramControlled
4643	Zone de contact 173	20027	20587,20592	ProgramControlled
4646	Zone de contact 174	20022,20028,20035	20918	ProgramControlled
4649	Zone de contact 175	20024,20028	23077	ProgramControlled
4652	Zone de contact 176	20084	20152,20153	ProgramControlled
4655	Zone de contact 177	20080	20228,20234,20241	ProgramControlled
4658	Zone de contact 178	20120,20125	20863,20865,20870	ProgramControlled
4661	Zone de contact 179	20122,20123	22621,22665,22668	ProgramControlled
4664	Zone de contact 180	20149,20150,20151	20341	ProgramControlled
4667	Zone de contact 181	20183,20188	20392,20394,20399	ProgramControlled
4670	Zone de contact 182	20185,20186	22971,23015,23018	ProgramControlled
4673	Zone de contact 183	20233	20554,20559	ProgramControlled
4676	Zone de contact 184	20286	20389,20395,20402	ProgramControlled
4679	Zone de contact 185	20290	20667,20668,20669	ProgramControlled
4682	Zone de contact 186	20337	20448,20454,20461	ProgramControlled
4685	Zone de contact 187	20395,20400	23317	ProgramControlled
4688	Zone de contact 188	20453	20701,20706	ProgramControlled
4691	Zone de contact 189	20507,20513,20520	20631	ProgramControlled
4694	Zone de contact 190	20512	20785,20790	ProgramControlled
4697	Zone de contact 191	20513,20518	23137	ProgramControlled
4700	Zone de contact 192	20556,20557	21221,21265,21268	ProgramControlled
4703	Zone de contact 193	20589,20590	21571,21615,21618	ProgramControlled
4706	Zone de contact 194	20635	20670,20671	ProgramControlled
4709	Zone de contact 195	20703,20704	22271,22315,22318	ProgramControlled
4712	Zone de contact 196	20749	20817,20818	ProgramControlled
4715	Zone de contact 197	20745	20860,20866,20873	ProgramControlled
4718	Zone de contact 198	20787,20788	21921,21965,21968	ProgramControlled
4721	Zone de contact 199	20814,20815,20816	20922	ProgramControlled
4724	Zone de contact 200	20862,20866	23257	ProgramControlled
4727	Zone de contact 201	23078,23079,23080	41908,41962,41963,41964,41965,41966,41967,41968,41969	ProgramControlled
4730	Zone de contact 202	23138,23139,23140	41908,41954,41955,41956,41957,41958,41959,41961	ProgramControlled
4733	Zone de contact 203	23198,23199,23200	41908,41914,41915,41916,41917,41918,41919,41920,41921	ProgramControlled
4736	Zone de contact 204	23258,23259,23260	41908,41922,41923,41924,41925,41926,41927,41928,41929	ProgramControlled
4739	Zone de contact 205	23318,23319,23320	41908,41930,41931,41932,41933,41934,41935,41937	ProgramControlled
4742	Zone de contact 206	23378,23379,23380	41908,41970,41971,41972,41973,41974,41975,41976,41977	ProgramControlled
4745	Zone de contact 207	23438,23439,23440	41908,41938,41939,41940,41941,41942,41943,41944,41945	ProgramControlled
4748	Zone de contact 208	23498,23499,23500	41908,41946,41947,41948,41949,41950,41951,41952,41953	ProgramControlled