set,force_x_N,force_y_N,force_z_N
      1.,  0.49176734557E-05,  0.67042756990E+00,  0.67042759307E+00
      2.,  0.12878839328E-07,  0.13409514232E+01,  0.13409514199E+01
      3.,  0.71681416802E-07,  0.23469873066E+01,  0.23469872911E+01
      4.,  0.59620339465E-06,  0.38568122115E+01,  0.38568121246E+01
      5., -0.49834026004E-04,  0.59407405748E+01,  0.59406960217E+01
      6., -0.78529857808E-05,  0.79427605058E+01,  0.79427426326E+01
      7.,  0.54539268151E-03,  0.91479197467E+01,  0.91478686858E+01
      8., -0.89735703826E-03,  0.99332230667E+01,  0.99336000607E+01
      9.,  0.77721046775E-03,  0.10461662294E+02,  0.10461864786E+02
     10.,  0.38542084914E-03,  0.10847823360E+02,  0.10847897858E+02
     11.,  0.81759968243E-03,  0.11161235446E+02,  0.11161273887E+02
     12.,  0.68564467420E-03,  0.11442963073E+02,  0.11443010858E+02
     13.,  0.34266758453E-03,  0.11603479470E+02,  0.11603470918E+02
     14., -0.57804791194E-05,  0.11761705861E+02,  0.11761705938E+02
