step,rx_N,ry_N,rz_N
      1.,  0.21773008E-05, -0.24431762E-10, -0.19582689E-04
      2., -0.13004019E-05, -0.11447843E-10,  0.18897633E-05
      3., -0.30401070E-05, -0.16459056E-10,  0.71184180E-04
      4.,  0.49391184E-04,  0.26534330E-12,  0.45542720E-03
      5.,  0.10863546E-05, -0.34413361E-10,  0.16380967E-03
      6.,  0.49870892E-04, -0.48552273E-09,  0.31235061E-03
      7.,  0.12319402E-05,  0.47989168E-10, -0.17058150E-04
      8.,  0.11318034E-05,  0.23298385E-09,  0.86044865E-03
      9., -0.20627207E-04,  0.19769697E-09,  0.58566203E-03
     10., -0.57327361E-05,  0.56372069E-07, -0.16230106E-01
     11., -0.22801035E-03,  0.40580442E-07, -0.97683520E-02
     12., -0.38598956E-03,  0.44606871E-07,  0.94246637E-02
     13., -0.18935162E-03, -0.64148203E-07,  0.65888523E-02
     14., -0.11357027E-03, -0.31285428E-08,  0.60913947E-02
     15.,  0.24220393E-04, -0.69953998E-09,  0.90830473E-03
     16., -0.45052033E-04, -0.86983896E-08,  0.23387234E-02
     17., -0.58497135E-04, -0.23844382E-07,  0.44172996E-02
     18., -0.16604456E-03, -0.15901723E-06,  0.60728971E-02
     19.,  0.28613258E-04, -0.20447253E-08,  0.39776823E-03
     20., -0.16982217E-04, -0.11856263E-06,  0.37849744E-02
     21.,  0.27991076E-04, -0.55111826E-09,  0.36877897E-02
     22.,  0.74748653E-04, -0.34228972E-07,  0.29895616E-02
     23.,  0.64745607E-04, -0.39278802E-10,  0.21235769E-02
     24.,  0.10148190E-03, -0.79848306E-08,  0.37784816E-02
     25.,  0.25630006E-04,  0.10726584E-06,  0.34900085E-04
     26.,  0.30918435E-05,  0.24491411E-06, -0.20839937E-03
     27.,  0.16694168E-03, -0.30761527E-09,  0.25266260E-02
     28.,  0.20366414E-03,  0.68832498E-06,  0.16559421E-02
     29.,  0.84094333E-04,  0.40819514E-06,  0.58614138E-03
     30.,  0.44490055E-03, -0.48231765E-07, -0.35652743E-02
     31.,  0.49744453E-03,  0.13746018E-05, -0.51488893E-02
     32., -0.24978075E-03, -0.62338476E-07, -0.39655511E-03
     33., -0.28808970E-03, -0.18737067E-06, -0.28953723E-03
     34.,  0.86565190E-04,  0.44899688E-05, -0.50837320E-02
     35.,  0.14582140E-04,  0.13404096E-05, -0.35004374E-02
     36., -0.40133608E-03,  0.25055005E-06, -0.24028716E-02
     37.,  0.38870079E-03,  0.67120716E-07,  0.46538008E-02
     38.,  0.21724017E-03,  0.28872904E-09,  0.33914420E-02
     39., -0.27931339E-04,  0.37484682E-09, -0.38701677E-03
     40., -0.29351720E-04, -0.22153088E-08, -0.31506943E-03
     41.,  0.11799571E-03, -0.32191352E-08, -0.13618574E-03
     42.,  0.12671447E-04,  0.14711787E-09, -0.10963715E-04
     43., -0.23154607E-03,  0.23012490E-08, -0.75989251E-03
     44., -0.27596711E-04,  0.82063423E-09,  0.10243565E-02
     45., -0.23218980E-05, -0.12014718E-06,  0.30346039E-02
     46.,  0.27589118E-04,  0.21988456E-09, -0.24618935E-03
     47.,  0.30489765E-04,  0.17541808E-08, -0.20952244E-03
     48., -0.20809804E-04, -0.24591955E-08,  0.44262086E-04
     49., -0.32581708E-04, -0.67376504E-09, -0.60223749E-03
     50., -0.24437583E-03,  0.23514744E-07, -0.67754687E-03
     51., -0.96183343E-04,  0.12723618E-08, -0.50556534E-04
     52., -0.11930940E-03,  0.19105784E-08,  0.28338671E-03
     53.,  0.86926043E-05, -0.47442938E-10, -0.27730941E-03
     54.,  0.21738641E-04, -0.86359364E-10, -0.53269398E-03
     55., -0.14004986E-04, -0.10692958E-09, -0.69186893E-04
     56., -0.18191275E-04, -0.28514080E-10, -0.63411352E-05
     57., -0.31071530E-03,  0.15266579E-07, -0.63823144E-03
     58., -0.20916996E-03,  0.21688137E-06,  0.43685816E-04
     59., -0.36099260E-04,  0.53075496E-07, -0.47156238E-04
     60., -0.21418669E-04,  0.36787426E-08, -0.43658545E-03
     61., -0.11080490E-04, -0.74390883E-07, -0.64382792E-03
     62., -0.30930497E-04,  0.18547013E-08, -0.17003189E-03
     63., -0.33606462E-04,  0.17891466E-10, -0.24433249E-04
     64., -0.29674581E-03,  0.94423882E-08, -0.69242563E-03
     65., -0.31475058E-03,  0.36291949E-06, -0.27348912E-03
     66.,  0.49287508E-03, -0.22791369E-09, -0.20628919E+00
     67., -0.19242016E-03, -0.40998316E-10,  0.79409713E-01
     68., -0.28383427E-03,  0.11799042E-06,  0.11299429E+00
     69.,  0.33357798E-03, -0.37690739E-08, -0.12725257E+00
     70.,  0.11640244E-03, -0.84936289E-07, -0.21691073E-01
     71., -0.14829058E-03,  0.22806006E-08,  0.21563519E-01
     72.,  0.11196353E-03,  0.16775184E-06, -0.86736317E-02
     73., -0.14582954E-03,  0.87952401E-09,  0.30356410E-01
     74., -0.82644145E-04, -0.19507513E-06,  0.19571947E-02
     75., -0.19310175E-04, -0.10335825E-06, -0.90952360E-02
     76., -0.33213859E-04, -0.38414370E-07, -0.13082848E-01
     77.,  0.12486606E-03, -0.97325284E-07, -0.20227075E-01
     78., -0.67625579E-04,  0.43093962E-07,  0.46177359E-03
     79., -0.60770942E-04,  0.34394304E-07,  0.27364619E-01
     80., -0.14567681E-03,  0.89258094E-08,  0.34517274E-01
     81., -0.99317300E-04,  0.20396982E-08,  0.28825762E-01
     82., -0.71999100E-04,  0.39758064E-07,  0.20739052E-01
     83., -0.50937070E-04,  0.12288695E-08, -0.13843684E-01
     84., -0.70601566E-04,  0.18682442E-08,  0.10886695E-01
     85., -0.39868158E-04, -0.12705409E-06,  0.69181106E-03
