step,time,ux_mm,fx_N,uy_mm,uz_mm,roty,dtop,dmid,dbot,peeq,seqv,clamp1_N,clamp2_N
      1.,  0.20250000E+01,  0.25000000E-01,  0.13117827E+01,  0.12510754E-13,  0.18910057E-03, -0.23424196E-02,  0.00000000E+00,  0.00000000E+00,  0.00000000E+00,  0.00000000E+00,  0.65122609E+02,  0.74996563E+03,  0.74996563E+03
      2.,  0.20500000E+01,  0.50000000E-01,  0.26241377E+01,  0.13233332E-12,  0.34952584E-03, -0.46848652E-02,  0.00000000E+00,  0.00000000E+00,  0.00000000E+00,  0.00000000E+00,  0.13033318E+03,  0.74995617E+03,  0.74995617E+03
      3.,  0.20875000E+01,  0.87500000E-01,  0.45371031E+01,  0.39021527E-12,  0.81562764E-03, -0.81991395E-02,  0.00000000E+00,  0.00000000E+00,  0.00000000E+00,  0.25763010E-03,  0.18680694E+03,  0.75364111E+03,  0.75364111E+03
      4.,  0.21375000E+01,  0.13750000E+00,  0.65973240E+01,  0.10085946E-11,  0.19145516E-02, -0.12889538E-01,  0.00000000E+00,  0.00000000E+00,  0.00000000E+00,  0.18084569E-02,  0.19741096E+03,  0.75902871E+03,  0.75902871E+03
      5.,  0.21875000E+01,  0.18750000E+00,  0.78432960E+01,  0.24185376E-11,  0.35141825E-02, -0.17587498E-01,  0.00000000E+00,  0.00000000E+00,  0.00000000E+00,  0.39297640E-02,  0.21108254E+03,  0.76246209E+03,  0.76246209E+03
      6.,  0.22187500E+01,  0.21875000E+00,  0.83958223E+01,  0.38785322E-11,  0.47870373E-02, -0.20525670E-01,  0.00000000E+00,  0.00000000E+00,  0.00000000E+00,  0.52585427E-02,  0.21916865E+03,  0.76417251E+03,  0.76417251E+03
      7.,  0.22500000E+01,  0.25000000E+00,  0.88177553E+01,  0.51974412E-11,  0.62528489E-02, -0.23464965E-01,  0.00000000E+00,  0.00000000E+00,  0.00000000E+00,  0.65777645E-02,  0.22671534E+03,  0.76556237E+03,  0.76556237E+03
      8.,  0.22750000E+01,  0.27500000E+00,  0.91000659E+01,  0.63398900E-11,  0.75697482E-02, -0.25817147E-01,  0.00000000E+00,  0.00000000E+00,  0.00000000E+00,  0.76117194E-02,  0.23237055E+03,  0.76654324E+03,  0.76654324E+03
      9.,  0.23000000E+01,  0.30000000E+00,  0.93544913E+01,  0.73577492E-11,  0.90320955E-02, -0.28169806E-01,  0.00000000E+00,  0.00000000E+00,  0.00000000E+00,  0.86365819E-02,  0.23780114E+03,  0.76751417E+03,  0.76751417E+03
     10.,  0.23375000E+01,  0.33750000E+00,  0.97019793E+01,  0.92777532E-11,  0.11458300E-01, -0.31699741E-01,  0.00000000E+00,  0.00000000E+00,  0.00000000E+00,  0.10177189E-01,  0.24550160E+03,  0.76905580E+03,  0.76905576E+03
     11.,  0.23875000E+01,  0.38750000E+00,  0.10112077E+02,  0.11726295E-10,  0.15149538E-01, -0.36407775E-01,  0.00000000E+00,  0.00000000E+00,  0.00000000E+00,  0.12163017E-01,  0.25481683E+03,  0.77112913E+03,  0.77112911E+03
     12.,  0.24375000E+01,  0.43750000E+00,  0.10479083E+02,  0.15154574E-10,  0.19439307E-01, -0.41117839E-01,  0.00000000E+00,  0.00000000E+00,  0.00000000E+00,  0.14150689E-01,  0.26344735E+03,  0.77315570E+03,  0.77315567E+03
     13.,  0.24687500E+01,  0.46875000E+00,  0.10695560E+02,  0.17048617E-10,  0.22361585E-01, -0.44062943E-01,  0.00000000E+00,  0.00000000E+00,  0.00000000E+00,  0.15407996E-01,  0.26859607E+03,  0.77443489E+03,  0.77443490E+03
     14.,  0.25000000E+01,  0.50000000E+00,  0.10907678E+02,  0.18880635E-10,  0.25461311E-01, -0.47009106E-01,  0.00000000E+00,  0.00000000E+00,  0.00000000E+00,  0.16646141E-01,  0.27340322E+03,  0.77575464E+03,  0.77575464E+03
     15.,  0.25250000E+01,  0.52500000E+00,  0.11076241E+02,  0.21203258E-10,  0.28046646E-01, -0.49366717E-01,  0.00000000E+00,  0.00000000E+00,  0.00000000E+00,  0.17640897E-01,  0.27708525E+03,  0.77681687E+03,  0.77681687E+03
     16.,  0.25500000E+01,  0.55000000E+00,  0.11243711E+02,  0.22174850E-10,  0.30725120E-01, -0.51725016E-01,  0.00000000E+00,  0.00000000E+00,  0.00000000E+00,  0.18642470E-01,  0.28068368E+03,  0.77786917E+03,  0.77786917E+03
     17.,  0.25875000E+01,  0.58750000E+00,  0.11494475E+02,  0.24954033E-10,  0.34918737E-01, -0.55263794E-01,  0.00000000E+00,  0.00000000E+00,  0.00000000E+00,  0.20123153E-01,  0.28570480E+03,  0.77941703E+03,  0.77941704E+03
     18.,  0.26375000E+01,  0.63750000E+00,  0.11831908E+02,  0.28171688E-10,  0.40791607E-01, -0.59984614E-01,  0.00000000E+00,  0.00000000E+00,  0.00000000E+00,  0.22074584E-01,  0.29193587E+03,  0.78142402E+03,  0.78142405E+03
     19.,  0.26875000E+01,  0.68750000E+00,  0.12173995E+02,  0.31447704E-10,  0.46938458E-01, -0.64708349E-01,  0.00000000E+00,  0.00000000E+00,  0.00000000E+00,  0.23987733E-01,  0.29761610E+03,  0.78336141E+03,  0.78336141E+03
     20.,  0.27187500E+01,  0.71875000E+00,  0.12389187E+02,  0.33419335E-10,  0.50909104E-01, -0.67662095E-01,  0.00000000E+00,  0.00000000E+00,  0.00000000E+00,  0.25171781E-01,  0.30096960E+03,  0.78454108E+03,  0.78454111E+03
     21.,  0.27500000E+01,  0.75000000E+00,  0.12606555E+02,  0.35442117E-10,  0.54967333E-01, -0.70616858E-01,  0.00000000E+00,  0.00000000E+00,  0.00000000E+00,  0.26338847E-01,  0.30407420E+03,  0.78568898E+03,  0.78568899E+03
     22.,  0.27750000E+01,  0.77500000E+00,  0.12783017E+02,  0.38621412E-10,  0.58268060E-01, -0.72981349E-01,  0.00000000E+00,  0.00000000E+00,  0.00000000E+00,  0.27263758E-01,  0.30637694E+03,  0.78659175E+03,  0.78659176E+03
     23.,  0.28000000E+01,  0.80000000E+00,  0.12961947E+02,  0.38796850E-10,  0.61612915E-01, -0.75346465E-01,  0.00000000E+00,  0.00000000E+00,  0.00000000E+00,  0.28184160E-01,  0.30827613E+03,  0.78747661E+03,  0.78747661E+03
     24.,  0.28375000E+01,  0.83750000E+00,  0.13234636E+02,  0.41575780E-10,  0.66710421E-01, -0.78895358E-01,  0.00000000E+00,  0.00000000E+00,  0.00000000E+00,  0.29543445E-01,  0.31093793E+03,  0.78878077E+03,  0.78878078E+03
     25.,  0.28875000E+01,  0.88750000E+00,  0.13605734E+02,  0.44948510E-10,  0.73644207E-01, -0.83629273E-01,  0.00000000E+00,  0.00000000E+00,  0.00000000E+00,  0.31558264E-01,  0.31447292E+03,  0.79047377E+03,  0.79047377E+03
     26.,  0.29375000E+01,  0.93750000E+00,  0.13986237E+02,  0.48740785E-10,  0.80733393E-01, -0.88365779E-01,  0.00000000E+00,  0.00000000E+00,  0.00000000E+00,  0.34249078E-01,  0.31925561E+03,  0.79211400E+03,  0.79211400E+03
     27.,  0.29687500E+01,  0.96875000E+00,  0.14230125E+02,  0.51266100E-10,  0.85217066E-01, -0.91327308E-01,  0.00000000E+00,  0.00000000E+00,  0.00000000E+00,  0.35991251E-01,  0.32744831E+03,  0.79311761E+03,  0.79311761E+03
     28.,  0.30000000E+01,  0.10000000E+01,  0.14479799E+02,  0.53363518E-10,  0.89720879E-01, -0.94289748E-01,  0.00000000E+00,  0.00000000E+00,  0.00000000E+00,  0.37805240E-01,  0.33646016E+03,  0.79411285E+03,  0.79411286E+03
     29.,  0.30250000E+01,  0.10250000E+01,  0.14684126E+02,  0.56615402E-10,  0.93340050E-01, -0.96660271E-01,  0.00000000E+00,  0.00000000E+00,  0.00000000E+00,  0.39302258E-01,  0.34269140E+03,  0.79489760E+03,  0.79489760E+03
     30.,  0.30500000E+01,  0.10500000E+01,  0.14892489E+02,  0.56666164E-10,  0.96971249E-01, -0.99031338E-01,  0.00000000E+00,  0.00000000E+00,  0.00000000E+00,  0.40837825E-01,  0.34744116E+03,  0.79567012E+03,  0.79567012E+03
     31.,  0.30875000E+01,  0.10875000E+01,  0.15212680E+02,  0.59620668E-10,  0.10244919E+00, -0.10258892E+00,  0.00000000E+00,  0.00000000E+00,  0.00000000E+00,  0.43216895E-01,  0.35440923E+03,  0.79681695E+03,  0.79681696E+03
     32.,  0.31375000E+01,  0.11375000E+01,  0.15653385E+02,  0.63957369E-10,  0.10980746E+00, -0.10733435E+00,  0.00000000E+00,  0.00000000E+00,  0.00000000E+00,  0.46545728E-01,  0.36310553E+03,  0.79831905E+03,  0.79831904E+03
     33.,  0.31875000E+01,  0.11875000E+01,  0.16108267E+02,  0.68199367E-10,  0.11725193E+00, -0.11208216E+00,  0.00000000E+00,  0.00000000E+00,  0.00000000E+00,  0.50044091E-01,  0.37161121E+03,  0.79978772E+03,  0.79978772E+03
     34.,  0.32187500E+01,  0.12187500E+01,  0.16398017E+02,  0.70506746E-10,  0.12196945E+00, -0.11505075E+00,  0.00000000E+00,  0.00000000E+00,  0.00000000E+00,  0.52302060E-01,  0.37602333E+03,  0.80069064E+03,  0.80069070E+03
     35.,  0.32500000E+01,  0.12500000E+01,  0.16691958E+02,  0.72671323E-10,  0.12673685E+00, -0.11802030E+00,  0.00000000E+00,  0.00000000E+00,  0.00000000E+00,  0.54617183E-01,  0.38011444E+03,  0.80158772E+03,  0.80158773E+03
     36.,  0.32750000E+01,  0.12750000E+01,  0.16929499E+02,  0.76794725E-10,  0.13059307E+00, -0.12039669E+00,  0.00000000E+00,  0.00000000E+00,  0.00000000E+00,  0.56510198E-01,  0.38330936E+03,  0.80230087E+03,  0.80230087E+03
     37.,  0.33000000E+01,  0.13000000E+01,  0.17167453E+02,  0.76549628E-10,  0.13449792E+00, -0.12277380E+00,  0.00000000E+00,  0.00000000E+00,  0.00000000E+00,  0.58439489E-01,  0.38647960E+03,  0.80302250E+03,  0.80302249E+03
     38.,  0.33375000E+01,  0.13375000E+01,  0.17526463E+02,  0.79803216E-10,  0.14042660E+00, -0.12634062E+00,  0.00000000E+00,  0.00000000E+00,  0.00000000E+00,  0.61400448E-01,  0.39110621E+03,  0.80412627E+03,  0.80412627E+03
     39.,  0.33875000E+01,  0.13875000E+01,  0.18009924E+02,  0.83996549E-10,  0.14847852E+00, -0.13109865E+00,  0.00000000E+00,  0.00000000E+00,  0.00000000E+00,  0.65447345E-01,  0.39717704E+03,  0.80565267E+03,  0.80565267E+03
     40.,  0.34375000E+01,  0.14375000E+01,  0.18501543E+02,  0.87835527E-10,  0.15671281E+00, -0.13585972E+00,  0.00000000E+00,  0.00000000E+00,  0.00000000E+00,  0.69621029E-01,  0.40332647E+03,  0.80721648E+03,  0.80721648E+03
     41.,  0.34687500E+01,  0.14687500E+01,  0.18813632E+02,  0.90608867E-10,  0.16195910E+00, -0.13883704E+00,  0.00000000E+00,  0.00000000E+00,  0.00000000E+00,  0.72292808E-01,  0.40719044E+03,  0.80820019E+03,  0.80820022E+03
     42.,  0.35000000E+01,  0.15000000E+01,  0.19128347E+02,  0.93357136E-10,  0.16728667E+00, -0.14181560E+00,  0.00000000E+00,  0.00000000E+00,  0.00000000E+00,  0.75011292E-01,  0.41102529E+03,  0.80919513E+03,  0.80919513E+03
     43.,  0.35250000E+01,  0.15250000E+01,  0.19382042E+02,  0.95490345E-10,  0.17160629E+00, -0.14419940E+00,  0.00000000E+00,  0.00000000E+00,  0.00000000E+00,  0.77314399E-01,  0.41414641E+03,  0.81000355E+03,  0.81000355E+03
     44.,  0.35500000E+01,  0.15500000E+01,  0.19637401E+02,  0.97651265E-10,  0.17597733E+00, -0.14658407E+00,  0.00000000E+00,  0.00000000E+00,  0.00000000E+00,  0.79676090E-01,  0.41732506E+03,  0.81081430E+03,  0.81081428E+03
     45.,  0.35875000E+01,  0.15875000E+01,  0.20022962E+02,  0.10103471E-09,  0.18263938E+00, -0.15016279E+00,  0.00000000E+00,  0.00000000E+00,  0.00000000E+00,  0.83264269E-01,  0.42209942E+03,  0.81204328E+03,  0.81204329E+03
     46.,  0.36375000E+01,  0.16375000E+01,  0.20544149E+02,  0.10522308E-09,  0.19170595E+00, -0.15493750E+00,  0.00000000E+00,  0.00000000E+00,  0.00000000E+00,  0.88146038E-01,  0.42848940E+03,  0.81369754E+03,  0.81369754E+03
     47.,  0.36875000E+01,  0.16875000E+01,  0.21075276E+02,  0.10942884E-09,  0.20097893E+00, -0.15971572E+00,  0.00000000E+00,  0.00000000E+00,  0.00000000E+00,  0.93144041E-01,  0.43493404E+03,  0.81537440E+03,  0.81537440E+03
     48.,  0.37187500E+01,  0.17187500E+01,  0.21412792E+02,  0.11201865E-09,  0.20688317E+00, -0.16270402E+00,  0.00000000E+00,  0.00000000E+00,  0.00000000E+00,  0.96332343E-01,  0.43899707E+03,  0.81642631E+03,  0.81642636E+03
     49.,  0.37500000E+01,  0.17500000E+01,  0.21754465E+02,  0.11469322E-09,  0.21287371E+00, -0.16569378E+00,  0.00000000E+00,  0.00000000E+00,  0.00000000E+00,  0.99565798E-01,  0.44308729E+03,  0.81749541E+03,  0.81749541E+03
     50.,  0.37750000E+01,  0.17750000E+01,  0.22031122E+02,  0.11674315E-09,  0.21772481E+00, -0.16808663E+00,  0.00000000E+00,  0.00000000E+00,  0.00000000E+00,  0.10218967E+00,  0.44905158E+03,  0.81835655E+03,  0.81835655E+03
     51.,  0.38000000E+01,  0.18000000E+01,  0.22310290E+02,  0.11883862E-09,  0.22263178E+00, -0.17048049E+00,  0.00000000E+00,  0.00000000E+00,  0.00000000E+00,  0.10484535E+00,  0.45606972E+03,  0.81921682E+03,  0.81921680E+03
     52.,  0.38375000E+01,  0.18375000E+01,  0.22734425E+02,  0.12212274E-09,  0.23009413E+00, -0.17407307E+00,  0.00000000E+00,  0.00000000E+00,  0.00000000E+00,  0.10888850E+00,  0.46643066E+03,  0.82051791E+03,  0.82051792E+03
     53.,  0.38875000E+01,  0.18875000E+01,  0.23311064E+02,  0.12620707E-09,  0.24023055E+00, -0.17886648E+00,  0.00000000E+00,  0.00000000E+00,  0.00000000E+00,  0.11439888E+00,  0.47972770E+03,  0.82227584E+03,  0.82227583E+03
     54.,  0.39375000E+01,  0.19375000E+01,  0.23900762E+02,  0.13043585E-09,  0.25057481E+00, -0.18366380E+00,  0.00000000E+00,  0.00000000E+00,  0.00000000E+00,  0.12005859E+00,  0.49243626E+03,  0.82405057E+03,  0.82405056E+03
     55.,  0.39687500E+01,  0.19687500E+01,  0.24276653E+02,  0.13316524E-09,  0.25714586E+00, -0.18666419E+00,  0.00000000E+00,  0.00000000E+00,  0.00000000E+00,  0.12367311E+00,  0.49995959E+03,  0.82517066E+03,  0.82517065E+03
     56.,  0.40000000E+01,  0.20000000E+01,  0.24657928E+02,  0.13576706E-09,  0.26380048E+00, -0.18966616E+00,  0.00000000E+00,  0.00000000E+00,  0.00000000E+00,  0.12734470E+00,  0.50752197E+03,  0.82629905E+03,  0.82629905E+03
     57.,  0.40250000E+01,  0.20250000E+01,  0.24967037E+02,  0.13794421E-09,  0.26918384E+00, -0.19206887E+00,  0.00000000E+00,  0.00000000E+00,  0.00000000E+00,  0.13032548E+00,  0.51338630E+03,  0.82720920E+03,  0.82720922E+03
     58.,  0.40500000E+01,  0.20500000E+01,  0.25279535E+02,  0.14010819E-09,  0.27462259E+00, -0.19447262E+00,  0.00000000E+00,  0.00000000E+00,  0.00000000E+00,  0.13334340E+00,  0.51923574E+03,  0.82811950E+03,  0.82811948E+03
     59.,  0.40875000E+01,  0.20875000E+01,  0.25754997E+02,  0.14355835E-09,  0.28288205E+00, -0.19808010E+00,  0.00000000E+00,  0.00000000E+00,  0.00000000E+00,  0.13794145E+00,  0.52791508E+03,  0.82949914E+03,  0.82949914E+03
     60.,  0.41375000E+01,  0.21375000E+01,  0.26401271E+02,  0.14804015E-09,  0.29408764E+00, -0.20289368E+00,  0.00000000E+00,  0.00000000E+00,  0.00000000E+00,  0.14421384E+00,  0.53895998E+03,  0.83135655E+03,  0.83135655E+03
     61.,  0.41875000E+01,  0.21875000E+01,  0.27062683E+02,  0.15279908E-09,  0.30551602E+00, -0.20771155E+00,  0.00000000E+00,  0.00000000E+00,  0.00000000E+00,  0.15064520E+00,  0.54933525E+03,  0.83323369E+03,  0.83323368E+03
     62.,  0.42187500E+01,  0.22187500E+01,  0.27484093E+02,  0.15575689E-09,  0.31277269E+00, -0.21072498E+00,  0.00000000E+00,  0.00000000E+00,  0.00000000E+00,  0.15474676E+00,  0.55526285E+03,  0.83441304E+03,  0.83441304E+03
     63.,  0.42500000E+01,  0.22500000E+01,  0.27911481E+02,  0.15871305E-09,  0.32011791E+00, -0.21374013E+00,  0.00000000E+00,  0.00000000E+00,  0.00000000E+00,  0.15891141E+00,  0.56134138E+03,  0.83560237E+03,  0.83560237E+03
     64.,  0.42750000E+01,  0.22750000E+01,  0.28257922E+02,  0.16099561E-09,  0.32605816E+00, -0.21615351E+00,  0.00000000E+00,  0.00000000E+00,  0.00000000E+00,  0.16228893E+00,  0.56593640E+03,  0.83655860E+03,  0.83655860E+03
     65.,  0.43000000E+01,  0.23000000E+01,  0.28607993E+02,  0.16431729E-09,  0.33205612E+00, -0.21856798E+00,  0.00000000E+00,  0.00000000E+00,  0.00000000E+00,  0.16570633E+00,  0.57050333E+03,  0.83752126E+03,  0.83752124E+03
     66.,  0.43375000E+01,  0.23375000E+01,  0.29140835E+02,  0.16715024E-09,  0.34116394E+00, -0.22219166E+00,  0.00000000E+00,  0.00000000E+00,  0.00000000E+00,  0.17091369E+00,  0.57739393E+03,  0.84011438E+03,  0.84011437E+03
     67.,  0.43750000E+01,  0.23750000E+01,  0.29683633E+02,  0.17086052E-09,  0.35041091E+00, -0.22581790E+00,  0.00000000E+00,  0.00000000E+00,  0.00000000E+00,  0.17622067E+00,  0.58373032E+03,  0.84547135E+03,  0.84547135E+03
     68.,  0.44250000E+01,  0.24250000E+01,  0.30421199E+02,  0.17570442E-09,  0.36295240E+00, -0.23065693E+00,  0.00000000E+00,  0.00000000E+00,  0.00000000E+00,  0.18344287E+00,  0.59193827E+03,  0.85242625E+03,  0.85242624E+03
     69.,  0.44750000E+01,  0.24750000E+01,  0.31175567E+02,  0.18146332E-09,  0.37573740E+00, -0.23550070E+00,  0.00000000E+00,  0.00000000E+00,  0.85641514E-03,  0.19083032E+00,  0.59940541E+03,  0.85923474E+03,  0.85923475E+03
     70.,  0.45000000E+01,  0.25000000E+01,  0.31558065E+02,  0.18361232E-09,  0.38221380E+00, -0.23792442E+00,  0.00000000E+00,  0.00000000E+00,  0.25230093E-02,  0.19461955E+00,  0.60228073E+03,  0.86269483E+03,  0.86269484E+03
     71.,  0.45031250E+01,  0.25031250E+01,  0.31610843E+02,  0.18320358E-09,  0.38306334E+00, -0.23822777E+00,  0.00000000E+00,  0.00000000E+00,  0.27555689E-02,  0.19497307E+00,  0.60212689E+03,  0.86315899E+03,  0.86315898E+03
     72.,  0.45062500E+01,  0.25062500E+01,  0.31653865E+02,  0.18527965E-09,  0.38383889E+00, -0.23853052E+00,  0.00000000E+00,  0.00000000E+00,  0.31680956E-02,  0.19556482E+00,  0.60252284E+03,  0.86355240E+03,  0.86355241E+03
     73.,  0.45066406E+01,  0.25066406E+01,  0.31662418E+02,  0.18457628E-09,  0.38395921E+00, -0.23856857E+00,  0.00000000E+00,  0.00000000E+00,  0.31764601E-02,  0.19558059E+00,  0.60251518E+03,  0.86363025E+03,  0.86363025E+03
     74.,  0.45070312E+01,  0.25070312E+01,  0.31668407E+02,  0.18526415E-09,  0.38405907E+00, -0.23860645E+00,  0.00000000E+00,  0.00000000E+00,  0.32241010E-02,  0.19564983E+00,  0.60256584E+03,  0.86367427E+03,  0.86367427E+03
     75.,  0.45076172E+01,  0.25076172E+01,  0.31679140E+02,  0.18396269E-09,  0.38422664E+00, -0.23866340E+00,  0.00000000E+00,  0.00000000E+00,  0.32525085E-02,  0.19569486E+00,  0.60266212E+03,  0.86375671E+03,  0.86375671E+03
     76.,  0.45084961E+01,  0.25084961E+01,  0.31692123E+02,  0.18561897E-09,  0.38445106E+00, -0.23874861E+00,  0.00000000E+00,  0.00000000E+00,  0.33579383E-02,  0.19584722E+00,  0.60278687E+03,  0.86387348E+03,  0.86387348E+03
     77.,  0.45093750E+01,  0.25093750E+01,  0.31701942E+02,  0.18740730E-09,  0.38465340E+00, -0.23883362E+00,  0.00000000E+00,  0.00000000E+00,  0.35001286E-02,  0.19604867E+00,  0.60289165E+03,  0.86397436E+03,  0.86397436E+03
     78.,  0.45100342E+01,  0.25100342E+01,  0.31716143E+02,  0.17557814E-09,  0.38485505E+00, -0.23889782E+00,  0.00000000E+00,  0.00000000E+00,  0.35154881E-02,  0.19607678E+00,  0.60299743E+03,  0.86408872E+03,  0.86408872E+03
     79.,  0.45103638E+01,  0.25103638E+01,  0.31718548E+02,  0.18349879E-09,  0.38492350E+00, -0.23892962E+00,  0.00000000E+00,  0.00000000E+00,  0.35797876E-02,  0.19616790E+00,  0.60301971E+03,  0.86413243E+03,  0.86413242E+03
     80.,  0.45106934E+01,  0.25106934E+01,  0.31724637E+02,  0.17958285E-09,  0.38501385E+00, -0.23896164E+00,  0.00000000E+00,  0.00000000E+00,  0.36102827E-02,  0.19621320E+00,  0.60306896E+03,  0.86418551E+03,  0.86418549E+03
     81.,  0.45111877E+01,  0.25111877E+01,  0.31731782E+02,  0.18624311E-09,  0.38514034E+00, -0.23900957E+00,  0.00000000E+00,  0.00000000E+00,  0.36681666E-02,  0.19629700E+00,  0.60313922E+03,  0.86424846E+03,  0.86424845E+03
     82.,  0.45119293E+01,  0.25119293E+01,  0.31746512E+02,  0.17190281E-09,  0.38535901E+00, -0.23908171E+00,  0.00000000E+00,  0.00000000E+00,  0.36866807E-02,  0.19633166E+00,  0.60326484E+03,  0.86436054E+03,  0.86436053E+03
     83.,  0.45130417E+01,  0.25130417E+01,  0.31763049E+02,  0.19841508E-09,  0.38564379E+00, -0.23918957E+00,  0.00000000E+00,  0.00000000E+00,  0.38208016E-02,  0.19652513E+00,  0.60342123E+03,  0.86449748E+03,  0.86449747E+03
     84.,  0.45141541E+01,  0.25141541E+01,  0.31779825E+02,  0.15056970E-09,  0.38593229E+00, -0.23929744E+00,  0.00000000E+00,  0.00000000E+00,  0.39444183E-02,  0.19670397E+00,  0.60357224E+03,  0.86465615E+03,  0.86465615E+03
     85.,  0.45152664E+01,  0.25152664E+01,  0.31797327E+02,  0.25876176E-09,  0.38622568E+00, -0.23940537E+00,  0.00000000E+00,  0.00000000E+00,  0.40591526E-02,  0.19687136E+00,  0.60372496E+03,  0.86480567E+03,  0.86480567E+03
