ux_mm,rx_N,ry_N,rz_N
0.025,2.1773008e-06,-2.4431762e-11,-1.9582689e-05
0.05,-1.3004019e-06,-1.1447843e-11,1.8897633e-06
0.0875,-3.040107e-06,-1.6459056e-11,7.118418e-05
0.1375,4.9391184e-05,2.653433e-13,0.0004554272
0.1875,1.0863546e-06,-3.4413361e-11,0.00016380967
0.21875,4.9870892e-05,-4.8552273e-10,0.00031235061
0.25,1.2319402e-06,4.7989168e-11,-1.705815e-05
0.275,1.1318034e-06,2.3298385e-10,0.00086044865
0.3,-2.0627207e-05,1.9769697e-10,0.00058566203
0.3375,-5.7327361e-06,5.6372069e-08,-0.016230106
0.3875,-0.00022801035,4.0580442e-08,-0.009768352
0.4375,-0.00038598956,4.4606871e-08,0.0094246637
0.46875,-0.00018935162,-6.4148203e-08,0.0065888523
0.5,-0.00011357027,-3.1285428e-09,0.0060913947
0.525,2.4220393e-05,-6.9953998e-10,0.00090830473
0.55,-4.5052033e-05,-8.6983896e-09,0.0023387234
0.5875,-5.8497135e-05,-2.3844382e-08,0.0044172996
0.6375,-0.00016604456,-1.5901723e-07,0.0060728971
0.6875,2.8613258e-05,-2.0447253e-09,0.00039776823
0.71875,-1.6982217e-05,-1.1856263e-07,0.0037849744
0.75,2.7991076e-05,-5.5111826e-10,0.0036877897
0.775,7.4748653e-05,-3.4228972e-08,0.0029895616
0.8,6.4745607e-05,-3.9278802e-11,0.0021235769
0.8375,0.0001014819,-7.9848306e-09,0.0037784816
0.8875,2.5630006e-05,1.0726584e-07,3.4900085e-05
0.9375,3.0918435e-06,2.4491411e-07,-0.00020839937
0.96875,0.00016694168,-3.0761527e-10,0.002526626
1,0.00020366414,6.8832498e-07,0.0016559421
1.025,8.4094333e-05,4.0819514e-07,0.00058614138
1.05,0.00044490055,-4.8231765e-08,-0.0035652743
1.0875,0.00049744453,1.3746018e-06,-0.0051488893
1.1375,-0.00024978075,-6.2338476e-08,-0.00039655511
1.1875,-0.0002880897,-1.8737067e-07,-0.00028953723
1.21875,8.656519e-05,4.4899688e-06,-0.005083732
1.25,1.458214e-05,1.3404096e-06,-0.0035004374
1.275,-0.00040133608,2.5055005e-07,-0.0024028716
1.3,0.00038870079,6.7120716e-08,0.0046538008
1.3375,0.00021724017,2.8872904e-10,0.003391442
1.3875,-2.7931339e-05,3.7484682e-10,-0.00038701677
1.4375,-2.935172e-05,-2.2153088e-09,-0.00031506943
1.46875,0.00011799571,-3.2191352e-09,-0.00013618574
1.5,1.2671447e-05,1.4711787e-10,-1.0963715e-05
1.525,-0.00023154607,2.301249e-09,-0.00075989251
1.55,-2.7596711e-05,8.2063423e-10,0.0010243565
1.5875,-2.321898e-06,-1.2014718e-07,0.0030346039
1.6375,2.7589118e-05,2.1988456e-10,-0.00024618935
1.6875,3.0489765e-05,1.7541808e-09,-0.00020952244
1.71875,-2.0809804e-05,-2.4591955e-09,4.4262086e-05
1.75,-3.2581708e-05,-6.7376504e-10,-0.00060223749
1.775,-0.00024437583,2.3514744e-08,-0.00067754687
1.8,-9.6183343e-05,1.2723618e-09,-5.0556534e-05
1.8375,-0.0001193094,1.9105784e-09,0.00028338671
1.8875,8.6926043e-06,-4.7442938e-11,-0.00027730941
1.9375,2.1738641e-05,-8.6359364e-11,-0.00053269398
1.96875,-1.4004986e-05,-1.0692958e-10,-6.9186893e-05
2,-1.8191275e-05,-2.851408e-11,-6.3411352e-06
2.025,-0.0003107153,1.5266579e-08,-0.00063823144
2.05,-0.00020916996,2.1688137e-07,4.3685816e-05
2.0875,-3.609926e-05,5.3075496e-08,-4.7156238e-05
2.1375,-2.1418669e-05,3.6787426e-09,-0.00043658545
2.1875,-1.108049e-05,-7.4390883e-08,-0.00064382792
2.21875,-3.0930497e-05,1.8547013e-09,-0.00017003189
2.25,-3.3606462e-05,1.7891466e-11,-2.4433249e-05
2.275,-0.00029674581,9.4423882e-09,-0.00069242563
2.3,-0.00031475058,3.6291949e-07,-0.00027348912
2.3375,0.00049287508,-2.2791369e-10,-0.20628919
2.375,-0.00019242016,-4.0998316e-11,0.079409713
2.425,-0.00028383427,1.1799042e-07,0.11299429
2.475,0.00033357798,-3.7690739e-09,-0.12725257
2.5,0.00011640244,-8.4936289e-08,-0.021691073
2.503125,-0.00014829058,2.2806006e-09,0.021563519
2.50625,0.00011196353,1.6775184e-07,-0.0086736317
2.5066406,-0.00014582954,8.7952401e-10,0.03035641
2.5070312,-8.2644145e-05,-1.9507513e-07,0.0019571947
2.5076172,-1.9310175e-05,-1.0335825e-07,-0.009095236
2.5084961,-3.3213859e-05,-3.841437e-08,-0.013082848
2.509375,0.00012486606,-9.7325284e-08,-0.020227075
2.5100342,-6.7625579e-05,4.3093962e-08,0.00046177359
2.5103638,-6.0770942e-05,3.4394304e-08,0.027364619
2.5106934,-0.00014567681,8.9258094e-09,0.034517274
2.5111877,-9.93173e-05,2.0396982e-09,0.028825762
2.5119293,-7.19991e-05,3.9758064e-08,0.020739052
2.5130417,-5.093707e-05,1.2288695e-09,-0.013843684
2.5141541,-7.0601566e-05,1.8682442e-09,0.010886695
2.5152664,-3.9868158e-05,-1.2705409e-07,0.00069181106
