step,ux_mm,rx_N,ry_N,rz_N
1,0.025,-2.53328e-05,5.9315053e-12,-1.3351431e-05
2,0.05,-3.493606e-08,-1.7754145e-11,1.79251e-06
3,0.0875,2.4790058e-07,1.2076229e-11,5.0510912e-06
4,0.1375,0.00025036389,5.4833693e-11,-0.0078370327
5,0.1875,-0.0023265248,5.2417524e-09,0.0074130987
6,0.21875,-7.4872794e-06,1.624809e-09,0.0015222348
7,0.25,-2.9876898e-07,1.2364332e-11,-1.4483718e-05
8,0.275,-0.00018791522,-2.2673419e-11,0.012683776
9,0.3,-4.5264001e-06,-1.3984369e-12,0.00026197399
10,0.3375,-2.8675991e-05,1.1923075e-08,0.00062573599
11,0.3875,-1.1326361e-05,-3.8724579e-13,0.00053535278
12,0.4375,-3.5105895e-06,-2.2421176e-11,0.00014523131
13,0.46875,-9.7294535e-06,-1.0717632e-08,-0.00021280604
14,0.5,-4.3694101e-06,-5.1985083e-12,0.00025369241
15,0.525,-4.5433596e-05,-1.1137757e-12,-0.0033543058
16,0.55,-8.2365668e-06,-1.5662138e-11,-0.00050200792
17,0.5875,4.1635893e-05,2.3997755e-07,-0.0027468715
18,0.6375,-1.1858443e-05,1.95719e-11,-0.0027801545
19,0.6875,-3.5376655e-06,6.2616579e-12,-9.3282375e-05
20,0.71875,1.0681516e-06,4.3138826e-11,5.2132807e-05
21,0.75,-1.7447474e-05,1.0306422e-11,0.00084361246
22,0.775,7.6330784e-06,-1.5276669e-12,0.0010253879
23,0.8,-4.5479803e-05,1.2869705e-11,0.00085660788
24,0.8375,-7.0657448e-05,9.2157393e-12,0.00097294126
25,0.8875,-1.224685e-05,-1.9898749e-11,-0.00027646032
26,0.9375,-5.6266617e-05,-1.0846435e-11,-0.00051665004
27,0.96875,5.7932008e-05,2.4975577e-11,0.00042880653
28,1,2.9708755e-05,3.3380214e-08,-4.6643639e-06
29,1.025,0.00014718092,-2.1660707e-08,0.0016997716
30,1.05,-1.3169639e-07,1.3454127e-11,1.972355e-05
31,1.0875,-2.3404154e-06,3.7616132e-11,2.1515986e-05
32,1.1375,-1.2794544e-06,1.7777779e-11,-1.3293149e-05
33,1.1875,-1.7320714e-05,-2.3481412e-09,7.8014242e-05
34,1.21875,-1.8352253e-05,1.8975044e-11,1.3284638e-05
35,1.25,2.5347214e-05,-3.510646e-09,0.00069838169
36,1.275,-2.198717e-05,-6.8349948e-10,0.0009947978
37,1.3,-8.1531391e-06,-2.6899194e-09,-0.00011274036
38,1.3375,-1.2121405e-05,-3.9367656e-09,0.00014383889
39,1.3875,-1.4661362e-05,2.2874502e-10,8.9662434e-05
40,1.4375,-4.5858208e-05,9.3275823e-09,-9.4478453e-05
41,1.46875,-7.8762545e-06,-1.3634249e-10,-7.9550041e-05
42,1.5,-7.7845577e-06,-4.3247184e-11,-2.7463189e-05
43,1.525,4.9380894e-05,-1.6395451e-07,-0.00052678077
44,1.55,-3.1306933e-05,3.0553338e-12,-0.00038090639
45,1.5875,-5.7962114e-06,9.3081098e-12,-3.3207495e-05
46,1.6375,-1.1349017e-05,1.305402e-09,-5.8793872e-05
47,1.6875,-1.5444036e-05,1.9512498e-09,-0.0001376602
48,1.71875,-4.8397213e-06,9.5862163e-10,-8.064305e-05
49,1.75,-6.5163525e-05,4.3896762e-09,-0.00051516813
50,1.775,-2.5117092e-05,-3.2107287e-08,-0.0010485247
51,1.8,-8.6291815e-05,1.0179384e-08,1.586998e-05
52,1.8375,-9.1789902e-06,-8.222581e-08,-0.00010758008
53,1.8875,-3.0088601e-05,2.1488731e-09,-0.00026933145
54,1.9375,-6.5421627e-06,-4.1025721e-07,-0.00031967371
55,1.96875,-4.5124928e-06,7.4798123e-10,-9.0951527e-05
56,2,-3.1460415e-06,-2.0061042e-07,-5.864678e-05
57,2.025,-3.0161468e-05,-2.6083317e-06,-0.0012280237
58,2.05,-0.00014466829,1.523076e-06,3.549771e-05
59,2.0875,-1.6463684e-05,4.286639e-08,-0.00013785826
60,2.1375,3.0978861e-06,7.2619806e-07,-0.00044158734
61,2.1875,-1.4964187e-05,-1.1199198e-08,-0.00060454693
62,2.21875,1.2069876e-06,-1.9284698e-09,-0.00027361651
63,2.25,-2.1051272e-06,1.0835777e-09,-0.00015895311
64,2.275,8.1623344e-05,1.4559021e-11,-0.0022023723
65,2.3,-0.00018436915,-5.0226134e-10,0.00016025649
66,2.3375,-1.0221998e-05,2.7719835e-09,-0.00026059007
67,2.3875,-3.3003557e-05,-6.0360605e-11,-0.00080357265
68,2.4375,-3.8024765e-05,2.2792984e-06,-0.0011439831
69,2.46875,-1.448982e-05,8.3381532e-07,-0.00042601972
70,2.5,-1.1735903e-05,6.0665594e-07,-0.00029242653
71,2.525,1.4684941e-05,-6.0088578e-06,-0.0021512853
72,2.55,-0.00025550887,-5.1429083e-11,0.00036591479
73,2.5875,-2.8237179e-05,-1.0166445e-10,-0.00035818347
74,2.6375,-7.3777213e-05,8.4519485e-09,-0.0012012657
75,2.6875,-8.3293658e-05,7.0406259e-10,-0.0013207263
76,2.71875,-2.4726144e-05,-2.1277202e-10,-0.00032177422
77,2.75,-2.1757526e-05,-7.0730557e-08,-0.00018641873
78,2.775,-6.8701212e-05,-1.2881487e-06,-0.0030876465
79,2.8,-0.00029108602,1.7720235e-07,0.00021252541
80,2.8375,-3.7696883e-05,-5.4831505e-07,-0.00023720682
81,2.8875,-9.13395e-05,6.562216e-08,-0.00061621816
82,2.9375,-8.4354748e-05,-3.5997196e-08,-0.00031962211
83,2.96875,-3.9952356e-05,-8.9049479e-10,-8.6773723e-05
84,3,-2.1139649e-05,7.8842106e-09,-6.571434e-05
85,3.025,1.9985724e-05,2.2836844e-11,-0.00015815706
86,3.05,-1.1369266e-05,4.8577959e-09,-2.6127779e-05
87,3.0875,-2.4077035e-05,1.0545818e-08,-7.0363504e-05
88,3.1375,-6.8900636e-05,1.01553e-07,-0.00017284614
89,3.1875,-8.3224601e-05,-1.3080128e-07,0.00032409931
90,3.21875,-4.9135974e-05,-1.5185279e-08,0.0002521152
91,3.25,-2.7017494e-05,2.2415875e-08,0.00019018876
92,3.275,0.00011935687,2.2479576e-07,-0.00018496296
93,3.3,-5.4365507e-05,1.4898018e-07,8.7664008e-05
94,3.325,1.1080382e-05,-2.4833014e-08,-0.00013348543
95,3.3375,-9.2346311e-05,-3.9221959e-12,4.0125377e-05
96,3.34375,-0.00012668891,2.0901066e-07,1.7773231e-05
97,3.346875,8.3034329e-05,-6.9708079e-09,-4.7276576e-05
98,3.347,0.00023119506,-1.3117375e-07,-2.4031752e-05
99,3.347125,7.986674e-05,-7.0301098e-11,4.0768937e-05
100,3.34725,-2.1082214e-06,-6.323269e-08,-0.00012865173
101,3.347375,0.00028931633,5.4413974e-08,4.1069577e-05
