set,loadstep,substep,time,max_pressure_MPa,max_friction_MPa,max_slide_mm,open_near,open_far,sliding,sticking
       1.,       1.,       1.,  0.50000000000E-01,  0.50815577805E+00,  0.11947709936E-04,  0.10561597286E-06,     256.,    1280.,       0.,    1536.
       2.,       1.,       2.,  0.10000000000E+00,  0.10163115263E+01,  0.23897393930E-04,  0.21124940019E-06,     256.,    1280.,       0.,    1536.
       3.,       1.,       3.,  0.17500000000E+00,  0.17785451710E+01,  0.41825652261E-04,  0.36973253259E-06,     256.,    1280.,       0.,    1536.
       4.,       1.,       4.,  0.28750000000E+00,  0.29218956232E+01,  0.68726436439E-04,  0.60753144737E-06,     256.,    1280.,       0.,    1536.
       5.,       1.,       5.,  0.45625000000E+00,  0.46369154453E+01,  0.12208894441E-03,  0.92139204355E-06,     256.,    1280.,       0.,    1536.
       6.,       1.,       6.,  0.65625000000E+00,  0.66695244312E+01,  0.20289691020E-03,  0.12509935061E-05,     256.,    1280.,       0.,    1536.
       7.,       1.,       7.,  0.85625000000E+00,  0.87021276951E+01,  0.29870141589E-03,  0.15511256493E-05,     256.,    1280.,       0.,    1536.
       8.,       1.,       8.,  0.10000000000E+01,  0.10163058519E+02,  0.37503654312E-03,  0.17546398396E-05,     256.,    1280.,       0.,    1536.
       9.,       2.,       1.,  0.20000000000E+01,  0.10163058519E+02,  0.37503652129E-03,  0.17546397544E-05,     256.,    1280.,       0.,    1536.
      10.,       3.,       1.,  0.20250000000E+01,  0.11188690186E+02,  0.51224334165E-01,  0.12749254529E-03,     256.,    1280.,       0.,    1536.
      11.,       3.,       2.,  0.20500000000E+01,  0.12259060621E+02,  0.10810831189E+00,  0.25769216882E-03,     256.,    1280.,       0.,    1536.
      12.,       3.,       3.,  0.20875000000E+01,  0.14144544482E+02,  0.20609893650E+00,  0.45477817912E-03,     256.,    1280.,       0.,    1536.
      13.,       3.,       4.,  0.21375000000E+01,  0.16900269628E+02,  0.32348049060E+00,  0.65225442813E-03,     256.,    1280.,       0.,    1536.
      14.,       3.,       5.,  0.21875000000E+01,  0.17927073479E+02,  0.40399800986E+00,  0.77837388380E-03,     256.,    1280.,       0.,    1536.
      15.,       3.,       6.,  0.22187500000E+01,  0.18282437325E+02,  0.44197001681E+00,  0.83828635979E-03,     256.,    1280.,       0.,    1536.
      16.,       3.,       7.,  0.22500000000E+01,  0.18623809814E+02,  0.47722282261E+00,  0.89106653468E-03,     256.,    1280.,       0.,    1536.
      17.,       4.,       1.,  0.22750000000E+01,  0.19090294182E+02,  0.50460540131E+00,  0.92932462576E-03,     256.,    1280.,       0.,    1536.
      18.,       4.,       2.,  0.23000000000E+01,  0.19518519163E+02,  0.53197687864E+00,  0.96639574622E-03,     256.,    1280.,       0.,    1536.
      19.,       4.,       3.,  0.23375000000E+01,  0.20136811852E+02,  0.57513765246E+00,  0.10227627063E-02,     256.,    1280.,       0.,    1536.
      20.,       4.,       4.,  0.23875000000E+01,  0.20918358624E+02,  0.63701278716E+00,  0.11000052036E-02,     256.,    1280.,       0.,    1536.
      21.,       4.,       5.,  0.24375000000E+01,  0.21665560663E+02,  0.70593054593E+00,  0.11819786741E-02,     256.,    1280.,       0.,    1536.
      22.,       4.,       6.,  0.24687500000E+01,  0.22125443161E+02,  0.75196936727E+00,  0.12352012855E-02,     256.,    1280.,       0.,    1536.
      23.,       4.,       7.,  0.25000000000E+01,  0.22586396366E+02,  0.80060920492E+00,  0.12899318244E-02,     256.,    1280.,       0.,    1536.
      24.,       5.,       1.,  0.25250000000E+01,  0.22948232323E+02,  0.84141407907E+00,  0.13348503271E-02,     256.,    1280.,       0.,    1536.
      25.,       5.,       2.,  0.25500000000E+01,  0.23317901731E+02,  0.88410791755E+00,  0.13807885989E-02,     256.,    1280.,       0.,    1536.
      26.,       5.,       3.,  0.25875000000E+01,  0.23876973927E+02,  0.93747986853E+00,  0.14519088436E-02,     256.,    1280.,       0.,    1536.
      27.,       5.,       4.,  0.26375000000E+01,  0.24631496869E+02,  0.10024787560E+01,  0.15502112801E-02,     256.,    1280.,       0.,    1536.
      28.,       5.,       5.,  0.26875000000E+01,  0.25443942681E+02,  0.10933232829E+01,  0.16439076280E-02,     256.,    1280.,       0.,    1536.
      29.,       5.,       6.,  0.27187500000E+01,  0.26002126880E+02,  0.11344449557E+01,  0.16975895560E-02,     256.,    1280.,       0.,    1536.
      30.,       5.,       7.,  0.27500000000E+01,  0.26566245079E+02,  0.11732190438E+01,  0.17594603705E-02,     256.,    1280.,       0.,    1536.
      31.,       6.,       1.,  0.27750000000E+01,  0.27081344604E+02,  0.11980090141E+01,  0.18082113529E-02,     256.,    1280.,       0.,    1536.
      32.,       6.,       2.,  0.28000000000E+01,  0.27600948334E+02,  0.12511597872E+01,  0.18560029275E-02,     256.,    1280.,       0.,    1536.
      33.,       6.,       3.,  0.28375000000E+01,  0.28374394417E+02,  0.13279187679E+01,  0.19068132387E-02,     256.,    1280.,       0.,    1536.
      34.,       6.,       4.,  0.28875000000E+01,  0.29399605751E+02,  0.14288902283E+01,  0.19885144720E-02,     256.,    1280.,       0.,    1536.
      35.,       6.,       5.,  0.29375000000E+01,  0.30431397438E+02,  0.15291491747E+01,  0.20711258985E-02,     256.,    1280.,       0.,    1536.
      36.,       6.,       6.,  0.29687500000E+01,  0.31071641922E+02,  0.15925660729E+01,  0.21222865325E-02,     256.,    1280.,       0.,    1536.
      37.,       6.,       7.,  0.30000000000E+01,  0.31718758583E+02,  0.16563290954E+01,  0.21722720703E-02,     256.,    1280.,       0.,    1536.
      38.,       7.,       1.,  0.30250000000E+01,  0.32238152504E+02,  0.17080325484E+01,  0.22116035689E-02,     256.,    1280.,       0.,    1536.
      39.,       7.,       2.,  0.30500000000E+01,  0.32757617950E+02,  0.17604191899E+01,  0.22505183006E-02,     256.,    1280.,       0.,    1536.
      40.,       7.,       3.,  0.30875000000E+01,  0.33537435532E+02,  0.18399980068E+01,  0.23080362007E-02,     256.,    1280.,       0.,    1536.
      41.,       7.,       4.,  0.31375000000E+01,  0.34580287933E+02,  0.19476494193E+01,  0.23829521379E-02,     256.,    1280.,       0.,    1536.
      42.,       7.,       5.,  0.31875000000E+01,  0.35615758896E+02,  0.20543186069E+01,  0.24372284533E-02,     256.,    1280.,       0.,    1536.
      43.,       7.,       6.,  0.32187500000E+01,  0.36270488739E+02,  0.21212856770E+01,  0.24703095551E-02,     256.,    1280.,       0.,    1536.
      44.,       7.,       7.,  0.32500000000E+01,  0.36929765701E+02,  0.21890875101E+01,  0.25029655662E-02,     256.,    1280.,       0.,    1536.
      45.,       8.,       1.,  0.32750000000E+01,  0.37460767746E+02,  0.22444639206E+01,  0.25290787453E-02,     256.,    1280.,       0.,    1536.
      46.,       8.,       2.,  0.33000000000E+01,  0.37992452621E+02,  0.23003008366E+01,  0.25549122365E-02,     256.,    1280.,       0.,    1536.
      47.,       8.,       3.,  0.33375000000E+01,  0.38795145035E+02,  0.23852508068E+01,  0.25931715500E-02,     256.,    1280.,       0.,    1536.
      48.,       8.,       4.,  0.33875000000E+01,  0.39879522324E+02,  0.24999905825E+01,  0.26511840406E-02,     256.,    1280.,       0.,    1536.
      49.,       8.,       5.,  0.34375000000E+01,  0.40974620819E+02,  0.26178696156E+01,  0.27110131923E-02,     256.,    1280.,       0.,    1536.
      50.,       8.,       6.,  0.34687500000E+01,  0.41666479111E+02,  0.26926978827E+01,  0.27476640535E-02,     256.,    1280.,       0.,    1536.
      51.,       8.,       7.,  0.35000000000E+01,  0.42358507156E+02,  0.27685973644E+01,  0.27836763766E-02,     256.,    1280.,       0.,    1536.
      52.,       9.,       1.,  0.35250000000E+01,  0.42913921356E+02,  0.28300424814E+01,  0.28120951029E-02,     256.,    1280.,       0.,    1536.
      53.,       9.,       2.,  0.35500000000E+01,  0.43476123810E+02,  0.28926057816E+01,  0.28401322197E-02,     256.,    1280.,       0.,    1536.
      54.,       9.,       3.,  0.35875000000E+01,  0.44321426392E+02,  0.29883931875E+01,  0.28817080311E-02,     256.,    1280.,       0.,    1536.
      55.,       9.,       4.,  0.36375000000E+01,  0.45451051712E+02,  0.31192983389E+01,  0.29360397602E-02,     256.,    1280.,       0.,    1536.
      56.,       9.,       5.,  0.36875000000E+01,  0.46592908859E+02,  0.32554650307E+01,  0.29900206719E-02,     256.,    1280.,       0.,    1536.
      57.,       9.,       6.,  0.37187500000E+01,  0.47315650940E+02,  0.33427762985E+01,  0.30239242478E-02,     256.,    1280.,       0.,    1536.
      58.,       9.,       7.,  0.37500000000E+01,  0.48038711548E+02,  0.34320805073E+01,  0.30576769495E-02,     256.,    1280.,       0.,    1536.
      59.,      10.,       1.,  0.37750000000E+01,  0.48620962143E+02,  0.35050172806E+01,  0.30847504968E-02,     256.,    1280.,       0.,    1536.
      60.,      10.,       2.,  0.38000000000E+01,  0.49210880280E+02,  0.35789375305E+01,  0.31116470927E-02,     256.,    1280.,       0.,    1536.
      61.,      10.,       3.,  0.38375000000E+01,  0.50102460861E+02,  0.36931725740E+01,  0.31520854682E-02,     256.,    1280.,       0.,    1536.
      62.,      10.,       4.,  0.38875000000E+01,  0.51301881790E+02,  0.38501455784E+01,  0.31921688351E-02,     256.,    1280.,       0.,    1536.
      63.,      10.,       5.,  0.39375000000E+01,  0.52515369415E+02,  0.40123249292E+01,  0.32321054023E-02,     256.,    1280.,       0.,    1536.
      64.,      10.,       6.,  0.39687500000E+01,  0.53278776169E+02,  0.41167501211E+01,  0.32572755590E-02,     256.,    1280.,       0.,    1536.
      65.,      10.,       7.,  0.40000000000E+01,  0.54049909592E+02,  0.42236244678E+01,  0.32825301751E-02,     256.,    1280.,       0.,    1536.
      66.,      11.,       1.,  0.40250000000E+01,  0.54670415878E+02,  0.43111679554E+01,  0.33028309117E-02,     256.,    1280.,       0.,    1536.
      67.,      11.,       2.,  0.40500000000E+01,  0.55295890808E+02,  0.44003870487E+01,  0.33231843263E-02,     256.,    1280.,       0.,    1536.
      68.,      11.,       3.,  0.40875000000E+01,  0.56234651566E+02,  0.45377230644E+01,  0.33536850824E-02,     256.,    1280.,       0.,    1536.
      69.,      11.,       4.,  0.41375000000E+01,  0.57489490509E+02,  0.47265133858E+01,  0.34030094394E-02,     256.,    1280.,       0.,    1536.
      70.,      11.,       5.,  0.41875000000E+01,  0.58763309479E+02,  0.49218697548E+01,  0.34427376231E-02,     256.,    1280.,       0.,    1536.
      71.,      11.,       6.,  0.42187500000E+01,  0.59565052032E+02,  0.50474522114E+01,  0.34680653480E-02,     256.,    1280.,       0.,    1536.
      72.,      11.,       7.,  0.42500000000E+01,  0.60371261597E+02,  0.51758096218E+01,  0.34936616430E-02,     256.,    1280.,       0.,    1536.
      73.,      12.,       1.,  0.42750000000E+01,  0.61017696381E+02,  0.52804515362E+01,  0.35143018467E-02,     256.,    1280.,       0.,    1536.
      74.,      12.,       2.,  0.43000000000E+01,  0.61672412872E+02,  0.53867368698E+01,  0.35351070692E-02,     256.,    1280.,       0.,    1536.
      75.,      12.,       3.,  0.43375000000E+01,  0.62659919739E+02,  0.55499374866E+01,  0.35666018375E-02,     256.,    1280.,       0.,    1536.
      76.,      12.,       4.,  0.43875000000E+01,  0.63989557266E+02,  0.57746422291E+01,  0.36089881905E-02,     256.,    1280.,       0.,    1536.
      77.,      12.,       5.,  0.44375000000E+01,  0.65335649490E+02,  0.60086059570E+01,  0.36521717557E-02,     256.,    1280.,       0.,    1536.
      78.,      12.,       6.,  0.44687500000E+01,  0.66184560776E+02,  0.61592628956E+01,  0.36796845379E-02,     256.,    1280.,       0.,    1536.
      79.,      12.,       7.,  0.45000000000E+01,  0.67043140411E+02,  0.63136029243E+01,  0.37075486616E-02,     256.,    1280.,       0.,    1536.
      80.,      13.,       1.,  0.45250000000E+01,  0.67732723236E+02,  0.64401934147E+01,  0.37403400056E-02,     256.,    1280.,       0.,    1536.
      81.,      13.,       2.,  0.45500000000E+01,  0.68431213379E+02,  0.65685608387E+01,  0.37799852435E-02,     256.,    1280.,       0.,    1536.
      82.,      13.,       3.,  0.45875000000E+01,  0.69486320496E+02,  0.67660799026E+01,  0.38400574122E-02,     256.,    1280.,       0.,    1536.
      83.,      13.,       4.,  0.46375000000E+01,  0.70906261444E+02,  0.70385322571E+01,  0.39212643169E-02,     256.,    1280.,       0.,    1536.
      84.,      13.,       5.,  0.46875000000E+01,  0.72338111877E+02,  0.73211271763E+01,  0.40038480656E-02,     256.,    1280.,       0.,    1536.
      85.,      13.,       6.,  0.47187500000E+01,  0.73235965729E+02,  0.75023357868E+01,  0.40563067887E-02,     256.,    1280.,       0.,    1536.
      86.,      13.,       7.,  0.47500000000E+01,  0.74138298035E+02,  0.76873447895E+01,  0.41092534666E-02,     256.,    1280.,       0.,    1536.
      87.,      14.,       1.,  0.47750000000E+01,  0.74862846375E+02,  0.78384926319E+01,  0.41521117673E-02,     256.,    1280.,       0.,    1536.
      88.,      14.,       2.,  0.48000000000E+01,  0.75594280243E+02,  0.79917891026E+01,  0.41952136671E-02,     256.,    1280.,       0.,    1536.
      89.,      14.,       3.,  0.48375000000E+01,  0.76696666718E+02,  0.82271680832E+01,  0.42449869798E-02,     256.,    1280.,       0.,    1536.
      90.,      14.,       4.,  0.48875000000E+01,  0.78171829224E+02,  0.85523705482E+01,  0.43124364456E-02,     256.,    1280.,       0.,    1536.
      91.,      14.,       5.,  0.49375000000E+01,  0.79643821716E+02,  0.88889183998E+01,  0.43812921504E-02,     256.,    1280.,       0.,    1536.
      92.,      14.,       6.,  0.49687500000E+01,  0.80563106537E+02,  0.91044740677E+01,  0.44251088984E-02,     256.,    1280.,       0.,    1536.
      93.,      14.,       7.,  0.50000000000E+01,  0.81486351013E+02,  0.93245906830E+01,  0.44695269316E-02,     256.,    1280.,       0.,    1536.
      94.,      15.,       1.,  0.50250000000E+01,  0.82225658417E+02,  0.95041446686E+01,  0.45054977527E-02,     256.,    1280.,       0.,    1536.
      95.,      15.,       2.,  0.50500000000E+01,  0.82962543488E+02,  0.96866259575E+01,  0.45417926740E-02,     256.,    1280.,       0.,    1536.
      96.,      15.,       3.,  0.50875000000E+01,  0.84069381714E+02,  0.99659991264E+01,  0.45968638733E-02,     256.,    1280.,       0.,    1536.
      97.,      15.,       4.,  0.51375000000E+01,  0.85546329498E+02,  0.10349060059E+02,  0.46715762001E-02,     256.,    1280.,       0.,    1536.
      98.,      15.,       5.,  0.51875000000E+01,  0.87017948151E+02,  0.10744925499E+02,  0.47477718908E-02,     256.,    1280.,       0.,    1536.
      99.,      15.,       6.,  0.52187500000E+01,  0.87935104370E+02,  0.10999016762E+02,  0.47963944962E-02,     256.,    1280.,       0.,    1536.
     100.,      15.,       7.,  0.52500000000E+01,  0.88853363037E+02,  0.11258610725E+02,  0.48457711237E-02,     256.,    1280.,       0.,    1536.
     101.,      16.,       1.,  0.52750000000E+01,  0.89590732574E+02,  0.11470494747E+02,  0.48859408125E-02,     256.,    1280.,       0.,    1536.
     102.,      16.,       2.,  0.53000000000E+01,  0.90325859070E+02,  0.11684460163E+02,  0.49264207482E-02,     256.,    1280.,       0.,    1536.
     103.,      16.,       3.,  0.53250000000E+01,  0.91061740875E+02,  0.11902894497E+02,  0.49675365444E-02,     256.,    1280.,       0.,    1536.
     104.,      16.,       4.,  0.53375000000E+01,  0.91429542542E+02,  0.12011668205E+02,  0.49880365841E-02,     256.,    1280.,       0.,    1536.
     105.,      16.,       5.,  0.53437500000E+01,  0.91613986969E+02,  0.12067039013E+02,  0.49984247889E-02,     256.,    1280.,       0.,    1536.
     106.,      16.,       6.,  0.53468750000E+01,  0.91705615997E+02,  0.12094183445E+02,  0.50035367021E-02,     256.,    1280.,       0.,    1536.
     107.,      16.,       7.,  0.53470000000E+01,  0.91708786011E+02,  0.12094480515E+02,  0.50036299508E-02,     256.,    1280.,       0.,    1536.
     108.,      16.,       8.,  0.53471250000E+01,  0.91712661743E+02,  0.12095794678E+02,  0.50038771005E-02,     256.,    1280.,       0.,    1536.
     109.,      16.,       9.,  0.53472500000E+01,  0.91717193604E+02,  0.12098470211E+02,  0.50042992225E-02,     256.,    1280.,       0.,    1536.
     110.,      16.,      10.,  0.53473750000E+01,  0.91720386505E+02,  0.12098600388E+02,  0.50043672090E-02,     256.,    1280.,       0.,    1536.
