set,time,washer1_uz,washer2_uz,washer1_RFz,washer2_RFz,max_slide,max_pressure
      1.,  0.50000000000E-01,  0.14810239397E-04,  0.14810239374E-04,  0.00000000000E+00,  0.00000000000E+00,  0.10561597286E-06,  0.50815577805E+00
      2.,  0.10000000000E+00,  0.29620478807E-04,  0.29620478760E-04,  0.00000000000E+00,  0.00000000000E+00,  0.21124940019E-06,  0.10163115263E+01
      3.,  0.17500000000E+00,  0.51835837902E-04,  0.51835837820E-04,  0.00000000000E+00,  0.00000000000E+00,  0.36973253259E-06,  0.17785451710E+01
      4.,  0.28750000000E+00,  0.85158876527E-04,  0.85158876392E-04,  0.00000000000E+00,  0.00000000000E+00,  0.60753144737E-06,  0.29218956232E+01
      5.,  0.45625000000E+00,  0.13514348957E-03,  0.13514348936E-03,  0.00000000000E+00,  0.00000000000E+00,  0.92139204355E-06,  0.46369154453E+01
      6.,  0.65625000000E+00,  0.19438456864E-03,  0.19438456833E-03,  0.00000000000E+00,  0.00000000000E+00,  0.12509935061E-05,  0.66695244312E+01
      7.,  0.85625000000E+00,  0.25362568497E-03,  0.25362568457E-03,  0.00000000000E+00,  0.00000000000E+00,  0.15511256493E-05,  0.87021276951E+01
      8.,  0.10000000000E+01,  0.29620525131E-03,  0.29620525084E-03,  0.00000000000E+00,  0.00000000000E+00,  0.17546398396E-05,  0.10163058519E+02
      9.,  0.20000000000E+01,  0.29620525131E-03,  0.29620525084E-03,  0.75000000000E+03,  0.75000000000E+03,  0.17546397544E-05,  0.10163058519E+02
     10.,  0.20100000000E+01,  0.29620525131E-03,  0.29620525084E-03,  0.74996898808E+03,  0.74996898808E+03,  0.25336238650E-04,  0.10333622694E+02
     11.,  0.20200000000E+01,  0.29620525131E-03,  0.29620525084E-03,  0.74996937688E+03,  0.74996937688E+03,  0.50540400480E-04,  0.10546925545E+02
     12.,  0.20350000000E+01,  0.29620525131E-03,  0.29620525084E-03,  0.74996960985E+03,  0.74996960985E+03,  0.88566634076E-04,  0.10867041826E+02
     13.,  0.20575000000E+01,  0.29620525131E-03,  0.29620525084E-03,  0.74996917119E+03,  0.74996917119E+03,  0.14609757272E-03,  0.11347574949E+02
     14.,  0.20912500000E+01,  0.29620525131E-03,  0.29620525084E-03,  0.74996673741E+03,  0.74996673741E+03,  0.23349259209E-03,  0.12069164991E+02
     15.,  0.21412500000E+01,  0.29620525131E-03,  0.29620525084E-03,  0.74995991483E+03,  0.74995991483E+03,  0.36085600732E-03,  0.13061626911E+02
     16.,  0.21912500000E+01,  0.29620525131E-03,  0.29620525084E-03,  0.75053692062E+03,  0.75053692066E+03,  0.46815866517E-03,  0.14013760090E+02
     17.,  0.22412500000E+01,  0.29620525131E-03,  0.29620525084E-03,  0.75170609014E+03,  0.75170609015E+03,  0.53822284099E-03,  0.14603260517E+02
     18.,  0.22912500000E+01,  0.29620525131E-03,  0.29620525084E-03,  0.75259754365E+03,  0.75259754368E+03,  0.58920802257E-03,  0.14980735302E+02
     19.,  0.23412500000E+01,  0.29620525131E-03,  0.29620525084E-03,  0.75323115823E+03,  0.75323115826E+03,  0.62789695221E-03,  0.15168775797E+02
     20.,  0.23912500000E+01,  0.29620525131E-03,  0.29620525084E-03,  0.75366394512E+03,  0.75366394516E+03,  0.65995186742E-03,  0.15622442126E+02
     21.,  0.24412500000E+01,  0.29620525131E-03,  0.29620525084E-03,  0.75395146249E+03,  0.75395146252E+03,  0.68729337363E-03,  0.16027885318E+02
     22.,  0.24912500000E+01,  0.29620525131E-03,  0.29620525084E-03,  0.75417727632E+03,  0.75417727636E+03,  0.71235156793E-03,  0.16380358219E+02
     23.,  0.25412500000E+01,  0.29620525131E-03,  0.29620525084E-03,  0.75436601811E+03,  0.75436601815E+03,  0.73771047755E-03,  0.16711068511E+02
     24.,  0.25912500000E+01,  0.29620525131E-03,  0.29620525084E-03,  0.75452095098E+03,  0.75452095100E+03,  0.76309475116E-03,  0.17011095524E+02
     25.,  0.26412500000E+01,  0.29620525131E-03,  0.29620525084E-03,  0.75466070885E+03,  0.75466070872E+03,  0.78913848847E-03,  0.17306143045E+02
     26.,  0.26912500000E+01,  0.29620525131E-03,  0.29620525084E-03,  0.75478543519E+03,  0.75478543521E+03,  0.81667595077E-03,  0.17584968686E+02
     27.,  0.27412500000E+01,  0.29620525131E-03,  0.29620525084E-03,  0.75490398593E+03,  0.75490398590E+03,  0.84525439888E-03,  0.17859363794E+02
     28.,  0.27912500000E+01,  0.29620525131E-03,  0.29620525084E-03,  0.75502410525E+03,  0.75502410528E+03,  0.87493142928E-03,  0.18131312847E+02
     29.,  0.28412500000E+01,  0.29620525131E-03,  0.29620525084E-03,  0.75513929539E+03,  0.75513929542E+03,  0.90610991174E-03,  0.18394662380E+02
     30.,  0.28912500000E+01,  0.29620525131E-03,  0.29620525084E-03,  0.75525248023E+03,  0.75525248026E+03,  0.93903265952E-03,  0.18656886220E+02
     31.,  0.29412500000E+01,  0.29620525131E-03,  0.29620525084E-03,  0.75536346757E+03,  0.75536346760E+03,  0.97371853190E-03,  0.18922215700E+02
     32.,  0.29706250000E+01,  0.29620525131E-03,  0.29620525084E-03,  0.75542864056E+03,  0.75542864060E+03,  0.99463498918E-03,  0.19077311635E+02
     33.,  0.30000000000E+01,  0.29620525131E-03,  0.29620525084E-03,  0.75549547455E+03,  0.75549547458E+03,  0.10157040088E-02,  0.19233257294E+02
