set,time,mx_Nmm,my_Nmm,mz_Nmm
      1.,  0.50000000000E-01,  0.32077372638E-05, -0.57329358510E-06,  0.14802436620E-10
      2.,  0.10000000000E+00,  0.11919570602E-05, -0.21254390903E-06, -0.97501074055E-11
      3.,  0.17500000000E+00,  0.11721193598E-05, -0.20903848652E-06, -0.10954679785E-09
      4.,  0.28750000000E+00,  0.61252364204E-06, -0.11082253309E-06, -0.63538769732E-10
      5.,  0.45625000000E+00,  0.24365968557E-06, -0.44201788119E-07, -0.10080202124E-09
      6.,  0.65625000000E+00,  0.23722913843E-06, -0.44150699097E-07, -0.23217870682E-09
      7.,  0.85625000000E+00,  0.17254973009E-06, -0.31041923920E-07, -0.26910810386E-10
      8.,  0.10000000000E+01,  0.70295576776E-07, -0.12620630541E-07, -0.93885416802E-10
      9.,  0.20000000000E+01,  0.89895700091E-08, -0.18220205344E-08, -0.28396552471E-10
     10.,  0.20100000000E+01, -0.28072204645E-04,  0.60790850975E-06, -0.10659790881E-04
     11.,  0.20200000000E+01,  0.42622411478E-05, -0.20590618188E-05,  0.16209987308E-05
     12.,  0.20350000000E+01, -0.73233322441E-07, -0.36804556007E-05, -0.12130001892E-07
     13.,  0.20575000000E+01, -0.46497297779E-06, -0.14026937819E-04, -0.93770538001E-07
     14.,  0.20912500000E+01, -0.29097350213E-05, -0.51579141857E-04, -0.72661850936E-06
     15.,  0.21412500000E+01, -0.27235649455E-04, -0.15072424760E-03, -0.18298654709E-04
     16.,  0.21912500000E+01, -0.31503320743E-01,  0.55995155554E-02, -0.75758369201E-03
     17.,  0.22412500000E+01,  0.94357673413E-02, -0.27957503067E-02, -0.64150013560E-03
     18.,  0.22912500000E+01, -0.18189470356E-04, -0.29882167415E-03,  0.50895304298E-04
     19.,  0.23412500000E+01,  0.27493177437E-04, -0.18478794672E-02,  0.60419206989E-05
     20.,  0.23912500000E+01,  0.21598441945E-01, -0.74073451299E-02, -0.28929546431E-04
     21.,  0.24412500000E+01,  0.18096330987E-03, -0.18672571686E-02, -0.14328897919E-04
     22.,  0.24912500000E+01, -0.13657164208E-02, -0.14457523187E-02,  0.44283602830E-03
     23.,  0.25412500000E+01, -0.18196049711E-02, -0.24772141358E-02, -0.58043462332E-04
     24.,  0.25912500000E+01, -0.50623447442E-03, -0.33191435249E-02, -0.13996495016E-03
     25.,  0.26412500000E+01,  0.61063760369E-02, -0.54593560085E-02,  0.71114548234E-04
     26.,  0.26912500000E+01,  0.23445477248E-02, -0.59213509674E-02, -0.14781026596E-03
     27.,  0.27412500000E+01,  0.37459986077E-02, -0.67312136145E-02,  0.10148256860E-03
     28.,  0.27912500000E+01, -0.19001760604E-01, -0.25725634629E-02, -0.16060408200E-03
     29.,  0.28412500000E+01, -0.15939332969E-01, -0.44342389827E-02, -0.22338904279E-03
     30.,  0.28912500000E+01, -0.23767064876E-01, -0.37673511376E-02, -0.25343296994E-03
     31.,  0.29412500000E+01, -0.93940476183E-03, -0.10425086276E-01, -0.21122915081E-03
     32.,  0.29706250000E+01,  0.70704601231E-03, -0.11300068053E-01, -0.13652772185E-03
     33.,  0.30000000000E+01,  0.18320779398E-02, -0.12342722353E-01, -0.12860768959E-03
