1690	False	Bonded	[20040]	[20594]
1693	False	Bonded	[20040]	[20929]
1696	False	Bonded	[20040]	[23089]
1699	False	Bonded	[20091]	[20157]
1702	False	Bonded	[20091]	[20246]
1705	False	Bonded	[20127]	[20878]
1708	False	Bonded	[20127]	[22679]
1711	False	Bonded	[20157]	[20348]
1714	False	Bonded	[20190]	[20407]
1717	False	Bonded	[20190]	[23029]
1720	False	Bonded	[20246]	[20561]
1723	False	Bonded	[20297]	[20407]
1726	False	Bonded	[20297]	[20675]
1729	False	Bonded	[20348]	[20466]
1732	False	Bonded	[20407]	[23329]
1735	False	Bonded	[20466]	[20708]
1738	False	Bonded	[20525]	[20642]
1741	False	Bonded	[20525]	[20792]
1744	False	Bonded	[20525]	[23149]
1747	False	Bonded	[20561]	[21279]
1750	False	Bonded	[20594]	[21629]
1753	False	Bonded	[20642]	[20675]
1756	False	Bonded	[20708]	[22329]
1759	False	Bonded	[20756]	[20822]
1762	False	Bonded	[20756]	[20878]
1765	False	Bonded	[20792]	[21979]
1768	False	Bonded	[20822]	[20929]
1771	False	Bonded	[20878]	[23269]
3560	False	Bonded	[9634]	[42342]
3563	False	Bonded	[9661]	[42342]
3566	False	Bonded	[9688]	[42342]
3569	False	Bonded	[9715]	[42342]
3572	False	Bonded	[9742]	[42342]
3575	False	Bonded	[9769]	[42342]
3578	False	Bonded	[9796]	[42342]
3581	False	Bonded	[9823]	[42342]
3584	False	Bonded	[9850]	[42342]
3587	False	Bonded	[9877]	[42342]
3590	False	Bonded	[9904]	[42342]
3593	False	Bonded	[9931]	[42342]
3596	False	Bonded	[9958]	[42342]
3599	False	Bonded	[9985]	[42342]
3602	False	Bonded	[10012]	[42342]
3605	False	Bonded	[10039]	[42342]
3608	False	Bonded	[10066]	[42342]
3611	False	Bonded	[10093]	[42342]
3614	False	Bonded	[10120]	[42342]
3617	False	Bonded	[10147]	[42342]
3620	False	Bonded	[10174]	[42342]
3623	False	Bonded	[10201]	[42342]
3626	False	Bonded	[10228]	[42342]
3629	False	Bonded	[10255]	[42342]
3632	False	Bonded	[10282]	[42342]
3635	False	Bonded	[10309]	[42342]
3638	False	Bonded	[10336]	[42342]
3641	False	Bonded	[10363]	[42342]
3644	False	Bonded	[10390]	[42342]
3647	False	Bonded	[10417]	[42342]
3650	False	Bonded	[10444]	[42342]
3653	False	Bonded	[10471]	[42342]
3656	False	Bonded	[10498]	[42342]
3659	False	Bonded	[10525]	[42342]
3662	False	Bonded	[10552]	[42342]
3665	False	Bonded	[10579]	[42342]
3668	False	Bonded	[10606]	[42342]
3671	False	Bonded	[10633]	[42342]
3674	False	Bonded	[10660]	[42342]
3677	False	Bonded	[10687]	[42342]
3680	False	Bonded	[10714]	[42342]
3683	False	Bonded	[10741]	[42342]
3686	False	Bonded	[10768]	[42342]
3689	False	Bonded	[10795]	[42342]
3692	False	Bonded	[10822]	[42342]
3695	False	Bonded	[10849]	[42342]
3698	False	Bonded	[10876]	[42342]
3701	False	Bonded	[10903]	[42342]
3704	False	Bonded	[10930]	[42342]
3707	False	Bonded	[10957]	[42342]
3710	False	Bonded	[10984]	[42342]
3713	False	Bonded	[11011]	[42342]
3716	False	Bonded	[11038]	[42342]
3719	False	Bonded	[11065]	[42342]
3722	False	Bonded	[11092]	[42342]
3725	False	Bonded	[11119]	[42342]
3728	False	Bonded	[11146]	[42342]
3731	False	Bonded	[11173]	[42342]
3734	False	Bonded	[11200]	[42342]
3737	False	Bonded	[11227]	[42342]
3740	False	Bonded	[11254]	[42342]
3743	False	Bonded	[11281]	[42342]
3746	False	Bonded	[11308]	[42342]
3749	False	Bonded	[11335]	[42342]
3752	False	Bonded	[11362]	[42342]
3755	False	Bonded	[11389]	[42342]
3758	False	Bonded	[11416]	[42342]
3761	False	Bonded	[11443]	[42342]
3764	False	Bonded	[11470]	[42342]
3767	False	Bonded	[11497]	[42342]
3770	False	Bonded	[11524]	[42342]
3773	False	Bonded	[11551]	[42342]
3776	False	Bonded	[11578]	[42342]
3779	False	Bonded	[11605]	[42342]
3782	False	Bonded	[11632]	[42342]
3785	False	Bonded	[11659]	[42342]
3788	False	Bonded	[11686]	[42342]
3791	False	Bonded	[11713]	[42342]
3794	False	Bonded	[11740]	[42342]
3797	False	Bonded	[11767]	[42342]
3800	False	Bonded	[11794]	[42342]
3803	False	Bonded	[11821]	[42342]
3806	False	Bonded	[11848]	[42342]
3809	False	Bonded	[11875]	[42342]
3812	False	Bonded	[11902]	[42342]
3815	False	Bonded	[11929]	[42342]
3818	False	Bonded	[11956]	[42342]
3821	False	Bonded	[11983]	[42342]
3824	False	Bonded	[12010]	[42342]
3827	False	Bonded	[12037]	[42342]
3830	False	Bonded	[12064]	[42342]
3833	False	Bonded	[12091]	[42342]
3836	False	Bonded	[12118]	[42342]
3839	False	Bonded	[12145]	[42342]
3842	False	Bonded	[12172]	[42342]
3845	False	Bonded	[12199]	[42342]
3848	False	Bonded	[12226]	[42342]
3851	False	Bonded	[12253]	[42342]
3854	False	Bonded	[12280]	[42342]
3857	False	Bonded	[12307]	[42342]
3860	False	Bonded	[12334]	[42342]
3863	False	Bonded	[12361]	[42342]
3866	False	Bonded	[12388]	[42342]
3869	False	Bonded	[12415]	[42342]
3872	False	Bonded	[12442]	[42342]
3875	False	Bonded	[12469]	[42342]
3878	False	Bonded	[12496]	[42342]
3881	False	Bonded	[12523]	[42342]
3884	False	Bonded	[12550]	[42342]
3887	False	Bonded	[12577]	[42342]
3890	False	Bonded	[12604]	[42342]
3893	False	Bonded	[12631]	[42342]
3896	False	Bonded	[12658]	[42342]
3899	False	Bonded	[12685]	[42342]
3902	False	Bonded	[12712]	[42342]
3905	False	Bonded	[12739]	[42342]
3908	False	Bonded	[12766]	[42342]
3911	False	Bonded	[12793]	[42342]
3914	False	Bonded	[12820]	[42342]
3917	False	Bonded	[12847]	[42342]
3920	False	Bonded	[12874]	[42342]
3923	False	Bonded	[12901]	[42342]
3926	False	Bonded	[12928]	[42342]
3929	False	Bonded	[12955]	[42342]
3932	False	Bonded	[12982]	[42342]
3935	False	Bonded	[13009]	[42342]
3938	False	Bonded	[13036]	[42342]
3941	False	Bonded	[13063]	[42342]
3944	False	Bonded	[13090]	[42342]
3947	False	Bonded	[13117]	[42342]
3950	False	Bonded	[13144]	[42342]
3953	False	Bonded	[13171]	[42342]
3956	False	Bonded	[13198]	[42342]
3959	False	Bonded	[13225]	[42342]
3962	False	Bonded	[13252]	[42342]
3965	False	Bonded	[13279]	[42342]
3968	False	Bonded	[13306]	[42342]
3971	False	Bonded	[13333]	[42342]
3974	False	Bonded	[13360]	[42342]
3977	False	Bonded	[13387]	[42342]
3980	False	Bonded	[13414]	[42342]
3983	False	Bonded	[13441]	[42342]
3986	False	Bonded	[13468]	[42342]
3989	False	Bonded	[13495]	[42342]
3992	False	Bonded	[13522]	[42342]
3995	False	Bonded	[13549]	[42342]
3998	False	Bonded	[13576]	[42342]
4001	False	Bonded	[13603]	[42342]
4004	False	Bonded	[13630]	[42342]
4007	False	Bonded	[13657]	[42342]
4010	False	Bonded	[13684]	[42342]
4013	False	Bonded	[13711]	[42342]
4016	False	Bonded	[13738]	[42342]
4019	False	Bonded	[13765]	[42342]
4022	False	Bonded	[13792]	[42342]
4025	False	Bonded	[13819]	[42342]
4028	False	Bonded	[13846]	[42342]
4031	False	Bonded	[13873]	[42342]
4034	False	Bonded	[13900]	[42342]
4037	False	Bonded	[13927]	[42342]
4040	False	Bonded	[13954]	[42342]
4043	False	Bonded	[13981]	[42342]
4046	False	Bonded	[14008]	[42342]
4049	False	Bonded	[14035]	[42342]
4052	False	Bonded	[14062]	[42342]
4055	False	Bonded	[14089]	[42342]
4058	False	Bonded	[14116]	[42342]
4061	False	Bonded	[14143]	[42342]
4064	False	Bonded	[14170]	[42342]
4067	False	Bonded	[14197]	[42342]
4070	False	Bonded	[14224]	[42342]
4073	False	Bonded	[14251]	[42342]
4076	False	Bonded	[23089]	[42342]
4079	False	Bonded	[23149]	[42342]
4082	False	Bonded	[23209]	[42342]
4085	False	Bonded	[23269]	[42342]
4088	False	Bonded	[23329]	[42342]
4091	False	Bonded	[23389]	[42342]
4094	False	Bonded	[23449]	[42342]
4097	False	Bonded	[23509]	[42342]