file,report,figure,analysis_id,result_id,description,maximum_native_units,animation,duration_s,resolution,fps,workbench_block,maximum_units
modal_fig01_default_mode01.mp4,Modal comparison,1,4182,4189,Default contacts | Mode 1 | 66.6113 Hz,7.9822180259369695,Normalized mode shape,9,3840x2160,60,H,m (normalized eigenvector; not physical amplitude)
modal_fig02_default_mode20.mp4,Modal comparison,2,4182,4194,Default contacts | Mode 20 | 2247.5946 Hz,15.970725456341384,Normalized mode shape,9,3840x2160,60,H,m (normalized eigenvector; not physical amplitude)
modal_fig03_bolted_mode20.mp4,Modal comparison,3,1656,4207,750 N per bolt | Mode 20 | 2364.1791 Hz,7.160033972903191,Normalized mode shape,9,3840x2160,60,G,m (normalized eigenvector; not physical amplitude)
random_fig02_assembly.mp4,Random vibration,2,4259,4278,Base X | RMS response X | Whole assembly,6.142534402897581e-05,Camera motion over fixed RMS,8,3840x2160,60,F,m
random_fig03_assembly.mp4,Random vibration,3,4264,4301,Base Y | RMS response Z | Whole assembly,2.9746011932729743e-05,Camera motion over fixed RMS,8,3840x2160,60,E,m
random_fig04_assembly.mp4,Random vibration,4,4269,4316,Base Z | RMS response Z | Whole assembly,8.060016261879355e-05,Camera motion over fixed RMS,8,3840x2160,60,D,m
random_fig05_assembly.mp4,Random vibration,5,4269,4316,Base Z | RMS response Z | Rear view,8.060016261879355e-05,Camera motion over fixed RMS,8,3840x2160,60,D,m
random_fig06_baseX_responseX.mp4,Random vibration,6,4259,4278,Base X | RMS response X | Battery view,6.142534402897581e-05,Camera motion over fixed RMS,8,3840x2160,60,F,m
random_fig07_baseX_responseY.mp4,Random vibration,7,4259,4280,Base X | RMS response Y | Battery view,3.897111128026154e-06,Camera motion over fixed RMS,8,3840x2160,60,F,m
random_fig08_baseX_responseZ.mp4,Random vibration,8,4259,4282,Base X | RMS response Z | Battery view,2.8947886676178314e-05,Camera motion over fixed RMS,8,3840x2160,60,F,m
random_fig09_baseY_responseX.mp4,Random vibration,9,4264,4297,Base Y | RMS response X | Battery view,1.2149919257353758e-06,Camera motion over fixed RMS,8,3840x2160,60,E,m
random_fig10_baseY_responseY.mp4,Random vibration,10,4264,4299,Base Y | RMS response Y | Battery view,1.2274736945983022e-05,Camera motion over fixed RMS,8,3840x2160,60,E,m
random_fig11_baseY_responseZ.mp4,Random vibration,11,4264,4301,Base Y | RMS response Z | Battery view,2.9746011932729743e-05,Camera motion over fixed RMS,8,3840x2160,60,E,m
random_fig12_baseZ_responseX.mp4,Random vibration,12,4269,4312,Base Z | RMS response X | Battery view,1.4838046809018124e-05,Camera motion over fixed RMS,8,3840x2160,60,D,m
random_fig13_baseZ_responseY.mp4,Random vibration,13,4269,4314,Base Z | RMS response Y | Battery view,3.3203967177541927e-05,Camera motion over fixed RMS,8,3840x2160,60,D,m
random_fig14_baseZ_responseZ.mp4,Random vibration,14,4269,4316,Base Z | RMS response Z | Battery view,8.060016261879355e-05,Camera motion over fixed RMS,8,3840x2160,60,D,m
random_fig15_pcb_baseX.mp4,Random vibration,15,4259,4335,Base X | RMS response Z | PCB-scoped contour,2.33660339290509e-05,Camera motion over fixed RMS,8,3840x2160,60,F,m
random_fig16_pcb_baseY.mp4,Random vibration,16,4264,4348,Base Y | RMS response Z | PCB-scoped contour,1.9450179024715908e-05,Camera motion over fixed RMS,8,3840x2160,60,E,m
random_fig17_pcb_baseZ.mp4,Random vibration,17,4269,4361,Base Z | RMS response Z | PCB-scoped contour,5.2674102335004136e-05,Camera motion over fixed RMS,8,3840x2160,60,D,m
random_fig18_pcb_stress.mp4,Random vibration,18,4259,4289,Base X | Equivalent stress RMS | PCB-scoped contour,90324504,Camera motion over fixed RMS,8,3840x2160,60,F,Pa
