target_time_s,saved_set,saved_time_s,bin_index,depth_percent_start,depth_percent_end,depth_mm_start,depth_mm_end,raw_max_svar1,plotted_max_svar1,interpolated,nodal_sample_count,contour_080_depth_mm,contour_090_depth_mm,contour_095_depth_mm
1,32,0.98561693876716994,1,0,1,0.000000,0.025400,0.81113821268081665,0.81113821268081665,0,46206,0.01691392,nan,nan
1,32,0.98561693876716994,2,1,2,0.025400,0.050800,,0.74400101900100712,1,0,0.01691392,nan,nan
1,32,0.98561693876716994,3,2,3,0.050800,0.076200,,0.67686382532119749,1,0,0.01691392,nan,nan
1,32,0.98561693876716994,4,3,4,0.076200,0.101600,,0.60972663164138796,1,0,0.01691392,nan,nan
1,32,0.98561693876716994,5,4,5,0.101600,0.127000,,0.54258943796157832,1,0,0.01691392,nan,nan
1,32,0.98561693876716994,6,5,6,0.127000,0.152400,0.4754522442817688,0.4754522442817688,0,51,0.01691392,nan,nan
1,32,0.98561693876716994,7,6,7,0.152400,0.177800,0.45085204641024273,0.45085204641024273,0,527,0.01691392,nan,nan
1,32,0.98561693876716994,8,7,8,0.177800,0.203200,0.3834698001543681,0.3834698001543681,0,1547,0.01691392,nan,nan
1,32,0.98561693876716994,9,8,9,0.203200,0.228600,0.33449317142367363,0.33449317142367363,0,4879,0.01691392,nan,nan
1,32,0.98561693876716994,10,9,10,0.228600,0.254000,0.28256252221763134,0.28256252221763134,0,7956,0.01691392,nan,nan
1,32,0.98561693876716994,11,10,11,0.254000,0.279400,0.23042878694832325,0.23042878694832325,0,6239,0.01691392,nan,nan
1,32,0.98561693876716994,12,11,12,0.279400,0.304800,0.19313268661499022,0.19313268661499022,0,8585,0.01691392,nan,nan
1,32,0.98561693876716994,13,12,13,0.304800,0.330200,0.17464988119900227,0.17464988119900227,0,9265,0.01691392,nan,nan
1,32,0.98561693876716994,14,13,14,0.330200,0.355600,0.15260616242885588,0.15260616242885588,0,5304,0.01691392,nan,nan
1,32,0.98561693876716994,15,14,15,0.355600,0.381000,0.14496954623609781,0.14496954623609781,0,1632,0.01691392,nan,nan
1,32,0.98561693876716994,16,15,16,0.381000,0.406400,0.1148981312289834,0.1148981312289834,0,476,0.01691392,nan,nan
1,32,0.98561693876716994,17,16,17,0.406400,0.431800,0.090352467447519305,0.090352467447519305,0,765,0.01691392,nan,nan
1,32,0.98561693876716994,18,17,18,0.431800,0.457200,0.083409858122467997,0.083409858122467997,0,1989,0.01691392,nan,nan
1,32,0.98561693876716994,19,18,19,0.457200,0.482600,0.063283364009112122,0.063283364009112122,0,2176,0.01691392,nan,nan
1,32,0.98561693876716994,20,19,20,0.482600,0.508000,0.064919458702206612,0.064919458702206612,0,1717,0.01691392,nan,nan
1,32,0.98561693876716994,21,20,21,0.508000,0.533400,0.051220939960330725,0.051220939960330725,0,2057,0.01691392,nan,nan
1,32,0.98561693876716994,22,21,22,0.533400,0.558800,0.053891555313020943,0.053891555313020943,0,3009,0.01691392,nan,nan
1,32,0.98561693876716994,23,22,23,0.558800,0.584200,0.041169801075011489,0.041169801075011489,0,5644,0.01691392,nan,nan
1,32,0.98561693876716994,24,23,24,0.584200,0.609600,0.036736684013158084,0.036736684013158084,0,6851,0.01691392,nan,nan
1,32,0.98561693876716994,25,24,25,0.609600,0.635000,0.034415250015445056,0.034415250015445056,0,7752,0.01691392,nan,nan
1,32,0.98561693876716994,26,25,26,0.635000,0.660400,0.0071868311788421124,0.0071868311788421124,0,9265,0.01691392,nan,nan
1,32,0.98561693876716994,27,26,27,0.660400,0.685800,0.0049400453766187029,0.0049400453766187029,0,2669,0.01691392,nan,nan
1,32,0.98561693876716994,28,27,28,0.685800,0.711200,0.0028380992007441819,0.0028380992007441819,0,1632,0.01691392,nan,nan
1,32,0.98561693876716994,29,28,29,0.711200,0.736600,0.0030133323889458552,0.0030133323889458552,0,2074,0.01691392,nan,nan
1,32,0.98561693876716994,30,29,30,0.736600,0.762000,0.0023413930030073971,0.0023413930030073971,0,1360,0.01691392,nan,nan
1,32,0.98561693876716994,31,30,31,0.762000,0.787400,0.001124681478055815,0.001124681478055815,0,629,0.01691392,nan,nan
1,32,0.98561693876716994,32,31,32,0.787400,0.812800,0.0012992702002520673,0.0012992702002520673,0,408,0.01691392,nan,nan
1,32,0.98561693876716994,33,32,33,0.812800,0.838200,0.00066018416691804305,0.00066018416691804305,0,1241,0.01691392,nan,nan
1,32,0.98561693876716994,34,33,34,0.838200,0.863600,0.00065106842994282492,0.00065106842994282492,0,2822,0.01691392,nan,nan
1,32,0.98561693876716994,35,34,35,0.863600,0.889000,0.00074038214324900764,0.00074038214324900764,0,4981,0.01691392,nan,nan
1,32,0.98561693876716994,36,35,36,0.889000,0.914400,0.00049907244429050481,0.00049907244429050481,0,6171,0.01691392,nan,nan
1,32,0.98561693876716994,37,36,37,0.914400,0.939800,0.00071337326735374516,0.00071337326735374516,0,6086,0.01691392,nan,nan
1,32,0.98561693876716994,38,37,38,0.939800,0.965200,2.1216803543211426e-05,2.1216803543211426e-05,0,6154,0.01691392,nan,nan
1,32,0.98561693876716994,39,38,39,0.965200,0.990600,1.2250306951955281e-05,1.2250306951955281e-05,0,7973,0.01691392,nan,nan
1,32,0.98561693876716994,40,39,40,0.990600,1.016000,5.3937320046770765e-05,5.3937320046770765e-05,0,3978,0.01691392,nan,nan
1,32,0.98561693876716994,41,40,41,1.016000,1.041400,1.2612714698434502e-05,1.2612714698434502e-05,0,629,0.01691392,nan,nan
1,32,0.98561693876716994,42,41,42,1.041400,1.066800,1.8707145898133604e-05,1.8707145898133604e-05,0,238,0.01691392,nan,nan
1,32,0.98561693876716994,43,42,43,1.066800,1.092200,4.3335472999691165e-06,4.3335472999691165e-06,0,408,0.01691392,nan,nan
1,32,0.98561693876716994,44,43,44,1.092200,1.117600,1.2297477240963417e-06,1.2297477240963417e-06,0,459,0.01691392,nan,nan
1,32,0.98561693876716994,45,44,45,1.117600,1.143000,1.1229209455621003e-05,1.1229209455621003e-05,0,901,0.01691392,nan,nan
1,32,0.98561693876716994,46,45,46,1.143000,1.168400,5.9093580944136188e-07,5.9093580944136188e-07,0,1666,0.01691392,nan,nan
1,32,0.98561693876716994,47,46,47,1.168400,1.193800,3.6176190398862218e-07,3.6176190398862218e-07,0,4335,0.01691392,nan,nan
1,32,0.98561693876716994,48,47,48,1.193800,1.219200,2.8555326849755147e-06,2.8555326849755147e-06,0,7769,0.01691392,nan,nan
1,32,0.98561693876716994,49,48,49,1.219200,1.244600,1.4191439312583043e-07,1.4191439312583043e-07,0,5304,0.01691392,nan,nan
1,32,0.98561693876716994,50,49,50,1.244600,1.270000,1.1306494883456252e-06,1.1306494883456252e-06,0,4913,0.01691392,nan,nan
1,32,0.98561693876716994,51,50,51,1.270000,1.295400,6.3796222526946167e-08,6.3796222526946167e-08,0,7446,0.01691392,nan,nan
1,32,0.98561693876716994,52,51,52,1.295400,1.320800,4.5969787532129658e-08,4.5969787532129658e-08,0,6664,0.01691392,nan,nan
1,32,0.98561693876716994,53,52,53,1.320800,1.346200,3.6310029294384095e-08,3.6310029294384095e-08,0,187,0.01691392,nan,nan
1,32,0.98561693876716994,54,53,54,1.346200,1.371600,2.1944595252065824e-08,2.1944595252065824e-08,0,340,0.01691392,nan,nan
1,32,0.98561693876716994,55,54,55,1.371600,1.397000,1.5971715683349429e-08,1.5971715683349429e-08,0,408,0.01691392,nan,nan
1,32,0.98561693876716994,56,55,56,1.397000,1.422400,3.6763169693661744e-08,3.6763169693661744e-08,0,323,0.01691392,nan,nan
1,32,0.98561693876716994,57,56,57,1.422400,1.447800,9.6172510510861287e-09,9.6172510510861287e-09,0,357,0.01691392,nan,nan
1,32,0.98561693876716994,58,57,58,1.447800,1.473200,8.1184545752677195e-09,8.1184545752677195e-09,0,850,0.01691392,nan,nan
1,32,0.98561693876716994,59,58,59,1.473200,1.498600,2.7440393868261025e-08,2.7440393868261025e-08,0,3094,0.01691392,nan,nan
1,32,0.98561693876716994,60,59,60,1.498600,1.524000,5.3889419593389221e-09,5.3889419593389221e-09,0,7820,0.01691392,nan,nan
1,32,0.98561693876716994,61,60,61,1.524000,1.549400,4.4863226467128925e-09,4.4863226467128925e-09,0,6341,0.01691392,nan,nan
1,32,0.98561693876716994,62,61,62,1.549400,1.574800,3.9245182104075127e-09,3.9245182104075127e-09,0,4947,0.01691392,nan,nan
1,32,0.98561693876716994,63,62,63,1.574800,1.600200,3.3910906582779177e-09,3.3910906582779177e-09,0,6528,0.01691392,nan,nan
1,32,0.98561693876716994,64,63,64,1.600200,1.625600,3.0449729682135995e-09,3.0449729682135995e-09,0,8381,0.01691392,nan,nan
1,32,0.98561693876716994,65,64,65,1.625600,1.651000,2.7682704184517348e-09,2.7682704184517348e-09,0,51,0.01691392,nan,nan
1,32,0.98561693876716994,66,65,66,1.651000,1.676400,2.5786682789075144e-09,2.5786682789075144e-09,0,153,0.01691392,nan,nan
1,32,0.98561693876716994,67,66,67,1.676400,1.701800,2.2977906244392443e-09,2.2977906244392443e-09,0,51,0.01691392,nan,nan
1,32,0.98561693876716994,68,67,68,1.701800,1.727200,2.1587498455488685e-09,2.1587498455488685e-09,0,136,0.01691392,nan,nan
1,32,0.98561693876716994,69,68,69,1.727200,1.752600,2.0974572634280264e-09,2.0974572634280264e-09,0,187,0.01691392,nan,nan
1,32,0.98561693876716994,70,69,70,1.752600,1.778000,2.0271356482304269e-09,2.0271356482304269e-09,0,170,0.01691392,nan,nan
1,32,0.98561693876716994,71,70,71,1.778000,1.803400,2.354080791411306e-09,2.354080791411306e-09,0,1394,0.01691392,nan,nan
1,32,0.98561693876716994,72,71,72,1.803400,1.828800,1.8921698097251749e-09,1.8921698097251749e-09,0,4624,0.01691392,nan,nan
1,32,0.98561693876716994,73,72,73,1.828800,1.854200,1.8208714813727767e-09,1.8208714813727767e-09,0,8840,0.01691392,nan,nan
1,32,0.98561693876716994,74,73,74,1.854200,1.879600,1.7830438375776581e-09,1.7830438375776581e-09,0,5933,0.01691392,nan,nan
1,32,0.98561693876716994,75,74,75,1.879600,1.905000,1.7432896792790586e-09,1.7432896792790586e-09,0,7259,0.01691392,nan,nan
1,32,0.98561693876716994,76,75,76,1.905000,1.930400,1.7116270345507445e-09,1.7116270345507445e-09,0,9214,0.01691392,nan,nan
1,32,0.98561693876716994,77,76,77,1.930400,1.955800,1.6603526747926978e-09,1.6603526747926978e-09,0,17,0.01691392,nan,nan
1,32,0.98561693876716994,78,77,78,1.955800,1.981200,,1.6413513418781871e-09,1,0,0.01691392,nan,nan
1,32,0.98561693876716994,79,78,79,1.981200,2.006600,,1.6223500089636762e-09,1,0,0.01691392,nan,nan
1,32,0.98561693876716994,80,79,80,2.006600,2.032000,1.6033486760491655e-09,1.6033486760491655e-09,0,102,0.01691392,nan,nan
1,32,0.98561693876716994,81,80,81,2.032000,2.057400,1.594049803266273e-09,1.594049803266273e-09,0,119,0.01691392,nan,nan
1,32,0.98561693876716994,82,81,82,2.057400,2.082800,1.5823325649755303e-09,1.5823325649755303e-09,0,68,0.01691392,nan,nan
1,32,0.98561693876716994,83,82,83,2.082800,2.108200,1.6149933168563279e-09,1.6149933168563279e-09,0,17,0.01691392,nan,nan
1,32,0.98561693876716994,84,83,84,2.108200,2.133600,1.6026335813990045e-09,1.6026335813990045e-09,0,272,0.01691392,nan,nan
1,32,0.98561693876716994,85,84,85,2.133600,2.159000,1.5552701487786535e-09,1.5552701487786535e-09,0,595,0.01691392,nan,nan
1,32,0.98561693876716994,86,85,86,2.159000,2.184400,1.5481850662579788e-09,1.5481850662579788e-09,0,8636,0.01691392,nan,nan
1,32,0.98561693876716994,87,86,87,2.184400,2.209800,1.5414865495166907e-09,1.5414865495166907e-09,0,15708,0.01691392,nan,nan
1,32,0.98561693876716994,88,87,88,2.209800,2.235200,1.5361003025127218e-09,1.5361003025127218e-09,0,11900,0.01691392,nan,nan
1,32,0.98561693876716994,89,88,89,2.235200,2.260600,1.5299200656349043e-09,1.5299200656349043e-09,0,34,0.01691392,nan,nan
1,32,0.98561693876716994,90,89,90,2.260600,2.286000,,1.527797663633282e-09,1,0,0.01691392,nan,nan
1,32,0.98561693876716994,91,90,91,2.286000,2.311400,,1.5256752616316599e-09,1,0,0.01691392,nan,nan
1,32,0.98561693876716994,92,91,92,2.311400,2.336800,,1.5235528596300376e-09,1,0,0.01691392,nan,nan
1,32,0.98561693876716994,93,92,93,2.336800,2.362200,,1.5214304576284152e-09,1,0,0.01691392,nan,nan
1,32,0.98561693876716994,94,93,94,2.362200,2.387600,,1.5193080556267931e-09,1,0,0.01691392,nan,nan
1,32,0.98561693876716994,95,94,95,2.387600,2.413000,,1.5171856536251708e-09,1,0,0.01691392,nan,nan
1,32,0.98561693876716994,96,95,96,2.413000,2.438400,,1.5150632516235487e-09,1,0,0.01691392,nan,nan
1,32,0.98561693876716994,97,96,97,2.438400,2.463800,,1.5129408496219264e-09,1,0,0.01691392,nan,nan
1,32,0.98561693876716994,98,97,98,2.463800,2.489200,,1.510818447620304e-09,1,0,0.01691392,nan,nan
1,32,0.98561693876716994,99,98,99,2.489200,2.514600,,1.5086960456186819e-09,1,0,0.01691392,nan,nan
1,32,0.98561693876716994,100,99,100,2.514600,2.540000,1.5065736436170596e-09,1.5065736436170596e-09,0,37451,0.01691392,nan,nan
2,52,1.9856169387671707,1,0,1,0.000000,0.025400,0.99560035765171051,0.99560035765171051,0,46206,0.30978721,0.23605094,0.17200160
2,52,1.9856169387671707,2,1,2,0.025400,0.050800,,0.98848520318667099,1,0,0.30978721,0.23605094,0.17200160
2,52,1.9856169387671707,3,2,3,0.050800,0.076200,,0.98137004872163136,1,0,0.30978721,0.23605094,0.17200160
2,52,1.9856169387671707,4,3,4,0.076200,0.101600,,0.97425489425659184,1,0,0.30978721,0.23605094,0.17200160
2,52,1.9856169387671707,5,4,5,0.101600,0.127000,,0.96713973979155221,1,0,0.30978721,0.23605094,0.17200160
2,52,1.9856169387671707,6,5,6,0.127000,0.152400,0.96002458532651269,0.96002458532651269,0,51,0.30978721,0.23605094,0.17200160
2,52,1.9856169387671707,7,6,7,0.152400,0.177800,0.95482950409253442,0.95482950409253442,0,527,0.30978721,0.23605094,0.17200160
2,52,1.9856169387671707,8,7,8,0.177800,0.203200,0.93705545862515771,0.93705545862515771,0,1547,0.30978721,0.23605094,0.17200160
2,52,1.9856169387671707,9,8,9,0.203200,0.228600,0.91888430714607239,0.91888430714607239,0,4879,0.30978721,0.23605094,0.17200160
2,52,1.9856169387671707,10,9,10,0.228600,0.254000,0.89508087933063507,0.89508087933063507,0,7956,0.30978721,0.23605094,0.17200160
2,52,1.9856169387671707,11,10,11,0.254000,0.279400,0.86276531219482422,0.86276531219482422,0,6239,0.30978721,0.23605094,0.17200160
2,52,1.9856169387671707,12,11,12,0.279400,0.304800,0.82639265060424805,0.82639265060424805,0,8585,0.30978721,0.23605094,0.17200160
2,52,1.9856169387671707,13,12,13,0.304800,0.330200,0.78849105834960942,0.78849105834960942,0,9265,0.30978721,0.23605094,0.17200160
2,52,1.9856169387671707,14,13,14,0.330200,0.355600,0.76839061975479128,0.76839061975479128,0,5304,0.30978721,0.23605094,0.17200160
2,52,1.9856169387671707,15,14,15,0.355600,0.381000,0.72761906683444977,0.72761906683444977,0,1632,0.30978721,0.23605094,0.17200160
2,52,1.9856169387671707,16,15,16,0.381000,0.406400,0.66351648569107058,0.66351648569107058,0,476,0.30978721,0.23605094,0.17200160
2,52,1.9856169387671707,17,16,17,0.406400,0.431800,0.6232043132185936,0.6232043132185936,0,765,0.30978721,0.23605094,0.17200160
2,52,1.9856169387671707,18,17,18,0.431800,0.457200,0.58336667716503143,0.58336667716503143,0,1989,0.30978721,0.23605094,0.17200160
2,52,1.9856169387671707,19,18,19,0.457200,0.482600,0.54067866504192352,0.54067866504192352,0,2176,0.30978721,0.23605094,0.17200160
2,52,1.9856169387671707,20,19,20,0.482600,0.508000,0.49401123821735382,0.49401123821735382,0,1717,0.30978721,0.23605094,0.17200160
2,52,1.9856169387671707,21,20,21,0.508000,0.533400,0.45156949758529663,0.45156949758529663,0,2057,0.30978721,0.23605094,0.17200160
2,52,1.9856169387671707,22,21,22,0.533400,0.558800,0.41415964365005492,0.41415964365005492,0,3009,0.30978721,0.23605094,0.17200160
2,52,1.9856169387671707,23,22,23,0.558800,0.584200,0.36766571998596193,0.36766571998596193,0,5644,0.30978721,0.23605094,0.17200160
2,52,1.9856169387671707,24,23,24,0.584200,0.609600,0.32942406237125399,0.32942406237125399,0,6851,0.30978721,0.23605094,0.17200160
2,52,1.9856169387671707,25,24,25,0.609600,0.635000,0.30759307742118835,0.30759307742118835,0,7752,0.30978721,0.23605094,0.17200160
2,52,1.9856169387671707,26,25,26,0.635000,0.660400,0.20230120047926903,0.20230120047926903,0,9265,0.30978721,0.23605094,0.17200160
2,52,1.9856169387671707,27,26,27,0.660400,0.685800,0.18245585014422736,0.18245585014422736,0,2669,0.30978721,0.23605094,0.17200160
2,52,1.9856169387671707,28,27,28,0.685800,0.711200,0.13863353182872137,0.13863353182872137,0,1632,0.30978721,0.23605094,0.17200160
2,52,1.9856169387671707,29,28,29,0.711200,0.736600,0.12817662768065929,0.12817662768065929,0,2074,0.30978721,0.23605094,0.17200160
2,52,1.9856169387671707,30,29,30,0.736600,0.762000,0.10998550988733768,0.10998550988733768,0,1360,0.30978721,0.23605094,0.17200160
2,52,1.9856169387671707,31,30,31,0.762000,0.787400,0.083274563153584794,0.083274563153584794,0,629,0.30978721,0.23605094,0.17200160
2,52,1.9856169387671707,32,31,32,0.787400,0.812800,0.072442051768302915,0.072442051768302915,0,408,0.30978721,0.23605094,0.17200160
2,52,1.9856169387671707,33,32,33,0.812800,0.838200,0.061511417229970299,0.061511417229970299,0,1241,0.30978721,0.23605094,0.17200160
2,52,1.9856169387671707,34,33,34,0.838200,0.863600,0.048492026515305042,0.048492026515305042,0,2822,0.30978721,0.23605094,0.17200160
2,52,1.9856169387671707,35,34,35,0.863600,0.889000,0.052426522830501199,0.052426522830501199,0,4981,0.30978721,0.23605094,0.17200160
2,52,1.9856169387671707,36,35,36,0.889000,0.914400,0.041207780130207539,0.041207780130207539,0,6171,0.30978721,0.23605094,0.17200160
2,52,1.9856169387671707,37,36,37,0.914400,0.939800,0.044732868857681754,0.044732868857681754,0,6086,0.30978721,0.23605094,0.17200160
2,52,1.9856169387671707,38,37,38,0.939800,0.965200,0.010249788220971823,0.010249788220971823,0,6154,0.30978721,0.23605094,0.17200160
2,52,1.9856169387671707,39,38,39,0.965200,0.990600,0.0075232452945783734,0.0075232452945783734,0,7973,0.30978721,0.23605094,0.17200160
2,52,1.9856169387671707,40,39,40,0.990600,1.016000,0.012991749448701739,0.012991749448701739,0,3978,0.30978721,0.23605094,0.17200160
2,52,1.9856169387671707,41,40,41,1.016000,1.041400,0.0063423556857742369,0.0063423556857742369,0,629,0.30978721,0.23605094,0.17200160
2,52,1.9856169387671707,42,41,42,1.041400,1.066800,0.0071058966859709471,0.0071058966859709471,0,238,0.30978721,0.23605094,0.17200160
2,52,1.9856169387671707,43,42,43,1.066800,1.092200,0.0036073959975813827,0.0036073959975813827,0,408,0.30978721,0.23605094,0.17200160
2,52,1.9856169387671707,44,43,44,1.092200,1.117600,0.0018832478963304311,0.0018832478963304311,0,459,0.30978721,0.23605094,0.17200160
2,52,1.9856169387671707,45,44,45,1.117600,1.143000,0.0049822347791632637,0.0049822347791632637,0,901,0.30978721,0.23605094,0.17200160
2,52,1.9856169387671707,46,45,46,1.143000,1.168400,0.0011152317252708598,0.0011152317252708598,0,1666,0.30978721,0.23605094,0.17200160
2,52,1.9856169387671707,47,46,47,1.168400,1.193800,0.00080725420411908999,0.00080725420411908999,0,4335,0.30978721,0.23605094,0.17200160
2,52,1.9856169387671707,48,47,48,1.193800,1.219200,0.002184860575653147,0.002184860575653147,0,7769,0.30978721,0.23605094,0.17200160
2,52,1.9856169387671707,49,48,49,1.219200,1.244600,0.00040880569395085331,0.00040880569395085331,0,5304,0.30978721,0.23605094,0.17200160
2,52,1.9856169387671707,50,49,50,1.244600,1.270000,0.0011474346465547569,0.0011474346465547569,0,4913,0.30978721,0.23605094,0.17200160
2,52,1.9856169387671707,51,50,51,1.270000,1.295400,0.00021234396535874112,0.00021234396535874112,0,7446,0.30978721,0.23605094,0.17200160
2,52,1.9856169387671707,52,51,52,1.295400,1.320800,0.00015885380253166659,0.00015885380253166659,0,6664,0.30978721,0.23605094,0.17200160
2,52,1.9856169387671707,53,52,53,1.320800,1.346200,0.00012679283026955089,0.00012679283026955089,0,187,0.30978721,0.23605094,0.17200160
2,52,1.9856169387671707,54,53,54,1.346200,1.371600,7.6804674790764693e-05,7.6804674790764693e-05,0,340,0.30978721,0.23605094,0.17200160
2,52,1.9856169387671707,55,54,55,1.371600,1.397000,5.3953845781506968e-05,5.3953845781506968e-05,0,408,0.30978721,0.23605094,0.17200160
2,52,1.9856169387671707,56,55,56,1.397000,1.422400,0.00011665322381304577,0.00011665322381304577,0,323,0.30978721,0.23605094,0.17200160
2,52,1.9856169387671707,57,56,57,1.422400,1.447800,2.8264873208172503e-05,2.8264873208172503e-05,0,357,0.30978721,0.23605094,0.17200160
2,52,1.9856169387671707,58,57,58,1.447800,1.473200,2.2013342459104024e-05,2.2013342459104024e-05,0,850,0.30978721,0.23605094,0.17200160
2,52,1.9856169387671707,59,58,59,1.473200,1.498600,8.0258708931069125e-05,8.0258708931069125e-05,0,3094,0.30978721,0.23605094,0.17200160
2,52,1.9856169387671707,60,59,60,1.498600,1.524000,1.1082457490374509e-05,1.1082457490374509e-05,0,7820,0.30978721,0.23605094,0.17200160
2,52,1.9856169387671707,61,60,61,1.524000,1.549400,7.619997887786667e-06,7.619997887786667e-06,0,6341,0.30978721,0.23605094,0.17200160
2,52,1.9856169387671707,62,61,62,1.549400,1.574800,5.612161089629808e-06,5.612161089629808e-06,0,4947,0.30978721,0.23605094,0.17200160
2,52,1.9856169387671707,63,62,63,1.574800,1.600200,3.7736506044439011e-06,3.7736506044439011e-06,0,6528,0.30978721,0.23605094,0.17200160
2,52,1.9856169387671707,64,63,64,1.600200,1.625600,2.7189771145685881e-06,2.7189771145685881e-06,0,8381,0.30978721,0.23605094,0.17200160
2,52,1.9856169387671707,65,64,65,1.625600,1.651000,1.9191222548897713e-06,1.9191222548897713e-06,0,51,0.30978721,0.23605094,0.17200160
2,52,1.9856169387671707,66,65,66,1.651000,1.676400,1.4423719107981015e-06,1.4423719107981015e-06,0,153,0.30978721,0.23605094,0.17200160
2,52,1.9856169387671707,67,66,67,1.676400,1.701800,8.4345506934369041e-07,8.4345506934369041e-07,0,51,0.30978721,0.23605094,0.17200160
2,52,1.9856169387671707,68,67,68,1.701800,1.727200,6.2029784686501444e-07,6.2029784686501444e-07,0,136,0.30978721,0.23605094,0.17200160
2,52,1.9856169387671707,69,68,69,1.727200,1.752600,5.0768544213042333e-07,5.0768544213042333e-07,0,187,0.30978721,0.23605094,0.17200160
2,52,1.9856169387671707,70,69,70,1.752600,1.778000,4.2304817924332385e-07,4.2304817924332385e-07,0,170,0.30978721,0.23605094,0.17200160
2,52,1.9856169387671707,71,70,71,1.778000,1.803400,1.3513698888800718e-06,1.3513698888800718e-06,0,1394,0.30978721,0.23605094,0.17200160
2,52,1.9856169387671707,72,71,72,1.803400,1.828800,2.4180421434039088e-07,2.4180421434039088e-07,0,4624,0.30978721,0.23605094,0.17200160
2,52,1.9856169387671707,73,72,73,1.828800,1.854200,1.6258451118744688e-07,1.6258451118744688e-07,0,8840,0.30978721,0.23605094,0.17200160
2,52,1.9856169387671707,74,73,74,1.854200,1.879600,1.2785042855512074e-07,1.2785042855512074e-07,0,5933,0.30978721,0.23605094,0.17200160
2,52,1.9856169387671707,75,74,75,1.879600,1.905000,1.0304885549317077e-07,1.0304885549317077e-07,0,7259,0.30978721,0.23605094,0.17200160
2,52,1.9856169387671707,76,75,76,1.905000,1.930400,7.7653119490150857e-08,7.7653119490150857e-08,0,9214,0.30978721,0.23605094,0.17200160
2,52,1.9856169387671707,77,76,77,1.930400,1.955800,4.7893755183991971e-08,4.7893755183991971e-08,0,17,0.30978721,0.23605094,0.17200160
2,52,1.9856169387671707,78,77,78,1.955800,1.981200,,4.0510966078007493e-08,1,0,0.30978721,0.23605094,0.17200160
2,52,1.9856169387671707,79,78,79,1.981200,2.006600,,3.3128176972023009e-08,1,0,0.30978721,0.23605094,0.17200160
2,52,1.9856169387671707,80,79,80,2.006600,2.032000,2.5745387866038528e-08,2.5745387866038528e-08,0,102,0.30978721,0.23605094,0.17200160
2,52,1.9856169387671707,81,80,81,2.032000,2.057400,2.3091222178805991e-08,2.3091222178805991e-08,0,119,0.30978721,0.23605094,0.17200160
2,52,1.9856169387671707,82,81,82,2.057400,2.082800,1.9293279951426713e-08,1.9293279951426713e-08,0,68,0.30978721,0.23605094,0.17200160
2,52,1.9856169387671707,83,82,83,2.082800,2.108200,4.1118975424581096e-08,4.1118975424581096e-08,0,17,0.30978721,0.23605094,0.17200160
2,52,1.9856169387671707,84,83,84,2.108200,2.133600,3.4067083731770252e-08,3.4067083731770252e-08,0,272,0.30978721,0.23605094,0.17200160
2,52,1.9856169387671707,85,84,85,2.133600,2.159000,1.2369311130910887e-08,1.2369311130910887e-08,0,595,0.30978721,0.23605094,0.17200160
2,52,1.9856169387671707,86,85,86,2.159000,2.184400,1.0829944829815474e-08,1.0829944829815474e-08,0,8636,0.30978721,0.23605094,0.17200160
2,52,1.9856169387671707,87,86,87,2.184400,2.209800,9.6245764691360591e-09,9.6245764691360591e-09,0,15708,0.30978721,0.23605094,0.17200160
2,52,1.9856169387671707,88,87,88,2.209800,2.235200,8.5535519778190405e-09,8.5535519778190405e-09,0,11900,0.30978721,0.23605094,0.17200160
2,52,1.9856169387671707,89,88,89,2.235200,2.260600,7.5959060152896996e-09,7.5959060152896996e-09,0,34,0.30978721,0.23605094,0.17200160
2,52,1.9856169387671707,90,89,90,2.260600,2.286000,,7.2973862003616382e-09,1,0,0.30978721,0.23605094,0.17200160
2,52,1.9856169387671707,91,90,91,2.286000,2.311400,,6.9988663854335768e-09,1,0,0.30978721,0.23605094,0.17200160
2,52,1.9856169387671707,92,91,92,2.311400,2.336800,,6.7003465705055155e-09,1,0,0.30978721,0.23605094,0.17200160
2,52,1.9856169387671707,93,92,93,2.336800,2.362200,,6.4018267555774533e-09,1,0,0.30978721,0.23605094,0.17200160
2,52,1.9856169387671707,94,93,94,2.362200,2.387600,,6.1033069406493919e-09,1,0,0.30978721,0.23605094,0.17200160
2,52,1.9856169387671707,95,94,95,2.387600,2.413000,,5.8047871257213305e-09,1,0,0.30978721,0.23605094,0.17200160
2,52,1.9856169387671707,96,95,96,2.413000,2.438400,,5.5062673107932683e-09,1,0,0.30978721,0.23605094,0.17200160
2,52,1.9856169387671707,97,96,97,2.438400,2.463800,,5.207747495865207e-09,1,0,0.30978721,0.23605094,0.17200160
2,52,1.9856169387671707,98,97,98,2.463800,2.489200,,4.9092276809371456e-09,1,0,0.30978721,0.23605094,0.17200160
2,52,1.9856169387671707,99,98,99,2.489200,2.514600,,4.6107078660090842e-09,1,0,0.30978721,0.23605094,0.17200160
2,52,1.9856169387671707,100,99,100,2.514600,2.540000,4.3121880510810229e-09,4.3121880510810229e-09,0,37451,0.30978721,0.23605094,0.17200160
3,72,2.9856169387671674,1,0,1,0.000000,0.025400,0.99996823072433472,0.99996823072433472,0,46206,0.57818128,0.49786230,0.42106291
3,72,2.9856169387671674,2,1,2,0.025400,0.050800,,0.99980694055557251,1,0,0.57818128,0.49786230,0.42106291
3,72,2.9856169387671674,3,2,3,0.050800,0.076200,,0.9996456503868103,1,0,0.57818128,0.49786230,0.42106291
3,72,2.9856169387671674,4,3,4,0.076200,0.101600,,0.9994843602180481,1,0,0.57818128,0.49786230,0.42106291
3,72,2.9856169387671674,5,4,5,0.101600,0.127000,,0.99932307004928589,1,0,0.57818128,0.49786230,0.42106291
3,72,2.9856169387671674,6,5,6,0.127000,0.152400,0.99916177988052368,0.99916177988052368,0,51,0.57818128,0.49786230,0.42106291
3,72,2.9856169387671674,7,6,7,0.152400,0.177800,0.99898214141527808,0.99898214141527808,0,527,0.57818128,0.49786230,0.42106291
3,72,2.9856169387671674,8,7,8,0.177800,0.203200,0.99826701482137048,0.99826701482137048,0,1547,0.57818128,0.49786230,0.42106291
3,72,2.9856169387671674,9,8,9,0.203200,0.228600,0.99733416736125946,0.99733416736125946,0,4879,0.57818128,0.49786230,0.42106291
3,72,2.9856169387671674,10,9,10,0.228600,0.254000,0.99589049816131592,0.99589049816131592,0,7956,0.57818128,0.49786230,0.42106291
3,72,2.9856169387671674,11,10,11,0.254000,0.279400,0.99345913529396057,0.99345913529396057,0,6239,0.57818128,0.49786230,0.42106291
3,72,2.9856169387671674,12,11,12,0.279400,0.304800,0.99008060991764069,0.99008060991764069,0,8585,0.57818128,0.49786230,0.42106291
3,72,2.9856169387671674,13,12,13,0.304800,0.330200,0.98512958288192753,0.98512958288192753,0,9265,0.57818128,0.49786230,0.42106291
3,72,2.9856169387671674,14,13,14,0.330200,0.355600,0.98154190778732298,0.98154190778732298,0,5304,0.57818128,0.49786230,0.42106291
3,72,2.9856169387671674,15,14,15,0.355600,0.381000,0.97401359677314758,0.97401359677314758,0,1632,0.57818128,0.49786230,0.42106291
3,72,2.9856169387671674,16,15,16,0.381000,0.406400,0.96271777153015137,0.96271777153015137,0,476,0.57818128,0.49786230,0.42106291
3,72,2.9856169387671674,17,16,17,0.406400,0.431800,0.95098350942134857,0.95098350942134857,0,765,0.57818128,0.49786230,0.42106291
3,72,2.9856169387671674,18,17,18,0.431800,0.457200,0.93825694918632507,0.93825694918632507,0,1989,0.57818128,0.49786230,0.42106291
3,72,2.9856169387671674,19,18,19,0.457200,0.482600,0.92375786602497101,0.92375786602497101,0,2176,0.57818128,0.49786230,0.42106291
3,72,2.9856169387671674,20,19,20,0.482600,0.508000,0.90233202278614044,0.90233202278614044,0,1717,0.57818128,0.49786230,0.42106291
3,72,2.9856169387671674,21,20,21,0.508000,0.533400,0.87921476364135742,0.87921476364135742,0,2057,0.57818128,0.49786230,0.42106291
3,72,2.9856169387671674,22,21,22,0.533400,0.558800,0.84443025588989262,0.84443025588989262,0,3009,0.57818128,0.49786230,0.42106291
3,72,2.9856169387671674,23,22,23,0.558800,0.584200,0.81025552749633789,0.81025552749633789,0,5644,0.57818128,0.49786230,0.42106291
3,72,2.9856169387671674,24,23,24,0.584200,0.609600,0.77126742601394649,0.77126742601394649,0,6851,0.57818128,0.49786230,0.42106291
3,72,2.9856169387671674,25,24,25,0.609600,0.635000,0.73958384990692139,0.73958384990692139,0,7752,0.57818128,0.49786230,0.42106291
3,72,2.9856169387671674,26,25,26,0.635000,0.660400,0.66620360314846039,0.66620360314846039,0,9265,0.57818128,0.49786230,0.42106291
3,72,2.9856169387671674,27,26,27,0.660400,0.685800,0.65116459131240845,0.65116459131240845,0,2669,0.57818128,0.49786230,0.42106291
3,72,2.9856169387671674,28,27,28,0.685800,0.711200,0.58221812049547828,0.58221812049547828,0,1632,0.57818128,0.49786230,0.42106291
3,72,2.9856169387671674,29,28,29,0.711200,0.736600,0.53857699781656265,0.53857699781656265,0,2074,0.57818128,0.49786230,0.42106291
3,72,2.9856169387671674,30,29,30,0.736600,0.762000,0.49461452662944794,0.49461452662944794,0,1360,0.57818128,0.49786230,0.42106291
3,72,2.9856169387671674,31,30,31,0.762000,0.787400,0.45209490259488422,0.45209490259488422,0,629,0.57818128,0.49786230,0.42106291
3,72,2.9856169387671674,32,31,32,0.787400,0.812800,0.38080925047397612,0.38080925047397612,0,408,0.57818128,0.49786230,0.42106291
3,72,2.9856169387671674,33,32,33,0.812800,0.838200,0.38271689414978027,0.38271689414978027,0,1241,0.57818128,0.49786230,0.42106291
3,72,2.9856169387671674,34,33,34,0.838200,0.863600,0.29953363835811614,0.29953363835811614,0,2822,0.57818128,0.49786230,0.42106291
3,72,2.9856169387671674,35,34,35,0.863600,0.889000,0.3068663477897644,0.3068663477897644,0,4981,0.57818128,0.49786230,0.42106291
3,72,2.9856169387671674,36,35,36,0.889000,0.914400,0.26978192329406736,0.26978192329406736,0,6171,0.57818128,0.49786230,0.42106291
3,72,2.9856169387671674,37,36,37,0.914400,0.939800,0.25670571476221082,0.25670571476221082,0,6086,0.57818128,0.49786230,0.42106291
3,72,2.9856169387671674,38,37,38,0.939800,0.965200,0.13731211423873901,0.13731211423873901,0,6154,0.57818128,0.49786230,0.42106291
3,72,2.9856169387671674,39,38,39,0.965200,0.990600,0.11259212624281645,0.11259212624281645,0,7973,0.57818128,0.49786230,0.42106291
3,72,2.9856169387671674,40,39,40,0.990600,1.016000,0.14016668312251568,0.14016668312251568,0,3978,0.57818128,0.49786230,0.42106291
3,72,2.9856169387671674,41,40,41,1.016000,1.041400,0.093351061455905437,0.093351061455905437,0,629,0.57818128,0.49786230,0.42106291
3,72,2.9856169387671674,42,41,42,1.041400,1.066800,0.094581954181194305,0.094581954181194305,0,238,0.57818128,0.49786230,0.42106291
3,72,2.9856169387671674,43,42,43,1.066800,1.092200,0.065410811454057693,0.065410811454057693,0,408,0.57818128,0.49786230,0.42106291
3,72,2.9856169387671674,44,43,44,1.092200,1.117600,0.044359779451042414,0.044359779451042414,0,459,0.57818128,0.49786230,0.42106291
3,72,2.9856169387671674,45,44,45,1.117600,1.143000,0.071644728071987629,0.071644728071987629,0,901,0.57818128,0.49786230,0.42106291
3,72,2.9856169387671674,46,45,46,1.143000,1.168400,0.030423144809901714,0.030423144809901714,0,1666,0.57818128,0.49786230,0.42106291
3,72,2.9856169387671674,47,46,47,1.168400,1.193800,0.024570377194322646,0.024570377194322646,0,4335,0.57818128,0.49786230,0.42106291
3,72,2.9856169387671674,48,47,48,1.193800,1.219200,0.040360092185437679,0.040360092185437679,0,7769,0.57818128,0.49786230,0.42106291
3,72,2.9856169387671674,49,48,49,1.219200,1.244600,0.015391862601973116,0.015391862601973116,0,5304,0.57818128,0.49786230,0.42106291
3,72,2.9856169387671674,50,49,50,1.244600,1.270000,0.024915925320237876,0.024915925320237876,0,4913,0.57818128,0.49786230,0.42106291
3,72,2.9856169387671674,51,50,51,1.270000,1.295400,0.0096922576776705682,0.0096922576776705682,0,7446,0.57818128,0.49786230,0.42106291
3,72,2.9856169387671674,52,51,52,1.295400,1.320800,0.0078855316387489438,0.0078855316387489438,0,6664,0.57818128,0.49786230,0.42106291
3,72,2.9856169387671674,53,52,53,1.320800,1.346200,0.0066798194544389847,0.0066798194544389847,0,187,0.57818128,0.49786230,0.42106291
3,72,2.9856169387671674,54,53,54,1.346200,1.371600,0.0047304592153523117,0.0047304592153523117,0,340,0.57818128,0.49786230,0.42106291
3,72,2.9856169387671674,55,54,55,1.371600,1.397000,0.0036713508889079094,0.0036713508889079094,0,408,0.57818128,0.49786230,0.42106291
3,72,2.9856169387671674,56,55,56,1.397000,1.422400,0.0057538183949266868,0.0057538183949266868,0,323,0.57818128,0.49786230,0.42106291
3,72,2.9856169387671674,57,56,57,1.422400,1.447800,0.0022787236812291667,0.0022787236812291667,0,357,0.57818128,0.49786230,0.42106291
3,72,2.9856169387671674,58,57,58,1.447800,1.473200,0.0018998835876118392,0.0018998835876118392,0,850,0.57818128,0.49786230,0.42106291
3,72,2.9856169387671674,59,58,59,1.473200,1.498600,0.0038669100176775828,0.0038669100176775828,0,3094,0.57818128,0.49786230,0.42106291
3,72,2.9856169387671674,60,59,60,1.498600,1.524000,0.0011367766419425607,0.0011367766419425607,0,7820,0.57818128,0.49786230,0.42106291
3,72,2.9856169387671674,61,60,61,1.524000,1.549400,0.00085310236318036914,0.00085310236318036914,0,6341,0.57818128,0.49786230,0.42106291
3,72,2.9856169387671674,62,61,62,1.549400,1.574800,0.00067181437407271005,0.00067181437407271005,0,4947,0.57818128,0.49786230,0.42106291
3,72,2.9856169387671674,63,62,63,1.574800,1.600200,0.00049515362843521871,0.00049515362843521871,0,6528,0.57818128,0.49786230,0.42106291
3,72,2.9856169387671674,64,63,64,1.600200,1.625600,0.00038330346797010861,0.00038330346797010861,0,8381,0.57818128,0.49786230,0.42106291
3,72,2.9856169387671674,65,64,65,1.625600,1.651000,0.00029088159135426395,0.00029088159135426395,0,51,0.57818128,0.49786230,0.42106291
3,72,2.9856169387671674,66,65,66,1.651000,1.676400,0.00022940116468816996,0.00022940116468816996,0,153,0.57818128,0.49786230,0.42106291
3,72,2.9856169387671674,67,66,67,1.676400,1.701800,0.00014585078497475479,0.00014585078497475479,0,51,0.57818128,0.49786230,0.42106291
3,72,2.9856169387671674,68,67,68,1.701800,1.727200,0.00011013652419933351,0.00011013652419933351,0,136,0.57818128,0.49786230,0.42106291
3,72,2.9856169387671674,69,68,69,1.727200,1.752600,9.3236041266209213e-05,9.3236041266209213e-05,0,187,0.57818128,0.49786230,0.42106291
3,72,2.9856169387671674,70,69,70,1.752600,1.778000,7.7674207932432179e-05,7.7674207932432179e-05,0,170,0.57818128,0.49786230,0.42106291
3,72,2.9856169387671674,71,70,71,1.778000,1.803400,0.00018246772606289596,0.00018246772606289596,0,1394,0.57818128,0.49786230,0.42106291
3,72,2.9856169387671674,72,71,72,1.803400,1.828800,4.6140486847434656e-05,4.6140486847434656e-05,0,4624,0.57818128,0.49786230,0.42106291
3,72,2.9856169387671674,73,72,73,1.828800,1.854200,3.1608385370418546e-05,3.1608385370418546e-05,0,8840,0.57818128,0.49786230,0.42106291
3,72,2.9856169387671674,74,73,74,1.854200,1.879600,2.4750940247031396e-05,2.4750940247031396e-05,0,5933,0.57818128,0.49786230,0.42106291
3,72,2.9856169387671674,75,74,75,1.879600,1.905000,1.9530608096829382e-05,1.9530608096829382e-05,0,7259,0.57818128,0.49786230,0.42106291
3,72,2.9856169387671674,76,75,76,1.905000,1.930400,1.4359566239363631e-05,1.4359566239363631e-05,0,9214,0.57818128,0.49786230,0.42106291
3,72,2.9856169387671674,77,76,77,1.930400,1.955800,8.1103241313940089e-06,8.1103241313940089e-06,0,17,0.57818128,0.49786230,0.42106291
3,72,2.9856169387671674,78,77,78,1.955800,1.981200,,6.6419497632826584e-06,1,0,0.57818128,0.49786230,0.42106291
3,72,2.9856169387671674,79,78,79,1.981200,2.006600,,5.1735753951713079e-06,1,0,0.57818128,0.49786230,0.42106291
3,72,2.9856169387671674,80,79,80,2.006600,2.032000,3.7052010270599565e-06,3.7052010270599565e-06,0,102,0.57818128,0.49786230,0.42106291
3,72,2.9856169387671674,81,80,81,2.032000,2.057400,3.1935975016494921e-06,3.1935975016494921e-06,0,119,0.57818128,0.49786230,0.42106291
3,72,2.9856169387671674,82,81,82,2.057400,2.082800,2.3833837644815504e-06,2.3833837644815504e-06,0,68,0.57818128,0.49786230,0.42106291
3,72,2.9856169387671674,83,82,83,2.082800,2.108200,6.8336915887812209e-06,6.8336915887812209e-06,0,17,0.57818128,0.49786230,0.42106291
3,72,2.9856169387671674,84,83,84,2.108200,2.133600,5.4854155109751447e-06,5.4854155109751447e-06,0,272,0.57818128,0.49786230,0.42106291
3,72,2.9856169387671674,85,84,85,2.133600,2.159000,1.1607293615156777e-06,1.1607293615156777e-06,0,595,0.57818128,0.49786230,0.42106291
3,72,2.9856169387671674,86,85,86,2.159000,2.184400,8.9622513854692443e-07,8.9622513854692443e-07,0,8636,0.57818128,0.49786230,0.42106291
3,72,2.9856169387671674,87,86,87,2.184400,2.209800,7.0726410683619179e-07,7.0726410683619179e-07,0,15708,0.57818128,0.49786230,0.42106291
3,72,2.9856169387671674,88,87,88,2.209800,2.235200,5.3892219042950273e-07,5.3892219042950273e-07,0,11900,0.57818128,0.49786230,0.42106291
3,72,2.9856169387671674,89,88,89,2.235200,2.260600,4.0152561098238948e-07,4.0152561098238948e-07,0,34,0.57818128,0.49786230,0.42106291
3,72,2.9856169387671674,90,89,90,2.260600,2.286000,,3.708903338793913e-07,1,0,0.57818128,0.49786230,0.42106291
3,72,2.9856169387671674,91,90,91,2.286000,2.311400,,3.4025505677639312e-07,1,0,0.57818128,0.49786230,0.42106291
3,72,2.9856169387671674,92,91,92,2.311400,2.336800,,3.0961977967339493e-07,1,0,0.57818128,0.49786230,0.42106291
3,72,2.9856169387671674,93,92,93,2.336800,2.362200,,2.7898450257039675e-07,1,0,0.57818128,0.49786230,0.42106291
3,72,2.9856169387671674,94,93,94,2.362200,2.387600,,2.4834922546739857e-07,1,0,0.57818128,0.49786230,0.42106291
3,72,2.9856169387671674,95,94,95,2.387600,2.413000,,2.1771394836440033e-07,1,0,0.57818128,0.49786230,0.42106291
3,72,2.9856169387671674,96,95,96,2.413000,2.438400,,1.8707867126140215e-07,1,0,0.57818128,0.49786230,0.42106291
3,72,2.9856169387671674,97,96,97,2.438400,2.463800,,1.5644339415840397e-07,1,0,0.57818128,0.49786230,0.42106291
3,72,2.9856169387671674,98,97,98,2.463800,2.489200,,1.2580811705540579e-07,1,0,0.57818128,0.49786230,0.42106291
3,72,2.9856169387671674,99,98,99,2.489200,2.514600,,9.5172839952407604e-08,1,0,0.57818128,0.49786230,0.42106291
3,72,2.9856169387671674,100,99,100,2.514600,2.540000,6.4537562849409369e-08,6.4537562849409369e-08,0,37451,0.57818128,0.49786230,0.42106291
4,92,3.9856169387671638,1,0,1,0.000000,0.025400,0.99999988079071045,0.99999988079071045,0,46206,0.79069047,0.70892132,0.63735004
4,92,3.9856169387671638,2,1,2,0.025400,0.050800,,0.99999850591023765,1,0,0.79069047,0.70892132,0.63735004
4,92,3.9856169387671638,3,2,3,0.050800,0.076200,,0.99999713102976484,1,0,0.79069047,0.70892132,0.63735004
4,92,3.9856169387671638,4,3,4,0.076200,0.101600,,0.99999575614929193,1,0,0.79069047,0.70892132,0.63735004
4,92,3.9856169387671638,5,4,5,0.101600,0.127000,,0.99999438126881912,1,0,0.79069047,0.70892132,0.63735004
4,92,3.9856169387671638,6,5,6,0.127000,0.152400,0.99999300638834632,0.99999300638834632,0,51,0.79069047,0.70892132,0.63735004
4,92,3.9856169387671638,7,6,7,0.152400,0.177800,0.99999089042345679,0.99999089042345679,0,527,0.79069047,0.70892132,0.63735004
4,92,3.9856169387671638,8,7,8,0.177800,0.203200,0.99998130400975549,0.99998130400975549,0,1547,0.79069047,0.70892132,0.63735004
4,92,3.9856169387671638,9,8,9,0.203200,0.228600,0.99996571242809296,0.99996571242809296,0,4879,0.79069047,0.70892132,0.63735004
4,92,3.9856169387671638,10,9,10,0.228600,0.254000,0.99993741512298584,0.99993741512298584,0,7956,0.79069047,0.70892132,0.63735004
4,92,3.9856169387671638,11,10,11,0.254000,0.279400,0.99987940490245819,0.99987940490245819,0,6239,0.79069047,0.70892132,0.63735004
4,92,3.9856169387671638,12,11,12,0.279400,0.304800,0.99978296458721161,0.99978296458721161,0,8585,0.79069047,0.70892132,0.63735004
4,92,3.9856169387671638,13,12,13,0.304800,0.330200,0.99960935860872269,0.99960935860872269,0,9265,0.79069047,0.70892132,0.63735004
4,92,3.9856169387671638,14,13,14,0.330200,0.355600,0.99942041635513301,0.99942041635513301,0,5304,0.79069047,0.70892132,0.63735004
4,92,3.9856169387671638,15,14,15,0.355600,0.381000,0.99905261397361755,0.99905261397361755,0,1632,0.79069047,0.70892132,0.63735004
4,92,3.9856169387671638,16,15,16,0.381000,0.406400,0.99836863279342647,0.99836863279342647,0,476,0.79069047,0.70892132,0.63735004
4,92,3.9856169387671638,17,16,17,0.406400,0.431800,0.99755986034870148,0.99755986034870148,0,765,0.79069047,0.70892132,0.63735004
4,92,3.9856169387671638,18,17,18,0.431800,0.457200,0.99650003015995026,0.99650003015995026,0,1989,0.79069047,0.70892132,0.63735004
4,92,3.9856169387671638,19,18,19,0.457200,0.482600,0.9951401948928833,0.9951401948928833,0,2176,0.79069047,0.70892132,0.63735004
4,92,3.9856169387671638,20,19,20,0.482600,0.508000,0.99272628128528595,0.99272628128528595,0,1717,0.79069047,0.70892132,0.63735004
4,92,3.9856169387671638,21,20,21,0.508000,0.533400,0.9896540641784668,0.9896540641784668,0,2057,0.79069047,0.70892132,0.63735004
4,92,3.9856169387671638,22,21,22,0.533400,0.558800,0.98410865664482117,0.98410865664482117,0,3009,0.79069047,0.70892132,0.63735004
4,92,3.9856169387671638,23,22,23,0.558800,0.584200,0.97828049957752228,0.97828049957752228,0,5644,0.79069047,0.70892132,0.63735004
4,92,3.9856169387671638,24,23,24,0.584200,0.609600,0.9680854916572571,0.9680854916572571,0,6851,0.79069047,0.70892132,0.63735004
4,92,3.9856169387671638,25,24,25,0.609600,0.635000,0.95899367332458496,0.95899367332458496,0,7752,0.79069047,0.70892132,0.63735004
4,92,3.9856169387671638,26,25,26,0.635000,0.660400,0.94381502270698547,0.94381502270698547,0,9265,0.79069047,0.70892132,0.63735004
4,92,3.9856169387671638,27,26,27,0.660400,0.685800,0.93590468168258667,0.93590468168258667,0,2669,0.79069047,0.70892132,0.63735004
4,92,3.9856169387671638,28,27,28,0.685800,0.711200,0.91023329893747962,0.91023329893747962,0,1632,0.79069047,0.70892132,0.63735004
4,92,3.9856169387671638,29,28,29,0.711200,0.736600,0.88529157638549805,0.88529157638549805,0,2074,0.79069047,0.70892132,0.63735004
4,92,3.9856169387671638,30,29,30,0.736600,0.762000,0.85974772274494171,0.85974772274494171,0,1360,0.79069047,0.70892132,0.63735004
4,92,3.9856169387671638,31,30,31,0.762000,0.787400,0.83898945649464929,0.83898945649464929,0,629,0.79069047,0.70892132,0.63735004
4,92,3.9856169387671638,32,31,32,0.787400,0.812800,0.77705682069063187,0.77705682069063187,0,408,0.79069047,0.70892132,0.63735004
4,92,3.9856169387671638,33,32,33,0.812800,0.838200,0.78770951430002845,0.78770951430002845,0,1241,0.79069047,0.70892132,0.63735004
4,92,3.9856169387671638,34,33,34,0.838200,0.863600,0.690529465675354,0.690529465675354,0,2822,0.79069047,0.70892132,0.63735004
4,92,3.9856169387671638,35,34,35,0.863600,0.889000,0.68959315121173859,0.68959315121173859,0,4981,0.79069047,0.70892132,0.63735004
4,92,3.9856169387671638,36,35,36,0.889000,0.914400,0.65267049074172978,0.65267049074172978,0,6171,0.79069047,0.70892132,0.63735004
4,92,3.9856169387671638,37,36,37,0.914400,0.939800,0.61298619508743291,0.61298619508743291,0,6086,0.79069047,0.70892132,0.63735004
4,92,3.9856169387671638,38,37,38,0.939800,0.965200,0.50114775300025938,0.50114775300025938,0,6154,0.79069047,0.70892132,0.63735004
4,92,3.9856169387671638,39,38,39,0.965200,0.990600,0.44994254782795906,0.44994254782795906,0,7973,0.79069047,0.70892132,0.63735004
4,92,3.9856169387671638,40,39,40,0.990600,1.016000,0.46660862863063812,0.46660862863063812,0,3978,0.79069047,0.70892132,0.63735004
4,92,3.9856169387671638,41,40,41,1.016000,1.041400,0.38492634892463684,0.38492634892463684,0,629,0.79069047,0.70892132,0.63735004
4,92,3.9856169387671638,42,41,42,1.041400,1.066800,0.37074727565050125,0.37074727565050125,0,238,0.79069047,0.70892132,0.63735004
4,92,3.9856169387671638,43,42,43,1.066800,1.092200,0.31224513053894043,0.31224513053894043,0,408,0.79069047,0.70892132,0.63735004
4,92,3.9856169387671638,44,43,44,1.092200,1.117600,0.25022571533918381,0.25022571533918381,0,459,0.79069047,0.70892132,0.63735004
4,92,3.9856169387671638,45,44,45,1.117600,1.143000,0.30193689838051796,0.30193689838051796,0,901,0.79069047,0.70892132,0.63735004
4,92,3.9856169387671638,46,45,46,1.143000,1.168400,0.19116483479738236,0.19116483479738236,0,1666,0.79069047,0.70892132,0.63735004
4,92,3.9856169387671638,47,46,47,1.168400,1.193800,0.16502436995506287,0.16502436995506287,0,4335,0.79069047,0.70892132,0.63735004
4,92,3.9856169387671638,48,47,48,1.193800,1.219200,0.20542001165449619,0.20542001165449619,0,7769,0.79069047,0.70892132,0.63735004
4,92,3.9856169387671638,49,48,49,1.219200,1.244600,0.11785173509269953,0.11785173509269953,0,5304,0.79069047,0.70892132,0.63735004
4,92,3.9856169387671638,50,49,50,1.244600,1.270000,0.14469605535268784,0.14469605535268784,0,4913,0.79069047,0.70892132,0.63735004
4,92,3.9856169387671638,51,50,51,1.270000,1.295400,0.083846590481698513,0.083846590481698513,0,7446,0.79069047,0.70892132,0.63735004
4,92,3.9856169387671638,52,51,52,1.295400,1.320800,0.071935621555894613,0.071935621555894613,0,6664,0.79069047,0.70892132,0.63735004
4,92,3.9856169387671638,53,52,53,1.320800,1.346200,0.063344077020883557,0.063344077020883557,0,187,0.79069047,0.70892132,0.63735004
4,92,3.9856169387671638,54,53,54,1.346200,1.371600,0.049269645009189844,0.049269645009189844,0,340,0.79069047,0.70892132,0.63735004
4,92,3.9856169387671638,55,54,55,1.371600,1.397000,0.040992798283696175,0.040992798283696175,0,408,0.79069047,0.70892132,0.63735004
4,92,3.9856169387671638,56,55,56,1.397000,1.422400,0.053980851545929909,0.053980851545929909,0,323,0.79069047,0.70892132,0.63735004
4,92,3.9856169387671638,57,56,57,1.422400,1.447800,0.028367429273203015,0.028367429273203015,0,357,0.79069047,0.70892132,0.63735004
4,92,3.9856169387671638,58,57,58,1.447800,1.473200,0.024799707811325788,0.024799707811325788,0,850,0.79069047,0.70892132,0.63735004
4,92,3.9856169387671638,59,58,59,1.473200,1.498600,0.037119226064532995,0.037119226064532995,0,3094,0.79069047,0.70892132,0.63735004
4,92,3.9856169387671638,60,59,60,1.498600,1.524000,0.016751931980252266,0.016751931980252266,0,7820,0.79069047,0.70892132,0.63735004
4,92,3.9856169387671638,61,60,61,1.524000,1.549400,0.013425184995867312,0.013425184995867312,0,6341,0.79069047,0.70892132,0.63735004
4,92,3.9856169387671638,62,61,62,1.549400,1.574800,0.011159946501720697,0.011159946501720697,0,4947,0.79069047,0.70892132,0.63735004
4,92,3.9856169387671638,63,62,63,1.574800,1.600200,0.0088480461272411048,0.0088480461272411048,0,6528,0.79069047,0.70892132,0.63735004
4,92,3.9856169387671638,64,63,64,1.600200,1.625600,0.0073004692094400525,0.0073004692094400525,0,8381,0.79069047,0.70892132,0.63735004
4,92,3.9856169387671638,65,64,65,1.625600,1.651000,0.0059256607783026993,0.0059256607783026993,0,51,0.79069047,0.70892132,0.63735004
4,92,3.9856169387671638,66,65,66,1.651000,1.676400,0.0048885801516007632,0.0048885801516007632,0,153,0.79069047,0.70892132,0.63735004
4,92,3.9856169387671638,67,66,67,1.676400,1.701800,0.0034329578338656574,0.0034329578338656574,0,51,0.79069047,0.70892132,0.63735004
4,92,3.9856169387671638,68,67,68,1.701800,1.727200,0.0027230615814914927,0.0027230615814914927,0,136,0.79069047,0.70892132,0.63735004
4,92,3.9856169387671638,69,68,69,1.727200,1.752600,0.0024209725524997339,0.0024209725524997339,0,187,0.79069047,0.70892132,0.63735004
4,92,3.9856169387671638,70,69,70,1.752600,1.778000,0.0020520309684798122,0.0020520309684798122,0,170,0.79069047,0.70892132,0.63735004
4,92,3.9856169387671638,71,70,71,1.778000,1.803400,0.0035420017084106803,0.0035420017084106803,0,1394,0.79069047,0.70892132,0.63735004
4,92,3.9856169387671638,72,71,72,1.803400,1.828800,0.0013547367881983519,0.0013547367881983519,0,4624,0.79069047,0.70892132,0.63735004
4,92,3.9856169387671638,73,72,73,1.828800,1.854200,0.001027556303597521,0.001027556303597521,0,8840,0.79069047,0.70892132,0.63735004
4,92,3.9856169387671638,74,73,74,1.854200,1.879600,0.0008388032074435614,0.0008388032074435614,0,5933,0.79069047,0.70892132,0.63735004
4,92,3.9856169387671638,75,74,75,1.879600,1.905000,0.00067526101483963432,0.00067526101483963432,0,7259,0.79069047,0.70892132,0.63735004
4,92,3.9856169387671638,76,75,76,1.905000,1.930400,0.00052476858254522083,0.00052476858254522083,0,9214,0.79069047,0.70892132,0.63735004
4,92,3.9856169387671638,77,76,77,1.930400,1.955800,0.00032993164495564997,0.00032993164495564997,0,17,0.79069047,0.70892132,0.63735004
4,92,3.9856169387671638,78,77,78,1.955800,1.981200,,0.00027698559351847508,1,0,0.79069047,0.70892132,0.63735004
4,92,3.9856169387671638,79,78,79,1.981200,2.006600,,0.00022403954208130019,1,0,0.79069047,0.70892132,0.63735004
4,92,3.9856169387671638,80,79,80,2.006600,2.032000,0.00017109349064412527,0.00017109349064412527,0,102,0.79069047,0.70892132,0.63735004
4,92,3.9856169387671638,81,80,81,2.032000,2.057400,0.00015207635660772212,0.00015207635660772212,0,119,0.79069047,0.70892132,0.63735004
4,92,3.9856169387671638,82,81,82,2.057400,2.082800,0.00011303789979137946,0.00011303789979137946,0,68,0.79069047,0.70892132,0.63735004
4,92,3.9856169387671638,83,82,83,2.082800,2.108200,0.00024199124381993898,0.00024199124381993898,0,17,0.79069047,0.70892132,0.63735004
4,92,3.9856169387671638,84,83,84,2.108200,2.133600,0.00020274974303902127,0.00020274974303902127,0,272,0.79069047,0.70892132,0.63735004
4,92,3.9856169387671638,85,84,85,2.133600,2.159000,6.2325664202944608e-05,6.2325664202944608e-05,0,595,0.79069047,0.70892132,0.63735004
4,92,3.9856169387671638,86,85,86,2.159000,2.184400,4.9253950919592171e-05,4.9253950919592171e-05,0,8636,0.79069047,0.70892132,0.63735004
4,92,3.9856169387671638,87,86,87,2.184400,2.209800,3.9380386851917137e-05,3.9380386851917137e-05,0,15708,0.79069047,0.70892132,0.63735004
4,92,3.9856169387671638,88,87,88,2.209800,2.235200,3.0749874213142903e-05,3.0749874213142903e-05,0,11900,0.79069047,0.70892132,0.63735004
4,92,3.9856169387671638,89,88,89,2.235200,2.260600,2.1602233005069138e-05,2.1602233005069138e-05,0,34,0.79069047,0.70892132,0.63735004
4,92,3.9856169387671638,90,89,90,2.260600,2.286000,,1.9924462859225141e-05,1,0,0.79069047,0.70892132,0.63735004
4,92,3.9856169387671638,91,90,91,2.286000,2.311400,,1.8246692713381144e-05,1,0,0.79069047,0.70892132,0.63735004
4,92,3.9856169387671638,92,91,92,2.311400,2.336800,,1.656892256753715e-05,1,0,0.79069047,0.70892132,0.63735004
4,92,3.9856169387671638,93,92,93,2.336800,2.362200,,1.4891152421693153e-05,1,0,0.79069047,0.70892132,0.63735004
4,92,3.9856169387671638,94,93,94,2.362200,2.387600,,1.3213382275849156e-05,1,0,0.79069047,0.70892132,0.63735004
4,92,3.9856169387671638,95,94,95,2.387600,2.413000,,1.1535612130005161e-05,1,0,0.79069047,0.70892132,0.63735004
4,92,3.9856169387671638,96,95,96,2.413000,2.438400,,9.8578419841611655e-06,1,0,0.79069047,0.70892132,0.63735004
4,92,3.9856169387671638,97,96,97,2.438400,2.463800,,8.1800718383171685e-06,1,0,0.79069047,0.70892132,0.63735004
4,92,3.9856169387671638,98,97,98,2.463800,2.489200,,6.5023016924731714e-06,1,0,0.79069047,0.70892132,0.63735004
4,92,3.9856169387671638,99,98,99,2.489200,2.514600,,4.8245315466291744e-06,1,0,0.79069047,0.70892132,0.63735004
4,92,3.9856169387671638,100,99,100,2.514600,2.540000,3.1467614007851807e-06,3.1467614007851807e-06,0,37451,0.79069047,0.70892132,0.63735004
5,112,4.9856169387671603,1,0,1,0.000000,0.025400,1,1,0,46206,1.00432689,0.91446481,0.83788364
5,112,4.9856169387671603,2,1,2,0.025400,0.050800,,0.99999999602635703,1,0,1.00432689,0.91446481,0.83788364
5,112,4.9856169387671603,3,2,3,0.050800,0.076200,,0.99999999205271406,1,0,1.00432689,0.91446481,0.83788364
5,112,4.9856169387671603,4,3,4,0.076200,0.101600,,0.99999998807907098,1,0,1.00432689,0.91446481,0.83788364
5,112,4.9856169387671603,5,4,5,0.101600,0.127000,,0.99999998410542801,1,0,1.00432689,0.91446481,0.83788364
5,112,4.9856169387671603,6,5,6,0.127000,0.152400,0.99999998013178504,0.99999998013178504,0,51,1.00432689,0.91446481,0.83788364
5,112,4.9856169387671603,7,6,7,0.152400,0.177800,0.99999998013178504,0.99999998013178504,0,527,1.00432689,0.91446481,0.83788364
5,112,4.9856169387671603,8,7,8,0.177800,0.203200,0.99999990065892541,0.99999990065892541,0,1547,1.00432689,0.91446481,0.83788364
5,112,4.9856169387671603,9,8,9,0.203200,0.228600,0.99999979138374329,0.99999979138374329,0,4879,1.00432689,0.91446481,0.83788364
5,112,4.9856169387671603,10,9,10,0.228600,0.254000,0.99999955296516418,0.99999955296516418,0,7956,1.00432689,0.91446481,0.83788364
5,112,4.9856169387671603,11,10,11,0.254000,0.279400,0.99999894201755524,0.99999894201755524,0,6239,1.00432689,0.91446481,0.83788364
5,112,4.9856169387671603,12,11,12,0.279400,0.304800,0.99999774992465973,0.99999774992465973,0,8585,1.00432689,0.91446481,0.83788364
5,112,4.9856169387671603,13,12,13,0.304800,0.330200,0.99999521672725677,0.99999521672725677,0,9265,1.00432689,0.91446481,0.83788364
5,112,4.9856169387671603,14,13,14,0.330200,0.355600,0.99999140501022343,0.99999140501022343,0,5304,1.00432689,0.91446481,0.83788364
5,112,4.9856169387671603,15,14,15,0.355600,0.381000,0.99998408555984497,0.99998408555984497,0,1632,1.00432689,0.91446481,0.83788364
5,112,4.9856169387671603,16,15,16,0.381000,0.406400,0.99996769428253174,0.99996769428253174,0,476,1.00432689,0.91446481,0.83788364
5,112,4.9856169387671603,17,16,17,0.406400,0.431800,0.99994437396526337,0.99994437396526337,0,765,1.00432689,0.91446481,0.83788364
5,112,4.9856169387671603,18,17,18,0.431800,0.457200,0.99990946054458618,0.99990946054458618,0,1989,1.00432689,0.91446481,0.83788364
5,112,4.9856169387671603,19,18,19,0.457200,0.482600,0.99985866248607635,0.99985866248607635,0,2176,1.00432689,0.91446481,0.83788364
5,112,4.9856169387671603,20,19,20,0.482600,0.508000,0.99975317716598511,0.99975317716598511,0,1717,1.00432689,0.91446481,0.83788364
5,112,4.9856169387671603,21,20,21,0.508000,0.533400,0.99959614872932434,0.99959614872932434,0,2057,1.00432689,0.91446481,0.83788364
5,112,4.9856169387671603,22,21,22,0.533400,0.558800,0.99926620721817017,0.99926620721817017,0,3009,1.00432689,0.91446481,0.83788364
5,112,4.9856169387671603,23,22,23,0.558800,0.584200,0.99886511266231537,0.99886511266231537,0,5644,1.00432689,0.91446481,0.83788364
5,112,4.9856169387671603,24,23,24,0.584200,0.609600,0.99795185029506683,0.99795185029506683,0,6851,1.00432689,0.91446481,0.83788364
5,112,4.9856169387671603,25,24,25,0.609600,0.635000,0.99701024293899532,0.99701024293899532,0,7752,1.00432689,0.91446481,0.83788364
5,112,4.9856169387671603,26,25,26,0.635000,0.660400,0.99563892185688019,0.99563892185688019,0,9265,1.00432689,0.91446481,0.83788364
5,112,4.9856169387671603,27,26,27,0.660400,0.685800,0.99449171622594201,0.99449171622594201,0,2669,1.00432689,0.91446481,0.83788364
5,112,4.9856169387671603,28,27,28,0.685800,0.711200,0.99104755371809006,0.99104755371809006,0,1632,1.00432689,0.91446481,0.83788364
5,112,4.9856169387671603,29,28,29,0.711200,0.736600,0.98645965754985809,0.98645965754985809,0,2074,1.00432689,0.91446481,0.83788364
5,112,4.9856169387671603,30,29,30,0.736600,0.762000,0.98134443163871765,0.98134443163871765,0,1360,1.00432689,0.91446481,0.83788364
5,112,4.9856169387671603,31,30,31,0.762000,0.787400,0.97682388623555505,0.97682388623555505,0,629,1.00432689,0.91446481,0.83788364
5,112,4.9856169387671603,32,31,32,0.787400,0.812800,0.96438241004943848,0.96438241004943848,0,408,1.00432689,0.91446481,0.83788364
5,112,4.9856169387671603,33,32,33,0.812800,0.838200,0.96347139279047644,0.96347139279047644,0,1241,1.00432689,0.91446481,0.83788364
5,112,4.9856169387671603,34,33,34,0.838200,0.863600,0.93584032058715816,0.93584032058715816,0,2822,1.00432689,0.91446481,0.83788364
5,112,4.9856169387671603,35,34,35,0.863600,0.889000,0.92818957567214966,0.92818957567214966,0,4981,1.00432689,0.91446481,0.83788364
5,112,4.9856169387671603,36,35,36,0.889000,0.914400,0.91173678636550903,0.91173678636550903,0,6171,1.00432689,0.91446481,0.83788364
5,112,4.9856169387671603,37,36,37,0.914400,0.939800,0.88838239908218386,0.88838239908218386,0,6086,1.00432689,0.91446481,0.83788364
5,112,4.9856169387671603,38,37,38,0.939800,0.965200,0.84433376193046572,0.84433376193046572,0,6154,1.00432689,0.91446481,0.83788364
5,112,4.9856169387671603,39,38,39,0.965200,0.990600,0.81189087778329849,0.81189087778329849,0,7973,1.00432689,0.91446481,0.83788364
5,112,4.9856169387671603,40,39,40,0.990600,1.016000,0.80218900740146637,0.80218900740146637,0,3978,1.00432689,0.91446481,0.83788364
5,112,4.9856169387671603,41,40,41,1.016000,1.041400,0.74804443120956421,0.74804443120956421,0,629,1.00432689,0.91446481,0.83788364
5,112,4.9856169387671603,42,41,42,1.041400,1.066800,0.7207711935043335,0.7207711935043335,0,238,1.00432689,0.91446481,0.83788364
5,112,4.9856169387671603,43,42,43,1.066800,1.092200,0.67946763833363855,0.67946763833363855,0,408,1.00432689,0.91446481,0.83788364
5,112,4.9856169387671603,44,43,44,1.092200,1.117600,0.62017063051462173,0.62017063051462173,0,459,1.00432689,0.91446481,0.83788364
5,112,4.9856169387671603,45,44,45,1.117600,1.143000,0.63876316696405411,0.63876316696405411,0,901,1.00432689,0.91446481,0.83788364
5,112,4.9856169387671603,46,45,46,1.143000,1.168400,0.52857462167739866,0.52857462167739866,0,1666,1.00432689,0.91446481,0.83788364
5,112,4.9856169387671603,47,46,47,1.168400,1.193800,0.48655114322900772,0.48655114322900772,0,4335,1.00432689,0.91446481,0.83788364
5,112,4.9856169387671603,48,47,48,1.193800,1.219200,0.50785834342241287,0.50785834342241287,0,7769,1.00432689,0.91446481,0.83788364
5,112,4.9856169387671603,49,48,49,1.219200,1.244600,0.39446970447897911,0.39446970447897911,0,5304,1.00432689,0.91446481,0.83788364
5,112,4.9856169387671603,50,49,50,1.244600,1.270000,0.40533137917518614,0.40533137917518614,0,4913,1.00432689,0.91446481,0.83788364
5,112,4.9856169387671603,51,50,51,1.270000,1.295400,0.31329948082566261,0.31329948082566261,0,7446,1.00432689,0.91446481,0.83788364
5,112,4.9856169387671603,52,51,52,1.295400,1.320800,0.28139587491750717,0.28139587491750717,0,6664,1.00432689,0.91446481,0.83788364
5,112,4.9856169387671603,53,52,53,1.320800,1.346200,0.25647278875112534,0.25647278875112534,0,187,1.00432689,0.91446481,0.83788364
5,112,4.9856169387671603,54,53,54,1.346200,1.371600,0.21455846726894379,0.21455846726894379,0,340,1.00432689,0.91446481,0.83788364
5,112,4.9856169387671603,55,54,55,1.371600,1.397000,0.18786848088105521,0.18786848088105521,0,408,1.00432689,0.91446481,0.83788364
5,112,4.9856169387671603,56,55,56,1.397000,1.422400,0.21944167216618857,0.21944167216618857,0,323,1.00432689,0.91446481,0.83788364
5,112,4.9856169387671603,57,56,57,1.422400,1.447800,0.14140887744724751,0.14140887744724751,0,357,1.00432689,0.91446481,0.83788364
5,112,4.9856169387671603,58,57,58,1.447800,1.473200,0.127983040176332,0.127983040176332,0,850,1.00432689,0.91446481,0.83788364
5,112,4.9856169387671603,59,58,59,1.473200,1.498600,0.15721750073134899,0.15721750073134899,0,3094,1.00432689,0.91446481,0.83788364
5,112,4.9856169387671603,60,59,60,1.498600,1.524000,0.094294767826795578,0.094294767826795578,0,7820,1.00432689,0.91446481,0.83788364
5,112,4.9856169387671603,61,60,61,1.524000,1.549400,0.079885969404131174,0.079885969404131174,0,6341,1.00432689,0.91446481,0.83788364
5,112,4.9856169387671603,62,61,62,1.549400,1.574800,0.068621523212641478,0.068621523212641478,0,4947,1.00432689,0.91446481,0.83788364
5,112,4.9856169387671603,63,62,63,1.574800,1.600200,0.057720638811588287,0.057720638811588287,0,6528,1.00432689,0.91446481,0.83788364
5,112,4.9856169387671603,64,63,64,1.600200,1.625600,0.049496660474687815,0.049496660474687815,0,8381,1.00432689,0.91446481,0.83788364
5,112,4.9856169387671603,65,64,65,1.625600,1.651000,0.042176101123914123,0.042176101123914123,0,51,1.00432689,0.91446481,0.83788364
5,112,4.9856169387671603,66,65,66,1.651000,1.676400,0.03590388922020793,0.03590388922020793,0,153,1.00432689,0.91446481,0.83788364
5,112,4.9856169387671603,67,66,67,1.676400,1.701800,0.02715471270494163,0.02715471270494163,0,51,1.00432689,0.91446481,0.83788364
5,112,4.9856169387671603,68,67,68,1.701800,1.727200,0.022394445259124041,0.022394445259124041,0,136,1.00432689,0.91446481,0.83788364
5,112,4.9856169387671603,69,68,69,1.727200,1.752600,0.020679151872172952,0.020679151872172952,0,187,1.00432689,0.91446481,0.83788364
5,112,4.9856169387671603,70,69,70,1.752600,1.778000,0.017776320595294236,0.017776320595294236,0,170,1.00432689,0.91446481,0.83788364
5,112,4.9856169387671603,71,70,71,1.778000,1.803400,0.025268403813242912,0.025268403813242912,0,1394,1.00432689,0.91446481,0.83788364
5,112,4.9856169387671603,72,71,72,1.803400,1.828800,0.012729387637227774,0.012729387637227774,0,4624,1.00432689,0.91446481,0.83788364
5,112,4.9856169387671603,73,72,73,1.828800,1.854200,0.010469961445778608,0.010469961445778608,0,8840,1.00432689,0.91446481,0.83788364
5,112,4.9856169387671603,74,73,74,1.854200,1.879600,0.0088778386707417667,0.0088778386707417667,0,5933,1.00432689,0.91446481,0.83788364
5,112,4.9856169387671603,75,74,75,1.879600,1.905000,0.0072427321691066028,0.0072427321691066028,0,7259,1.00432689,0.91446481,0.83788364
5,112,4.9856169387671603,76,75,76,1.905000,1.930400,0.0059606209979392588,0.0059606209979392588,0,9214,1.00432689,0.91446481,0.83788364
5,112,4.9856169387671603,77,76,77,1.930400,1.955800,0.0040649091242812574,0.0040649091242812574,0,17,1.00432689,0.91446481,0.83788364
5,112,4.9856169387671603,78,77,78,1.955800,1.981200,,0.0035104156898645065,1,0,1.00432689,0.91446481,0.83788364
5,112,4.9856169387671603,79,78,79,1.981200,2.006600,,0.0029559222554477555,1,0,1.00432689,0.91446481,0.83788364
5,112,4.9856169387671603,80,79,80,2.006600,2.032000,0.0024014288210310042,0.0024014288210310042,0,102,1.00432689,0.91446481,0.83788364
5,112,4.9856169387671603,81,80,81,2.032000,2.057400,0.0021947867120616139,0.0021947867120616139,0,119,1.00432689,0.91446481,0.83788364
5,112,4.9856169387671603,82,81,82,2.057400,2.082800,0.0016723325301427395,0.0016723325301427395,0,68,1.00432689,0.91446481,0.83788364
5,112,4.9856169387671603,83,82,83,2.082800,2.108200,0.0027659630752168594,0.0027659630752168594,0,17,1.00432689,0.91446481,0.83788364
5,112,4.9856169387671603,84,83,84,2.108200,2.133600,0.0024042272474616767,0.0024042272474616767,0,272,1.00432689,0.91446481,0.83788364
5,112,4.9856169387671603,85,84,85,2.133600,2.159000,0.0010610066310619004,0.0010610066310619004,0,595,1.00432689,0.91446481,0.83788364
5,112,4.9856169387671603,86,85,86,2.159000,2.184400,0.00088070809579221532,0.00088070809579221532,0,8636,1.00432689,0.91446481,0.83788364
5,112,4.9856169387671603,87,86,87,2.184400,2.209800,0.00073054413951467723,0.00073054413951467723,0,15708,1.00432689,0.91446481,0.83788364
5,112,4.9856169387671603,88,87,88,2.209800,2.235200,0.00060125251911813393,0.00060125251911813393,0,11900,1.00432689,0.91446481,0.83788364
5,112,4.9856169387671603,89,88,89,2.235200,2.260600,0.00041906888873199932,0.00041906888873199932,0,34,1.00432689,0.91446481,0.83788364
5,112,4.9856169387671603,90,89,90,2.260600,2.286000,,0.00038849782239677472,1,0,1.00432689,0.91446481,0.83788364
5,112,4.9856169387671603,91,90,91,2.286000,2.311400,,0.00035792675606155007,1,0,1.00432689,0.91446481,0.83788364
5,112,4.9856169387671603,92,91,92,2.311400,2.336800,,0.00032735568972632541,1,0,1.00432689,0.91446481,0.83788364
5,112,4.9856169387671603,93,92,93,2.336800,2.362200,,0.00029678462339110081,1,0,1.00432689,0.91446481,0.83788364
5,112,4.9856169387671603,94,93,94,2.362200,2.387600,,0.00026621355705587621,1,0,1.00432689,0.91446481,0.83788364
5,112,4.9856169387671603,95,94,95,2.387600,2.413000,,0.00023564249072065155,1,0,1.00432689,0.91446481,0.83788364
5,112,4.9856169387671603,96,95,96,2.413000,2.438400,,0.00020507142438542692,1,0,1.00432689,0.91446481,0.83788364
5,112,4.9856169387671603,97,96,97,2.438400,2.463800,,0.00017450035805020229,1,0,1.00432689,0.91446481,0.83788364
5,112,4.9856169387671603,98,97,98,2.463800,2.489200,,0.00014392929171497769,1,0,1.00432689,0.91446481,0.83788364
5,112,4.9856169387671603,99,98,99,2.489200,2.514600,,0.00011335822537975304,1,0,1.00432689,0.91446481,0.83788364
5,112,4.9856169387671603,100,99,100,2.514600,2.540000,8.278715904452838e-05,8.278715904452838e-05,0,37451,1.00432689,0.91446481,0.83788364
6,132,5.9856169387671567,1,0,1,0.000000,0.025400,1,1,0,46206,1.20013214,1.09392315,1.01715818
6,132,5.9856169387671567,2,1,2,0.025400,0.050800,,1,1,0,1.20013214,1.09392315,1.01715818
6,132,5.9856169387671567,3,2,3,0.050800,0.076200,,1,1,0,1.20013214,1.09392315,1.01715818
6,132,5.9856169387671567,4,3,4,0.076200,0.101600,,1,1,0,1.20013214,1.09392315,1.01715818
6,132,5.9856169387671567,5,4,5,0.101600,0.127000,,1,1,0,1.20013214,1.09392315,1.01715818
6,132,5.9856169387671567,6,5,6,0.127000,0.152400,1,1,0,51,1.20013214,1.09392315,1.01715818
6,132,5.9856169387671567,7,6,7,0.152400,0.177800,1,1,0,527,1.20013214,1.09392315,1.01715818
6,132,5.9856169387671567,8,7,8,0.177800,0.203200,1,1,0,1547,1.20013214,1.09392315,1.01715818
6,132,5.9856169387671567,9,8,9,0.203200,0.228600,1,1,0,4879,1.20013214,1.09392315,1.01715818
6,132,5.9856169387671567,10,9,10,0.228600,0.254000,1,1,0,7956,1.20013214,1.09392315,1.01715818
6,132,5.9856169387671567,11,10,11,0.254000,0.279400,1,1,0,6239,1.20013214,1.09392315,1.01715818
6,132,5.9856169387671567,12,11,12,0.279400,0.304800,1,1,0,8585,1.20013214,1.09392315,1.01715818
6,132,5.9856169387671567,13,12,13,0.304800,0.330200,0.99999997019767761,0.99999997019767761,0,9265,1.20013214,1.09392315,1.01715818
6,132,5.9856169387671567,14,13,14,0.330200,0.355600,0.99999994039535522,0.99999994039535522,0,5304,1.20013214,1.09392315,1.01715818
6,132,5.9856169387671567,15,14,15,0.355600,0.381000,0.99999988079071045,0.99999988079071045,0,1632,1.20013214,1.09392315,1.01715818
6,132,5.9856169387671567,16,15,16,0.381000,0.406400,0.99999968210856116,0.99999968210856116,0,476,1.20013214,1.09392315,1.01715818
6,132,5.9856169387671567,17,16,17,0.406400,0.431800,0.99999934434890747,0.99999934434890747,0,765,1.20013214,1.09392315,1.01715818
6,132,5.9856169387671567,18,17,18,0.431800,0.457200,0.9999987930059433,0.9999987930059433,0,1989,1.20013214,1.09392315,1.01715818
6,132,5.9856169387671567,19,18,19,0.457200,0.482600,0.99999788403511047,0.99999788403511047,0,2176,1.20013214,1.09392315,1.01715818
6,132,5.9856169387671567,20,19,20,0.482600,0.508000,0.99999569356441498,0.99999569356441498,0,1717,1.20013214,1.09392315,1.01715818
6,132,5.9856169387671567,21,20,21,0.508000,0.533400,0.99999190866947174,0.99999190866947174,0,2057,1.20013214,1.09392315,1.01715818
6,132,5.9856169387671567,22,21,22,0.533400,0.558800,0.99998264014720917,0.99998264014720917,0,3009,1.20013214,1.09392315,1.01715818
6,132,5.9856169387671567,23,22,23,0.558800,0.584200,0.99996961653232574,0.99996961653232574,0,5644,1.20013214,1.09392315,1.01715818
6,132,5.9856169387671567,24,23,24,0.584200,0.609600,0.9999367743730545,0.9999367743730545,0,6851,1.20013214,1.09392315,1.01715818
6,132,5.9856169387671567,25,24,25,0.609600,0.635000,0.99989281594753265,0.99989281594753265,0,7752,1.20013214,1.09392315,1.01715818
6,132,5.9856169387671567,26,25,26,0.635000,0.660400,0.99982598423957825,0.99982598423957825,0,9265,1.20013214,1.09392315,1.01715818
6,132,5.9856169387671567,27,26,27,0.660400,0.685800,0.99975605805714929,0.99975605805714929,0,2669,1.20013214,1.09392315,1.01715818
6,132,5.9856169387671567,28,27,28,0.685800,0.711200,0.99955184012651443,0.99955184012651443,0,1632,1.20013214,1.09392315,1.01715818
6,132,5.9856169387671567,29,28,29,0.711200,0.736600,0.999226967493693,0.999226967493693,0,2074,1.20013214,1.09392315,1.01715818
6,132,5.9856169387671567,30,29,30,0.736600,0.762000,0.99877517422040307,0.99877517422040307,0,1360,1.20013214,1.09392315,1.01715818
6,132,5.9856169387671567,31,30,31,0.762000,0.787400,0.99823484818140662,0.99823484818140662,0,629,1.20013214,1.09392315,1.01715818
6,132,5.9856169387671567,32,31,32,0.787400,0.812800,0.9970572292804718,0.9970572292804718,0,408,1.20013214,1.09392315,1.01715818
6,132,5.9856169387671567,33,32,33,0.812800,0.838200,0.9966482321421305,0.9966482321421305,0,1241,1.20013214,1.09392315,1.01715818
6,132,5.9856169387671567,34,33,34,0.838200,0.863600,0.99296345710754397,0.99296345710754397,0,2822,1.20013214,1.09392315,1.01715818
6,132,5.9856169387671567,35,34,35,0.863600,0.889000,0.99109908938407898,0.99109908938407898,0,4981,1.20013214,1.09392315,1.01715818
6,132,5.9856169387671567,36,35,36,0.889000,0.914400,0.98792271614074711,0.98792271614074711,0,6171,1.20013214,1.09392315,1.01715818
6,132,5.9856169387671567,37,36,37,0.914400,0.939800,0.98252321481704707,0.98252321481704707,0,6086,1.20013214,1.09392315,1.01715818
6,132,5.9856169387671567,38,37,38,0.939800,0.965200,0.97411193698644638,0.97411193698644638,0,6154,1.20013214,1.09392315,1.01715818
6,132,5.9856169387671567,39,38,39,0.965200,0.990600,0.96541056036949158,0.96541056036949158,0,7973,1.20013214,1.09392315,1.01715818
6,132,5.9856169387671567,40,39,40,0.990600,1.016000,0.95862399041652679,0.95862399041652679,0,3978,1.20013214,1.09392315,1.01715818
6,132,5.9856169387671567,41,40,41,1.016000,1.041400,0.94281748682260513,0.94281748682260513,0,629,1.20013214,1.09392315,1.01715818
6,132,5.9856169387671567,42,41,42,1.041400,1.066800,0.92738310992717743,0.92738310992717743,0,238,1.20013214,1.09392315,1.01715818
6,132,5.9856169387671567,43,42,43,1.066800,1.092200,0.91286218166351318,0.91286218166351318,0,408,1.20013214,1.09392315,1.01715818
6,132,5.9856169387671567,44,43,44,1.092200,1.117600,0.89021113514900208,0.89021113514900208,0,459,1.20013214,1.09392315,1.01715818
6,132,5.9856169387671567,45,44,45,1.117600,1.143000,0.88514545559883118,0.88514545559883118,0,901,1.20013214,1.09392315,1.01715818
6,132,5.9856169387671567,46,45,46,1.143000,1.168400,0.83401074409484866,0.83401074409484866,0,1666,1.20013214,1.09392315,1.01715818
6,132,5.9856169387671567,47,46,47,1.168400,1.193800,0.80610375106334686,0.80610375106334686,0,4335,1.20013214,1.09392315,1.01715818
6,132,5.9856169387671567,48,47,48,1.193800,1.219200,0.79795777797698975,0.79795777797698975,0,7769,1.20013214,1.09392315,1.01715818
6,132,5.9856169387671567,49,48,49,1.219200,1.244600,0.73204883933067322,0.73204883933067322,0,5304,1.20013214,1.09392315,1.01715818
6,132,5.9856169387671567,50,49,50,1.244600,1.270000,0.71135387420654295,0.71135387420654295,0,4913,1.20013214,1.09392315,1.01715818
6,132,5.9856169387671567,51,50,51,1.270000,1.295400,0.64930430054664612,0.64930430054664612,0,7446,1.20013214,1.09392315,1.01715818
6,132,5.9856169387671567,52,51,52,1.295400,1.320800,0.6102028414607048,0.6102028414607048,0,6664,1.20013214,1.09392315,1.01715818
6,132,5.9856169387671567,53,52,53,1.320800,1.346200,0.57745500206947331,0.57745500206947331,0,187,1.20013214,1.09392315,1.01715818
6,132,5.9856169387671567,54,53,54,1.346200,1.371600,0.52138055488467216,0.52138055488467216,0,340,1.20013214,1.09392315,1.01715818
6,132,5.9856169387671567,55,54,55,1.371600,1.397000,0.4809272289276123,0.4809272289276123,0,408,1.20013214,1.09392315,1.01715818
6,132,5.9856169387671567,56,55,56,1.397000,1.422400,0.50974198182423913,0.50974198182423913,0,323,1.20013214,1.09392315,1.01715818
6,132,5.9856169387671567,57,56,57,1.422400,1.447800,0.3964821919798851,0.3964821919798851,0,357,1.20013214,1.09392315,1.01715818
6,132,5.9856169387671567,58,57,58,1.447800,1.473200,0.37021017074584961,0.37021017074584961,0,850,1.20013214,1.09392315,1.01715818
6,132,5.9856169387671567,59,58,59,1.473200,1.498600,0.39044582843780518,0.39044582843780518,0,3094,1.20013214,1.09392315,1.01715818
6,132,5.9856169387671567,60,59,60,1.498600,1.524000,0.29673098959028721,0.29673098959028721,0,7820,1.20013214,1.09392315,1.01715818
6,132,5.9856169387671567,61,60,61,1.524000,1.549400,0.26402240805327892,0.26402240805327892,0,6341,1.20013214,1.09392315,1.01715818
6,132,5.9856169387671567,62,61,62,1.549400,1.574800,0.23489279113709927,0.23489279113709927,0,4947,1.20013214,1.09392315,1.01715818
6,132,5.9856169387671567,63,62,63,1.574800,1.600200,0.20671222358942032,0.20671222358942032,0,6528,1.20013214,1.09392315,1.01715818
6,132,5.9856169387671567,64,63,64,1.600200,1.625600,0.18310051783919334,0.18310051783919334,0,8381,1.20013214,1.09392315,1.01715818
6,132,5.9856169387671567,65,64,65,1.625600,1.651000,0.16204981878399849,0.16204981878399849,0,51,1.20013214,1.09392315,1.01715818
6,132,5.9856169387671567,66,65,66,1.651000,1.676400,0.14157850109040737,0.14157850109040737,0,153,1.20013214,1.09392315,1.01715818
6,132,5.9856169387671567,67,66,67,1.676400,1.701800,0.11339135095477104,0.11339135095477104,0,51,1.20013214,1.09392315,1.01715818
6,132,5.9856169387671567,68,67,68,1.701800,1.727200,0.096789008937776089,0.096789008937776089,0,136,1.20013214,1.09392315,1.01715818
6,132,5.9856169387671567,69,68,69,1.727200,1.752600,0.091808529570698738,0.091808529570698738,0,187,1.20013214,1.09392315,1.01715818
6,132,5.9856169387671567,70,69,70,1.752600,1.778000,0.080190586298704153,0.080190586298704153,0,170,1.20013214,1.09392315,1.01715818
6,132,5.9856169387671567,71,70,71,1.778000,1.803400,0.099826453253626823,0.099826453253626823,0,1394,1.20013214,1.09392315,1.01715818
6,132,5.9856169387671567,72,71,72,1.803400,1.828800,0.061103247106075287,0.061103247106075287,0,4624,1.20013214,1.09392315,1.01715818
6,132,5.9856169387671567,73,72,73,1.828800,1.854200,0.053319970611482859,0.053319970611482859,0,8840,1.20013214,1.09392315,1.01715818
6,132,5.9856169387671567,74,73,74,1.854200,1.879600,0.046544012147933245,0.046544012147933245,0,5933,1.20013214,1.09392315,1.01715818
6,132,5.9856169387671567,75,74,75,1.879600,1.905000,0.038909046445041895,0.038909046445041895,0,7259,1.20013214,1.09392315,1.01715818
6,132,5.9856169387671567,76,75,76,1.905000,1.930400,0.033717553829774261,0.033717553829774261,0,9214,1.20013214,1.09392315,1.01715818
6,132,5.9856169387671567,77,76,77,1.930400,1.955800,0.024123010225594044,0.024123010225594044,0,17,1.20013214,1.09392315,1.01715818
6,132,5.9856169387671567,78,77,78,1.955800,1.981200,,0.021345190486560264,1,0,1.20013214,1.09392315,1.01715818
6,132,5.9856169387671567,79,78,79,1.981200,2.006600,,0.018567370747526488,1,0,1.20013214,1.09392315,1.01715818
6,132,5.9856169387671567,80,79,80,2.006600,2.032000,0.015789551008492709,0.015789551008492709,0,102,1.20013214,1.09392315,1.01715818
6,132,5.9856169387671567,81,80,81,2.032000,2.057400,0.014695624168962241,0.014695624168962241,0,119,1.20013214,1.09392315,1.01715818
6,132,5.9856169387671567,82,81,82,2.057400,2.082800,0.011535508371889592,0.011535508371889592,0,68,1.20013214,1.09392315,1.01715818
6,132,5.9856169387671567,83,82,83,2.082800,2.108200,0.015973292663693427,0.015973292663693427,0,17,1.20013214,1.09392315,1.01715818
6,132,5.9856169387671567,84,83,84,2.108200,2.133600,0.014273540768772363,0.014273540768772363,0,272,1.20013214,1.09392315,1.01715818
6,132,5.9856169387671567,85,84,85,2.133600,2.159000,0.008095520781353116,0.008095520781353116,0,595,1.20013214,1.09392315,1.01715818
6,132,5.9856169387671567,86,85,86,2.159000,2.184400,0.0070059246500022709,0.0070059246500022709,0,8636,1.20013214,1.09392315,1.01715818
6,132,5.9856169387671567,87,86,87,2.184400,2.209800,0.0060402255621738732,0.0060402255621738732,0,15708,1.20013214,1.09392315,1.01715818
6,132,5.9856169387671567,88,87,88,2.209800,2.235200,0.0051446600700728595,0.0051446600700728595,0,11900,1.20013214,1.09392315,1.01715818
6,132,5.9856169387671567,89,88,89,2.235200,2.260600,0.0036171789688523859,0.0036171789688523859,0,34,1.20013214,1.09392315,1.01715818
6,132,5.9856169387671567,90,89,90,2.260600,2.286000,,0.0033756799053993414,1,0,1.20013214,1.09392315,1.01715818
6,132,5.9856169387671567,91,90,91,2.286000,2.311400,,0.0031341808419462968,1,0,1.20013214,1.09392315,1.01715818
6,132,5.9856169387671567,92,91,92,2.311400,2.336800,,0.0028926817784932527,1,0,1.20013214,1.09392315,1.01715818
6,132,5.9856169387671567,93,92,93,2.336800,2.362200,,0.0026511827150402082,1,0,1.20013214,1.09392315,1.01715818
6,132,5.9856169387671567,94,93,94,2.362200,2.387600,,0.0024096836515871637,1,0,1.20013214,1.09392315,1.01715818
6,132,5.9856169387671567,95,94,95,2.387600,2.413000,,0.0021681845881341196,1,0,1.20013214,1.09392315,1.01715818
6,132,5.9856169387671567,96,95,96,2.413000,2.438400,,0.0019266855246810751,1,0,1.20013214,1.09392315,1.01715818
6,132,5.9856169387671567,97,96,97,2.438400,2.463800,,0.0016851864612280306,1,0,1.20013214,1.09392315,1.01715818
6,132,5.9856169387671567,98,97,98,2.463800,2.489200,,0.001443687397774986,1,0,1.20013214,1.09392315,1.01715818
6,132,5.9856169387671567,99,98,99,2.489200,2.514600,,0.0012021883343219415,1,0,1.20013214,1.09392315,1.01715818
6,132,5.9856169387671567,100,99,100,2.514600,2.540000,0.00096068927086889744,0.00096068927086889744,0,37451,1.20013214,1.09392315,1.01715818
