displacement_mm,force_N,plastic_pct
0.000000000000000000e+00,0.000000000000000000e+00,0.000000000000000000e+00
5.000000000000000104e-03,2.623291720300000018e-01,0.000000000000000000e+00
1.000000000000000021e-02,5.246668021200000531e-01,0.000000000000000000e+00
1.750000000000000167e-02,9.181996670900000046e-01,0.000000000000000000e+00
2.875000000000000125e-02,1.508592205800000086e+00,0.000000000000000000e+00
4.562499999999999889e-02,2.394530275700000210e+00,0.000000000000000000e+00
7.062499999999999334e-02,3.671662583599999863e+00,2.341955878400000038e-02
9.562500000000000167e-02,4.768970629500000058e+00,9.853040246499998600e-02
1.206249999999999961e-01,5.538937006000000274e+00,2.167632803300000022e-01
1.456250000000000044e-01,6.061326880800000261e+00,3.524423460500000216e-01
1.706249999999999989e-01,6.436606049499999926e+00,4.837034619399999680e-01
1.956249999999999933e-01,6.697493879699999653e+00,6.151785375599999606e-01
2.206249999999999878e-01,6.890428760499999861e+00,7.450691191499999588e-01
2.456250000000000100e-01,7.051981092600000167e+00,8.751087356399999129e-01
2.706250000000000044e-01,7.194768663999999703e+00,1.005332241799999915e+00
2.956250000000000266e-01,7.322465449800000137e+00,1.135831559099999888e+00
3.206249999999999933e-01,7.436093013999999890e+00,1.266641449199999991e+00
3.456250000000000155e-01,7.543019099800000404e+00,1.399629167300000088e+00
3.706249999999999822e-01,7.644103388399999588e+00,1.533476682399999902e+00
3.956250000000000044e-01,7.741804072399999903e+00,1.667170086900000125e+00
4.206250000000000266e-01,7.837449720599999559e+00,1.800884725500000227e+00
4.456249999999999933e-01,7.930346178599999796e+00,1.934954337800000035e+00
4.706250000000000155e-01,8.020587228300000149e+00,2.069470751999999969e+00
4.853124999999999800e-01,8.072599483299999434e+00,2.148704230799999948e+00
5.000000000000000000e-01,8.124406172600000531e+00,2.227921737399999991e+00
