frame,set,time_s,maximum_m,minimum_m
0,1,1.00006103515625,2.4562966700614197e-06,-4.2874849896179512e-05
1,2,1.0001220703125,2.6332838842790807e-06,-4.7077512135729194e-05
2,3,1.00018310546875,4.3671261664712802e-06,-4.9617468903306872e-05
3,4,1.000244140625,6.9338125285867136e-06,-5.0739039579639211e-05
4,5,1.00030517578125,1.0209877473243978e-05,-5.0712242227746174e-05
5,6,1.0003662109375,1.5690171494497918e-05,-4.9550977564649656e-05
6,7,1.00042724609375,2.5461960831307806e-05,-4.6926441427785903e-05
7,8,1.00048828125,3.5414886951912194e-05,-4.2526942706899717e-05
8,9,1.00054931640625,3.9161430322565138e-05,-3.6256984458304942e-05
9,10,1.0006103515625,3.613996523199603e-05,-2.8294347430346534e-05
10,11,1.00067138671875,2.7021880669053644e-05,-1.9084123778156936e-05
11,12,1.000732421875,2.7227357350056991e-05,-1.013089331536321e-05
12,13,1.00079345703125,2.5030531105585396e-05,-1.0918906809820328e-05
13,14,1.0008544921875,1.9464852812234312e-05,-1.9840334061882459e-05
14,15,1.00091552734375,2.0656860215240158e-05,-3.1524148653261364e-05
15,16,1.0009765625,2.9320781322894618e-05,-3.774404467549175e-05
16,17,1.00103759765625,3.7040514143882319e-05,-3.7469082599272951e-05
17,18,1.0010986328125,4.3637806811602786e-05,-3.1215684430208057e-05
18,19,1.00115966796875,4.8981724830809981e-05,-2.3363392756436951e-05
19,20,1.001220703125,5.2943614718969911e-05,-1.2907987184007652e-05
20,21,1.00128173828125,5.5112999689299613e-05,-1.946055272128433e-05
21,22,1.0013427734375,5.5015912948874757e-05,-2.7230444175074808e-05
22,23,1.00140380859375,5.2493069233605638e-05,-3.0755847546970472e-05
23,24,1.00146484375,4.7695582907181233e-05,-2.8977196052437648e-05
24,25,1.00152587890625,4.1001971112564206e-05,-2.2274110961006954e-05
25,26,1.0015869140625,3.2947213185252622e-05,-1.2030857760692015e-05
26,27,1.00164794921875,2.421243152639363e-05,-1.5949772205203772e-05
27,28,1.001708984375,1.4867983736621682e-05,-2.6492632969166152e-05
28,29,1.00177001953125,1.7600919818505645e-05,-3.6865396396024153e-05
29,30,1.0018310546875,2.0284865968278609e-05,-3.9934846427058801e-05
30,31,1.00189208984375,1.8211119822808541e-05,-3.5099925298709422e-05
31,32,1.001953125,1.2712279385596048e-05,-2.4531847884645686e-05
32,33,1.00201416015625,1.5800293112988584e-05,-3.1564624805469066e-05
33,34,1.0020751953125,2.5386962079210207e-05,-3.6801338865188882e-05
34,35,1.00213623046875,3.3920950954779983e-05,-4.0036673453869298e-05
35,36,1.002197265625,4.6549208491342142e-05,-4.1420036723138765e-05
36,37,1.00225830078125,5.0189486501039937e-05,-4.1320665332023054e-05
37,38,1.0023193359375,4.3411335354903713e-05,-4.0184480894822627e-05
38,39,1.00238037109375,2.7073534511146136e-05,-3.8430429412983358e-05
39,40,1.00244140625,2.3448590582120232e-05,-3.6450725019676611e-05
40,41,1.00250244140625,1.808899651223328e-05,-3.4266206057509407e-05
41,42,1.0025634765625,1.0323693459213246e-05,-4.4052845623809844e-05
42,43,1.00262451171875,7.8740840763202868e-06,-5.8453406381886452e-05
43,44,1.002685546875,8.4748216977459379e-06,-6.1885926697868854e-05
44,45,1.00274658203125,8.8313845481025055e-06,-5.3448176913661882e-05
45,46,1.0028076171875,6.7009614213020541e-06,-5.0617934903129935e-05
46,47,1.00286865234375,5.6689646044105757e-06,-4.6308341552503407e-05
47,48,1.0029296875,1.6818625226733275e-05,-3.695324994623661e-05
48,49,1.00299072265625,3.9725498936604708e-05,-2.6320627512177452e-05
49,50,1.0030517578125,5.4958170949248597e-05,-2.6432826416566968e-05
50,51,1.00311279296875,6.0009260778315365e-05,-2.5092749638133682e-05
51,52,1.003173828125,5.4218275181483477e-05,-2.2560683646588586e-05
52,53,1.00323486328125,4.2113930248888209e-05,-1.9428960513323545e-05
53,54,1.0032958984375,4.9196019972441718e-05,-1.6228066670009866e-05
54,55,1.00335693359375,5.1109662308590487e-05,-1.2618219443538692e-05
55,56,1.00341796875,5.104895171825774e-05,-3.4906537621282041e-05
56,57,1.00347900390625,4.650334085454233e-05,-5.4752792493673041e-05
57,58,1.0035400390625,3.4324973967159167e-05,-6.6432083258405328e-05
58,59,1.00360107421875,2.3559718101751059e-05,-6.7913329985458404e-05
59,60,1.003662109375,1.6290641724481247e-05,-5.859027078258805e-05
60,61,1.00372314453125,6.8573317548725754e-06,-3.952762926928699e-05
61,62,1.0037841796875,2.3522886749560712e-06,-5.768319169874303e-05
62,63,1.00384521484375,1.4988851944508497e-05,-7.1740949351806194e-05
63,64,1.00390625,4.0335205994779244e-05,-7.6939504651818424e-05
64,65,1.00396728515625,5.8017994888359681e-05,-7.299061689991504e-05
65,66,1.0040283203125,6.4781313994899392e-05,-6.0815211327280849e-05
66,67,1.00408935546875,5.9807371144415811e-05,-4.2781353840837255e-05
67,68,1.004150390625,4.4622804125538096e-05,-4.3590673158178106e-05
68,69,1.00421142578125,2.2598598661716096e-05,-4.3978125177090988e-05
69,70,1.0042724609375,3.168454350088723e-05,-4.2429659515619278e-05
70,71,1.00433349609375,5.2094706916250288e-05,-3.9064911106834188e-05
71,72,1.00439453125,6.8335983087308705e-05,-4.4761764002032578e-05
72,73,1.00445556640625,7.8814213338773698e-05,-5.2634364692494273e-05
73,74,1.0045166015625,8.2841164839919657e-05,-4.9267615395365283e-05
74,75,1.00457763671875,8.058360981522128e-05,-3.501220271573402e-05
75,76,1.004638671875,7.2636037657503039e-05,-1.2667676855926402e-05
76,77,1.00469970703125,5.9875641454709694e-05,-1.9589517705753678e-06
77,78,1.0047607421875,4.3402975279605016e-05,-3.4790730296663241e-06
78,79,1.00482177734375,5.820917067467235e-05,-6.0927932281629182e-06
79,80,1.0048828125,6.7196757299825549e-05,-7.4032486736541614e-06
80,81,1.00494384765625,6.4717023633420467e-05,-1.7922691768035293e-05
81,82,1.0050048828125,6.6259934101253748e-05,-3.2914140319917351e-05
82,83,1.00506591796875,7.1970571298152208e-05,-4.5923483412479982e-05
83,84,1.005126953125,7.5668642239179462e-05,-5.4575426474912092e-05
84,85,1.00518798828125,7.7527321991510689e-05,-5.7770019338931888e-05
85,86,1.0052490234375,7.7445227361749858e-05,-5.5202290241140872e-05
86,87,1.00531005859375,7.5102791015524417e-05,-5.7936871598940343e-05
87,88,1.00537109375,7.0357826189137995e-05,-5.6921275245258585e-05
88,89,1.00543212890625,6.3362334913108498e-05,-4.4006010284647346e-05
89,90,1.0054931640625,5.4563141020480543e-05,-2.1794036001665518e-05
90,91,1.00555419921875,4.4908403651788831e-05,-2.2032340893929359e-06
91,92,1.005615234375,5.0307920901104808e-05,-3.7568227071460569e-06
92,93,1.00567626953125,6.8907997047062963e-05,-8.8907727331388742e-06
93,94,1.0057373046875,8.1744365161284804e-05,-1.1886230822710786e-05
94,95,1.00579833984375,8.7084874394349754e-05,-1.1907361113117076e-05
95,96,1.005859375,8.4447150584310293e-05,-9.3333683253149502e-06
96,97,1.00592041015625,7.4609146395232528e-05,-1.4184170140651986e-05
97,98,1.0059814453125,6.0802911320934072e-05,-1.9354118194314651e-05
98,99,1.00604248046875,4.7459881898248568e-05,-2.6223326131002977e-05
99,100,1.006103515625,2.8987220503040589e-05,-4.1779087041504681e-05
100,101,1.00616455078125,1.2033962775603868e-05,-6.1544276832137257e-05
101,102,1.0062255859375,1.0513109373277985e-05,-7.0615089498460293e-05
102,103,1.00628662109375,7.3830506153171882e-06,-6.7425811721477658e-05
103,104,1.00634765625,5.0733506213873625e-06,-7.9134144471026957e-05
104,105,1.00640869140625,4.6229574763856363e-06,-9.0722431195899844e-05
105,106,1.0064697265625,5.601309567282442e-06,-9.4460214313585311e-05
106,107,1.00653076171875,2.4942986783571541e-05,-8.9898596343118697e-05
107,108,1.006591796875,4.5292545109987259e-05,-7.7326316386461258e-05
108,109,1.00665283203125,5.6198892707470804e-05,-5.766290269093588e-05
109,110,1.0067138671875,5.5989599786698818e-05,-4.0275619539897889e-05
110,111,1.00677490234375,4.5213033445179462e-05,-3.3987431379500777e-05
111,112,1.0068359375,2.6401847208035178e-05,-2.6230265575577505e-05
112,113,1.00689697265625,5.0883652875199914e-05,-2.2189298761077225e-05
113,114,1.0069580078125,7.2361224738415331e-05,-2.0057066649314947e-05
114,115,1.00701904296875,8.6880703747738153e-05,-3.6793699109693989e-05
115,116,1.007080078125,9.3025424575898796e-05,-4.7047451516846195e-05
116,117,1.00714111328125,9.0141220425721258e-05,-4.8383280955022201e-05
117,118,1.0072021484375,7.8397373727057129e-05,-4.1224717278964818e-05
118,119,1.00726318359375,5.8840152632910758e-05,-2.7491796572576277e-05
119,120,1.00732421875,4.0648166759638116e-05,-1.8150949472328648e-05
120,121,1.00738525390625,4.5179229346103966e-05,-6.5791386987257283e-06
121,122,1.0074462890625,4.878831168753095e-05,-2.4228305846918374e-05
122,123,1.00750732421875,5.1097638788633049e-05,-4.9778976972447708e-05
123,124,1.007568359375,5.1819097279803827e-05,-6.9179957790765911e-05
124,125,1.00762939453125,5.0792630645446479e-05,-8.0413126852363348e-05
125,126,1.0076904296875,4.798916052095592e-05,-8.2538987044245005e-05
126,127,1.00775146484375,4.3556472519412637e-05,-7.5818912591785192e-05
127,128,1.0078125,3.7990070268278942e-05,-6.1533704865723848e-05
128,129,1.00787353515625,3.1949686672305688e-05,-4.1661918658064678e-05
129,130,1.0079345703125,2.5062792701646686e-05,-3.6722067306982353e-05
130,131,1.00799560546875,1.7396174371242523e-05,-4.5045817387290299e-05
131,132,1.008056640625,3.0117280402919278e-05,-4.434852598933503e-05
132,133,1.00811767578125,5.0651291530812159e-05,-3.4506327210692689e-05
133,134,1.0081787109375,6.6944136051461101e-05,-1.7319358448730782e-05
134,135,1.00823974609375,7.7662138210143894e-05,-1.4156827091937885e-05
135,136,1.00830078125,8.1916041381191462e-05,-1.9920504200854339e-05
136,137,1.00836181640625,7.917336915852502e-05,-2.5413035473320633e-05
137,138,1.0084228515625,6.919079169165343e-05,-3.0220306143746711e-05
138,139,1.00848388671875,5.2134309953544289e-05,-3.4465425414964557e-05
139,140,1.008544921875,3.2130767067428678e-05,-3.8271122321020812e-05
140,141,1.00860595703125,1.0860072507057339e-05,-4.1640403651399538e-05
141,142,1.0086669921875,6.897556659168913e-07,-4.433148933458142e-05
142,143,1.00872802734375,3.5443608794594184e-06,-6.2903993239160627e-05
143,144,1.0087890625,9.7272832135786302e-06,-8.8619512098375708e-05
144,145,1.00885009765625,1.4012986866873689e-05,-0.00010622956324368715
145,146,1.0089111328125,1.4999090126366355e-05,-0.00011310909758321941
146,147,1.00897216796875,1.2773097296303604e-05,-0.00010764377657324076
147,148,1.009033203125,8.467944098811131e-06,-8.9591077994555235e-05
148,149,1.00909423828125,1.4176818694977555e-05,-6.030025178915821e-05
149,150,1.0091552734375,3.8236157706705853e-05,-2.2898915631230921e-05
150,151,1.00921630859375,6.0309386753942817e-05,-1.1449981684563681e-05
151,152,1.00927734375,7.2850147262215614e-05,-1.1354994967405219e-05
152,153,1.00933837890625,9.3334965640679002e-05,-1.2560066352307331e-05
153,154,1.0093994140625,0.00011789712152676657,-1.0021731213782914e-05
154,155,1.00946044921875,0.00013053594739176333,-4.0140548662748188e-06
155,156,1.009521484375,0.0001306044141529128,-3.8926896195334848e-06
156,157,1.00958251953125,0.00011898069351445884,-2.3456321287085302e-05
157,158,1.0096435546875,0.00010001433838624507,-4.9483278417028487e-05
158,159,1.00970458984375,7.2393006121274084e-05,-6.57948839943856e-05
159,160,1.009765625,6.8903646024409682e-05,-6.9331035774666816e-05
160,161,1.00982666015625,6.8282315623946488e-05,-5.9997284552082419e-05
161,162,1.0098876953125,6.4790940086822957e-05,-5.6911550927907228e-05
162,163,1.00994873046875,5.8599674957804382e-05,-9.0605382865760475e-05
163,164,1.010009765625,5.0049737183144316e-05,-0.000116629438707605
164,165,1.01007080078125,3.9537866541650146e-05,-0.00013140373630449176
165,166,1.0101318359375,5.169983342057094e-05,-0.00013318401761353016
166,167,1.01019287109375,5.7275843573734164e-05,-0.00012281547242309898
167,168,1.01025390625,5.2402963774511591e-05,-0.00010171506437472999
168,169,1.01031494140625,3.780902989092283e-05,-7.1701259003020823e-05
169,170,1.0103759765625,1.5920606529107317e-05,-5.2716113714268431e-05
170,171,1.01043701171875,2.0028312064823695e-05,-5.5594038713024929e-05
171,172,1.010498046875,4.6430515794781968e-05,-5.6245866289827973e-05
172,173,1.01055908203125,7.6375632488634437e-05,-6.2107050325721502e-05
173,174,1.0106201171875,9.9996570497751236e-05,-7.2528819146100432e-05
174,175,1.01068115234375,0.00011223452747799456,-8.1212128861807287e-05
175,176,1.0107421875,0.00011116288806078956,-8.7588094174861908e-05
176,177,1.01080322265625,9.6854259027168155e-05,-9.1231238911859691e-05
177,178,1.0108642578125,7.1181420935317874e-05,-9.1972819063812494e-05
178,179,1.01092529296875,3.7566514947684482e-05,-8.9920875325333327e-05
179,180,1.010986328125,3.5639415727928281e-05,-8.5343235696200281e-05
180,181,1.01104736328125,5.0031838327413425e-05,-7.8359356848523021e-05
181,182,1.0111083984375,5.4597770940745249e-05,-6.8993795139249414e-05
182,183,1.01116943359375,4.8629990487825125e-05,-9.0316403657197952e-05
183,184,1.01123046875,3.3379616070305929e-05,-0.00010400383325759321
184,185,1.01129150390625,3.161978384014219e-05,-0.0001077635315596126
185,186,1.0113525390625,3.3653512218734249e-05,-0.00010230678162770346
186,187,1.01141357421875,3.3492713555460796e-05,-8.9104512881021947e-05
187,188,1.011474609375,3.1074207072379068e-05,-7.0054731622803956e-05
188,189,1.01153564453125,2.8207499781274237e-05,-6.1025664763292298e-05
189,190,1.0115966796875,3.8795726140961051e-05,-6.0036105423932895e-05
190,191,1.01165771484375,4.6963770728325471e-05,-4.9534814024809748e-05
191,192,1.01171875,5.2517090807668865e-05,-3.1572402804158628e-05
192,193,1.01177978515625,5.5444736062781885e-05,-1.0383480912423693e-05
193,194,1.0118408203125,6.2718710978515446e-05,-1.9548100681276992e-05
194,195,1.01190185546875,6.929638038855046e-05,-3.0445247830357403e-05
195,196,1.011962890625,6.7434804805088788e-05,-4.1358580347150564e-05
196,197,1.01202392578125,5.7022600230993703e-05,-5.1405688282102346e-05
197,198,1.0120849609375,3.9113823731895536e-05,-5.978556873742491e-05
198,199,1.01214599609375,1.8851265849662013e-05,-6.5706102759577334e-05
199,200,1.01220703125,6.8130575527902693e-06,-6.8509871198330075e-05
200,201,1.01226806640625,5.063315256848e-06,-6.7712993768509477e-05
201,202,1.0123291015625,1.1638850992312655e-05,-6.3132305513136089e-05
202,203,1.01239013671875,1.5682579032727517e-05,-6.8800232838839293e-05
203,204,1.012451171875,1.5965673810569569e-05,-7.2470211307518184e-05
204,205,1.01251220703125,1.2669041097979061e-05,-6.6227912611793727e-05
205,206,1.0125732421875,7.3022788456000853e-06,-5.0983257096959278e-05
206,207,1.01263427734375,1.391255955240922e-05,-4.982224345440045e-05
207,208,1.0126953125,3.148508767480962e-05,-5.0599726819200441e-05
208,209,1.01275634765625,4.7536828787997365e-05,-4.9457848945166916e-05
209,210,1.0128173828125,6.1119935708120465e-05,-4.648180038202554e-05
210,211,1.01287841796875,7.117325731087476e-05,-4.1829553083516657e-05
211,212,1.012939453125,7.6972210081294179e-05,-3.5739049053518102e-05
212,213,1.01300048828125,7.8302575275301933e-05,-2.8497946914285421e-05
213,214,1.0130615234375,7.5350784754846245e-05,-2.0423929527169093e-05
214,215,1.01312255859375,6.8603541876655072e-05,-3.0597631848650053e-05
215,216,1.01318359375,5.8739537053043023e-05,-4.1756688005989417e-05
216,217,1.01324462890625,4.6523640776285902e-05,-4.4382544729160145e-05
217,218,1.0133056640625,3.2666870538378134e-05,-3.7906669604126364e-05
218,219,1.01336669921875,2.4624461730127223e-05,-2.3623309971299022e-05
219,220,1.013427734375,3.285110869910568e-05,-3.7851776141906157e-05
220,221,1.01348876953125,4.0317892853636295e-05,-5.1825769332936034e-05
221,222,1.0135498046875,4.6514480345649645e-05,-5.7725577789824456e-05
222,223,1.01361083984375,5.1031558541581035e-05,-5.6244294682983309e-05
223,224,1.013671875,5.365919423638843e-05,-5.0560785894049332e-05
224,225,1.01373291015625,5.4357555200112984e-05,-5.8702775277197361e-05
225,226,1.0137939453125,5.3226205636747181e-05,-6.3918567320797592e-05
226,227,1.01385498046875,5.0427628593752161e-05,-6.5886881202459335e-05
227,228,1.013916015625,4.6128701796988025e-05,-6.4377891249023378e-05
228,229,1.01397705078125,4.0440008888253942e-05,-5.9237630921415985e-05
229,230,1.0140380859375,3.3998228900600225e-05,-5.0452486902941018e-05
230,231,1.01409912109375,4.6939963795011863e-05,-3.9626836951356381e-05
231,232,1.01416015625,5.6047305406536907e-05,-3.4355285606579855e-05
232,233,1.01422119140625,5.9580146626103669e-05,-2.2590464141103439e-05
233,234,1.0142822265625,5.6840090110199526e-05,-6.9625189098587725e-06
234,235,1.01434326171875,4.7909630666254088e-05,-1.2014699677820317e-05
235,236,1.014404296875,3.3679956686682999e-05,-2.1080490114400163e-05
236,237,1.01446533203125,4.4321321183815598e-05,-2.947565917565953e-05
237,238,1.0145263671875,5.2155763114569709e-05,-3.6938621633453295e-05
238,239,1.01458740234375,5.67804672755301e-05,-4.3233056203462183e-05
239,240,1.0146484375,5.8120938774663955e-05,-4.8161633458221331e-05
240,241,1.01470947265625,5.6358632718911394e-05,-5.2827159379376099e-05
241,242,1.0147705078125,5.1862014515791088e-05,-6.0294376453384757e-05
242,243,1.01483154296875,4.5054344809614122e-05,-6.2021317717153579e-05
243,244,1.014892578125,3.6347515560919419e-05,-5.7995363022200763e-05
244,245,1.01495361328125,2.6111707484233193e-05,-4.870845441473648e-05
245,246,1.0150146484375,1.4735588592884596e-05,-4.2381205275887623e-05
246,247,1.01507568359375,3.9526016735180747e-06,-3.5576718801166862e-05
247,248,1.01513671875,5.9441986195452046e-06,-2.7826248697238043e-05
248,249,1.01519775390625,1.6897362002055161e-05,-2.1775398636236787e-05
249,250,1.0152587890625,3.2017869671108201e-05,-3.3235079172300175e-05
250,251,1.01531982421875,4.3135303712915629e-05,-4.3642165110213682e-05
251,252,1.015380859375,4.9008114729076624e-05,-5.2531908295350149e-05
252,253,1.01544189453125,4.9092737754108384e-05,-5.9339712606742978e-05
253,254,1.0155029296875,4.3667016143444926e-05,-6.3464802224189043e-05
254,255,1.01556396484375,3.3997141144936904e-05,-6.4369138272013515e-05
255,256,1.015625,2.8536600439110771e-05,-6.1694066971540451e-05
256,257,1.01568603515625,3.2890879083424807e-05,-5.5360662372549996e-05
257,258,1.0157470703125,3.6368473956827074e-05,-4.561653986456804e-05
258,259,1.01580810546875,3.8791717088315636e-05,-3.3030220947694033e-05
259,260,1.015869140625,3.9977585402084514e-05,-2.861847315216437e-05
260,261,1.01593017578125,3.9773425669409335e-05,-3.3764335967134684e-05
261,262,1.0159912109375,3.8120811950648203e-05,-3.5051503800787032e-05
262,263,1.01605224609375,3.5077100619673729e-05,-3.3787109714467078e-05
263,264,1.01611328125,4.0453243855154142e-05,-3.220820872229524e-05
264,265,1.01617431640625,5.0340098823653534e-05,-2.6103307391167618e-05
265,266,1.0162353515625,5.7378041674382985e-05,-1.578488081577234e-05
266,267,1.01629638671875,6.1850252677686512e-05,-8.6172740338952281e-06
267,268,1.016357421875,6.3536521338392049e-05,-6.3332240642921533e-06
268,269,1.01641845703125,6.2491599237546325e-05,-2.5397046101716114e-06
269,270,1.0164794921875,5.8854930102825165e-05,-6.4478990680072457e-06
270,271,1.01654052734375,5.2844759920844808e-05,-1.1076454029534943e-05
271,272,1.0166015625,4.4777319999411702e-05,-1.5038978744996712e-05
272,273,1.01666259765625,3.8977166695985943e-05,-1.8725602785707451e-05
273,274,1.0167236328125,4.1333616536576301e-05,-2.1378447854658589e-05
274,275,1.01678466796875,4.0019327570917085e-05,-2.2932819774723612e-05
275,276,1.016845703125,3.4387645428068936e-05,-2.3414078896166757e-05
276,277,1.01690673828125,2.4541486709495075e-05,-2.2875337890582159e-05
277,278,1.0169677734375,1.486670043959748e-05,-2.5973253286792897e-05
278,279,1.01702880859375,1.5289151633623987e-05,-3.6472618376137689e-05
279,280,1.01708984375,1.3380599739321042e-05,-4.4676766265183687e-05
280,281,1.01715087890625,9.1045922090415843e-06,-4.9925816711038351e-05
281,282,1.0172119140625,1.0024394214269705e-05,-5.1830891607096419e-05
282,283,1.01727294921875,8.3770746641675942e-06,-5.0335707783233374e-05
283,284,1.017333984375,4.7397370508406311e-06,-4.5722139475401491e-05
284,285,1.01739501953125,9.9329517979640514e-06,-3.8634356315014884e-05
285,286,1.0174560546875,1.4464112609857693e-05,-2.997328556375578e-05
286,287,1.01751708984375,1.8012833606917411e-05,-2.3074957425706089e-05
287,288,1.017578125,2.0385599782457575e-05,-2.2909915060154162e-05
288,289,1.01763916015625,2.1512894818442874e-05,-1.8200089471065439e-05
289,290,1.0177001953125,2.1416790332295932e-05,-1.0979909347952344e-05
290,291,1.01776123046875,2.0162899090792052e-05,-9.4148899734136648e-06
291,292,1.017822265625,2.0266650608391501e-05,-6.9388247538881842e-06
292,293,1.01788330078125,2.5037063096533529e-05,-5.6991088968061376e-06
293,294,1.0179443359375,2.8073280191165395e-05,-9.3709186330670491e-06
294,295,1.01800537109375,2.9220747819636017e-05,-1.2515847629401833e-05
295,296,1.01806640625,2.8564518288476393e-05,-1.3579010555986315e-05
296,297,1.01812744140625,2.6379531846032478e-05,-1.3239289728517178e-05
297,298,1.0181884765625,2.3022219465929084e-05,-1.9942708604503423e-05
298,299,1.01824951171875,1.8563978301244788e-05,-2.9776047085761093e-05
299,300,1.018310546875,1.3054236660536844e-05,-3.2793908758321777e-05
300,301,1.01837158203125,7.1102626861829776e-06,-2.8634347472689115e-05
301,302,1.0184326171875,7.2621342042111792e-06,-2.5913610443240032e-05
302,303,1.01849365234375,1.1139733032905497e-05,-2.5787836420931853e-05
303,304,1.0185546875,1.7913287592818961e-05,-2.4263503291876987e-05
304,305,1.01861572265625,2.9913462640251964e-05,-2.1417345124064013e-05
305,306,1.0186767578125,3.6031527997693047e-05,-1.7359556295559742e-05
306,307,1.01873779296875,3.7584322853945196e-05,-1.2391945347189903e-05
307,308,1.018798828125,4.1929375584004447e-05,-1.1412669664423447e-05
308,309,1.01885986328125,4.7125820856308565e-05,-9.2828413471579552e-06
309,310,1.0189208984375,4.8317328037228435e-05,-6.8342619670147542e-06
310,311,1.01898193359375,4.4444142986321822e-05,-6.8286540226836223e-06
311,312,1.01904296875,3.5803746868623421e-05,-4.840391284233192e-06
312,313,1.01910400390625,3.0603783670812845e-05,-3.811442866208381e-06
313,314,1.0191650390625,3.6792880564462394e-05,-5.1547608563851099e-06
314,315,1.01922607421875,4.1888055420713499e-05,-7.7830045484006405e-06
315,316,1.019287109375,4.5701912313234061e-05,-1.2665005669987295e-05
316,317,1.01934814453125,4.8065689043141901e-05,-1.9929297195631079e-05
317,318,1.0194091796875,4.8789264837978408e-05,-2.4535685952287167e-05
318,319,1.01947021484375,4.7684650780865923e-05,-2.7190902983420528e-05
319,320,1.01953125,4.4619522668654099e-05,-3.2539028325118124e-05
320,321,1.01959228515625,3.9578691939823329e-05,-3.6058852856513113e-05
321,322,1.0196533203125,3.271177047281526e-05,-3.4138389310101047e-05
322,323,1.01971435546875,2.4378665330004878e-05,-2.7757507268688641e-05
323,324,1.019775390625,1.5091021850821562e-05,-2.568150193837937e-05
324,325,1.01983642578125,5.3731332627648953e-06,-2.1893914890824817e-05
325,326,1.0198974609375,8.7354019342456013e-06,-1.5753779734950513e-05
326,327,1.01995849609375,1.628998143132776e-05,-1.7070758985937573e-05
327,328,1.02001953125,2.1111034584464505e-05,-2.1972615286358632e-05
328,329,1.02008056640625,2.2566246116184629e-05,-2.8623300750041381e-05
329,330,1.0201416015625,3.5747529182117432e-05,-3.3602882467675954e-05
330,331,1.02020263671875,4.8733902076492086e-05,-3.6614557757275179e-05
331,332,1.020263671875,5.7862660469254479e-05,-3.7570622225757688e-05
332,333,1.02032470703125,6.1362261476460844e-05,-3.657801789813675e-05
333,334,1.0203857421875,5.8294106565881521e-05,-3.3934396924450994e-05
334,335,1.02044677734375,4.887433533440344e-05,-3.0130700906738639e-05
335,336,1.0205078125,3.6611982068279758e-05,-2.5883893613354303e-05
336,337,1.02056884765625,2.6753532438306138e-05,-2.1775942514068447e-05
337,338,1.0206298828125,1.5729530787211843e-05,-2.5738758267834783e-05
338,339,1.02069091796875,1.0442214261274785e-05,-3.5972188925370574e-05
339,340,1.020751953125,9.6886515166261233e-06,-4.9777107051340863e-05
340,341,1.02081298828125,8.5941892393748276e-06,-6.4199761254712939e-05
341,342,1.0208740234375,5.995020273985574e-06,-7.3890478233806789e-05
342,343,1.02093505859375,2.79263622360304e-06,-7.8762452176306397e-05
343,344,1.02099609375,3.3045025702449493e-06,-7.6889627962373197e-05
344,345,1.02105712890625,1.5517323845415376e-05,-6.6295797296334058e-05
345,346,1.0211181640625,2.9461642043315805e-05,-4.843739588977769e-05
346,347,1.02117919921875,3.7719950341852382e-05,-2.6060866730404086e-05
347,348,1.021240234375,3.8805897929705679e-05,-9.2413683887571096e-06
348,349,1.02130126953125,3.2843192457221448e-05,-1.000666270556394e-05
349,350,1.0213623046875,4.5753015001537278e-05,-1.0317359738110099e-05
350,351,1.02142333984375,6.4711661252658814e-05,-9.9981534731341526e-06
351,352,1.021484375,7.9734127211850137e-05,-8.3324357547098771e-06
352,353,1.02154541015625,8.9171793661080301e-05,-1.3193513041187543e-05
353,354,1.0216064453125,9.2346817837096751e-05,-1.5901894585113041e-05
354,355,1.02166748046875,8.9176137407775968e-05,-1.2488712854974438e-05
355,356,1.021728515625,8.0070596595760435e-05,-4.4056532715330832e-06
356,357,1.02178955078125,6.5823194745462388e-05,-2.0192105694150086e-06
357,358,1.0218505859375,4.7426652599824592e-05,-5.7508455029164907e-06
358,359,1.02191162109375,4.661024286178872e-05,-8.5495503299171105e-06
359,360,1.02197265625,4.7735709813423455e-05,-9.734461855259724e-06
360,361,1.02203369140625,4.9023721658159047e-05,-2.6862249796977267e-05
361,362,1.0220947265625,4.82025025121402e-05,-4.2245355871273205e-05
362,363,1.02215576171875,4.5111268264008686e-05,-5.8209217968396842e-05
363,364,1.022216796875,4.1470368159934878e-05,-6.9389105192385614e-05
364,365,1.02227783203125,3.6427940358407795e-05,-7.3608796810731292e-05
365,366,1.0223388671875,3.019801079062745e-05,-7.0153466367628425e-05
366,367,1.02239990234375,2.320403655176051e-05,-5.9104633692186326e-05
367,368,1.0224609375,1.6081414287327789e-05,-4.1422514186706394e-05
368,369,1.02252197265625,8.9680461314856075e-06,-2.7120315280626528e-05
369,370,1.0225830078125,5.5526584219478536e-06,-2.26130669034319e-05
370,371,1.02264404296875,2.8820526495110244e-05,-1.774712472979445e-05
371,372,1.022705078125,4.7793007979635149e-05,-2.5093018848565407e-05
372,373,1.02276611328125,5.9987443819409236e-05,-3.2233780075330287e-05
373,374,1.0228271484375,6.4125226344913244e-05,-3.8872909499332309e-05
374,375,1.02288818359375,6.022142042638734e-05,-4.4903830712428316e-05
375,376,1.02294921875,5.0211107009090483e-05,-5.0124381232308224e-05
376,377,1.02301025390625,3.9143898902693763e-05,-5.570862049353309e-05
377,378,1.0230712890625,2.425742604827974e-05,-6.149974069558084e-05
378,379,1.02313232421875,5.8528203226160258e-06,-6.5191416069865227e-05
379,380,1.023193359375,4.7887047003314365e-06,-6.6320193582214415e-05
380,381,1.02325439453125,1.0841326002264395e-05,-6.4817235397640616e-05
381,382,1.0233154296875,1.508374680270208e-05,-6.9429930590558797e-05
382,383,1.02337646484375,1.5468760466319509e-05,-7.5860589276999235e-05
383,384,1.0234375,1.7569560441188514e-05,-7.2510803875047714e-05
384,385,1.02349853515625,1.6993793906294741e-05,-5.950183913228102e-05
385,386,1.0235595703125,2.8958345865248702e-05,-3.9172489778138697e-05
386,387,1.02362060546875,3.6550634831655771e-05,-1.9101511497865431e-05
387,388,1.023681640625,4.4848507968708873e-05,-1.0574418411124498e-05
388,389,1.02374267578125,5.4365795222111046e-05,-6.9345696829259396e-06
389,390,1.0238037109375,6.175528687890619e-05,-1.359875795969856e-06
390,391,1.02386474609375,6.9166555476840585e-05,-4.3718000597436912e-06
391,392,1.02392578125,7.7011340181343257e-05,-8.9959548859042116e-06
392,393,1.02398681640625,7.8204109740909189e-05,-1.8120967069990002e-05
393,394,1.0240478515625,7.3092611273750663e-05,-2.8083110009902157e-05
394,395,1.02410888671875,7.5138952524866909e-05,-3.4488217352190986e-05
395,396,1.024169921875,7.6571523095481098e-05,-3.7139867345103994e-05
396,397,1.02423095703125,7.5091025792062283e-05,-4.1871262510539964e-05
397,398,1.0242919921875,7.077398186083883e-05,-3.6279874620959163e-05
398,399,1.02435302734375,6.3978179241530597e-05,-5.041703479946591e-05
399,400,1.0244140625,5.5365788284689188e-05,-7.2169787017628551e-05
400,401,1.02447509765625,4.5369659346761182e-05,-8.9051660324912518e-05
401,402,1.0245361328125,3.7980978959240019e-05,-9.5592957222834229e-05
402,403,1.02459716796875,3.7444526242325082e-05,-9.1400113888084888e-05
403,404,1.024658203125,3.5096003557555377e-05,-7.746992923785001e-05
404,405,1.02471923828125,2.8138874768046662e-05,-6.7966378992423415e-05
405,406,1.0247802734375,1.7655973351793364e-05,-6.5537496993783861e-05
406,407,1.02484130859375,1.1597231605264824e-05,-5.9464557125465944e-05
407,408,1.02490234375,3.5843044315697625e-05,-5.0335820560576394e-05
408,409,1.02496337890625,5.9258203691570088e-05,-5.2097675506956875e-05
409,410,1.0250244140625,7.6769611041527241e-05,-5.9160327509744093e-05
410,411,1.02508544921875,8.5863139247521758e-05,-6.4313608163502067e-05
411,412,1.025146484375,8.6111889686435461e-05,-6.7520311858970672e-05
412,413,1.02520751953125,7.8170356573536992e-05,-6.8660665419884026e-05
413,414,1.0252685546875,6.356622907333076e-05,-6.761370605090633e-05
414,415,1.02532958984375,4.62945899926126e-05,-6.4311432652175426e-05
415,416,1.025390625,4.9275167839368805e-05,-5.8737907238537446e-05
416,417,1.02545166015625,5.5785480071790516e-05,-5.096381573821418e-05
417,418,1.0255126953125,5.9519858041312546e-05,-4.1187198803527281e-05
418,419,1.02557373046875,6.0410373407648876e-05,-4.7788038500584662e-05
419,420,1.025634765625,5.8509063819656149e-05,-6.4095765992533416e-05
420,421,1.02569580078125,5.3800660680280998e-05,-7.5103060225956142e-05
421,422,1.0257568359375,4.6934506826801226e-05,-7.7262782724574208e-05
422,423,1.02581787109375,3.8545789720956236e-05,-7.0041431172285229e-05
423,424,1.02587890625,3.9559363358421251e-05,-5.5811597121646628e-05
424,425,1.02593994140625,5.2410621719900519e-05,-3.5603257856564596e-05
425,426,1.0260009765625,6.3912055338732898e-05,-2.968387161672581e-05
426,427,1.02606201171875,7.3767398134805262e-05,-2.298809886269737e-05
427,428,1.026123046875,8.1807505921460688e-05,-9.8528371381689794e-06
428,429,1.02618408203125,8.7638458353467286e-05,-1.6753851014073007e-05
429,430,1.0262451171875,9.0610650659073144e-05,-2.3707299988018349e-05
430,431,1.02630615234375,9.5107090601231903e-05,-2.9748776796623133e-05
431,432,1.0263671875,9.2261456302367151e-05,-3.4691434848355129e-05
432,433,1.02642822265625,7.8904908150434494e-05,-3.8272853998932987e-05
433,434,1.0264892578125,6.8506655225064605e-05,-4.0131959394784644e-05
434,435,1.02655029296875,5.6380093155894428e-05,-3.9850081520853564e-05
435,436,1.026611328125,4.3305841245455667e-05,-3.7069916288601235e-05
436,437,1.02667236328125,2.9761456971755251e-05,-3.1625404517399147e-05
437,438,1.0267333984375,1.6009351384127513e-05,-4.7993242333177477e-05
438,439,1.02679443359375,1.2753314877045341e-05,-6.2091086874715984e-05
439,440,1.02685546875,1.1923962119908538e-05,-6.9505746068898588e-05
440,441,1.02691650390625,1.1328670552757103e-05,-6.9241534220054746e-05
441,442,1.0269775390625,2.3745797079754993e-05,-6.0909718740731478e-05
442,443,1.02703857421875,3.5705070331459865e-05,-4.664122752728872e-05
443,444,1.027099609375,4.5690372644457966e-05,-5.2721316023962572e-05
444,445,1.02716064453125,5.2936458814656362e-05,-5.8062698371941224e-05
445,446,1.0272216796875,5.7294702855870128e-05,-6.0720183682860807e-05
446,447,1.02728271484375,5.8869376516668126e-05,-6.0978734836680815e-05
447,448,1.02734375,5.7018940424313769e-05,-5.9435995353851467e-05
448,449,1.02740478515625,6.1434555391315371e-05,-5.6791992392390966e-05
449,450,1.0274658203125,5.8850335335591808e-05,-5.3783947805641219e-05
450,451,1.02752685546875,5.0405007641529664e-05,-5.1053852075710893e-05
451,452,1.027587890625,3.6638950405176729e-05,-4.8556950787315145e-05
452,453,1.02764892578125,1.6710730051272549e-05,-4.5833621697966009e-05
453,454,1.0277099609375,3.9105984228626767e-07,-4.2398201912874356e-05
454,455,1.02777099609375,1.7262635765291634e-07,-5.1646773499669507e-05
455,456,1.02783203125,2.1293324437010597e-07,-6.5788088249973953e-05
456,457,1.02789306640625,3.6648673358286032e-06,-8.7004736997187138e-05
457,458,1.0279541015625,1.3117468370182905e-05,-0.00010220046533504501
458,459,1.02801513671875,2.3817956389393657e-05,-0.00010634672071319073
459,460,1.028076171875,3.2375130103901029e-05,-9.7715848824009299e-05
460,461,1.02813720703125,3.5558874515118077e-05,-9.1048066678922623e-05
461,462,1.0281982421875,3.3596566936466843e-05,-8.1459424109198153e-05
462,463,1.02825927734375,2.7475758543005213e-05,-6.662416853941977e-05
463,464,1.0283203125,3.4788699849741533e-05,-4.7220313717843965e-05
464,465,1.02838134765625,7.2271941462531686e-05,-2.4266155378427356e-05
465,466,1.0284423828125,0.0001026522513711825,-3.5360783385840477e-06
466,467,1.02850341796875,0.00012319920642767102,-8.2897304309881292e-06
467,468,1.028564453125,0.00013271250645630062,-1.156662983703427e-05
468,469,1.02862548828125,0.00013119132199790329,-1.0818162991199642e-05
469,470,1.0286865234375,0.00011936669034184888,-6.9462471401493531e-06
470,471,1.02874755859375,0.00010739707067841664,-1.1183064088982064e-05
471,472,1.02880859375,0.00011447876022430137,-2.129795029759407e-05
472,473,1.02886962890625,0.00011459439701866359,-2.4609111278550699e-05
473,474,1.0289306640625,0.00010762272722786292,-1.9952263755840249e-05
474,475,1.02899169921875,9.4030954642221332e-05,-6.1559803725685924e-05
475,476,1.029052734375,7.4830008088611066e-05,-0.00010344437760068104
476,477,1.02911376953125,5.145176692167297e-05,-0.0001381061301799491
477,478,1.0291748046875,2.555254650360439e-05,-0.0001607059093657881
478,479,1.02923583984375,1.2574836546264123e-05,-0.00016762744053266943
479,480,1.029296875,1.5759947928017937e-05,-0.00015689713472966105
