rank,frequency_hz
1,485.964268212
2,596.963613782
3,645.434943299
4,781.350327160
5,820.242172855
6,826.295923521
7,1122.01779974
8,1139.11190228
9,1199.70784732
10,1366.07589028
11,1467.89991836
12,1714.13385836
13,1941.54828351
14,2003.03934313
15,2017.95924660
16,2135.66321766
17,2183.75523341
18,2212.55955625
19,2301.31388696
20,2364.17911966
21,2369.94131482
22,2537.21318982
23,2704.28800408
24,2874.95567610
25,2923.99830114
26,2950.88280272
27,3016.71511075
28,3201.73293136
29,3237.67573630
30,3368.52649540
31,3460.28513323
32,3551.45474871
33,3597.69889801
34,3654.56979049
35,3692.03973421
36,3775.15198701
37,3911.14168169
38,3986.07476348