set,time,max_pen_mm,max_plastic_slip_mm,max_elastic_slip_mm
      1.,  0.50000000000E-01,  0.74364260172E-05,  0.00000000000E+00,  0.10695969621E-06
      2.,  0.10000000000E+00,  0.14872851807E-04,  0.00000000000E+00,  0.21393698546E-06
      3.,  0.17500000000E+00,  0.26027490094E-04,  0.00000000000E+00,  0.37443624024E-06
      4.,  0.28750000000E+00,  0.42759447751E-04,  0.00000000000E+00,  0.61526003492E-06
      5.,  0.45625000000E+00,  0.67857296017E-04,  0.00000000000E+00,  0.93457248340E-06
      6.,  0.65625000000E+00,  0.97602794995E-04,  0.00000000000E+00,  0.12707629367E-05
      7.,  0.85625000000E+00,  0.12734820848E-03,  0.00000000000E+00,  0.15782630953E-05
      8.,  0.10000000000E+01,  0.14872767861E-03,  0.00000000000E+00,  0.17872598619E-05
      9.,  0.20000000000E+01,  0.14872767861E-03,  0.00000000000E+00,  0.17872597482E-05
     10.,  0.20100000000E+01,  0.15122374316E-03,  0.00000000000E+00,  0.26287329092E-04
     11.,  0.20200000000E+01,  0.15434524903E-03,  0.00000000000E+00,  0.52454084653E-04
     12.,  0.20350000000E+01,  0.15902987798E-03,  0.00000000000E+00,  0.91932226496E-04
     13.,  0.20575000000E+01,  0.16606206555E-03,  0.00000000000E+00,  0.15165910008E-03
     14.,  0.20912500000E+01,  0.17662192477E-03,  0.00000000000E+00,  0.24238873448E-03
     15.,  0.21412500000E+01,  0.19114575480E-03,  0.00000000000E+00,  0.37464263733E-03
     16.,  0.21912500000E+01,  0.20507941190E-03,  0.62318192795E-03,  0.70739886723E-03
     17.,  0.22412500000E+01,  0.21370624381E-03,  0.62318192795E-03,  0.85849070456E-03
     18.,  0.22912500000E+01,  0.21923026907E-03,  0.79611275578E-03,  0.86903746706E-03
     19.,  0.23412500000E+01,  0.22198208353E-03,  0.12792026391E-02,  0.65232807538E-03
     20.,  0.23912500000E+01,  0.22862109836E-03,  0.16906328965E-02,  0.10301268194E-02
     21.,  0.24412500000E+01,  0.23455441806E-03,  0.17304335488E-02,  0.83252706099E-03
     22.,  0.24912500000E+01,  0.23971255905E-03,  0.17719403841E-02,  0.13044538209E-02
     23.,  0.25412500000E+01,  0.24455221865E-03,  0.17719403841E-02,  0.12794868089E-02
     24.,  0.25912500000E+01,  0.24894285343E-03,  0.17719403841E-02,  0.15374718932E-02
     25.,  0.26412500000E+01,  0.25326062678E-03,  0.17719403841E-02,  0.13267323375E-02
     26.,  0.26912500000E+01,  0.25734100927E-03,  0.17719403841E-02,  0.13518841006E-02
     27.,  0.27412500000E+01,  0.26135653025E-03,  0.17719403841E-02,  0.14905309072E-02
     28.,  0.27912500000E+01,  0.26533627715E-03,  0.17719403841E-02,  0.14054471394E-02
     29.,  0.28412500000E+01,  0.26919017000E-03,  0.17719403841E-02,  0.14342098730E-02
     30.,  0.28912500000E+01,  0.27302760100E-03,  0.17719403841E-02,  0.18608500250E-02
     31.,  0.29412500000E+01,  0.27691047035E-03,  0.17719403841E-02,  0.16273298534E-02
     32.,  0.29706250000E+01,  0.27918018532E-03,  0.17719403841E-02,  0.15157826710E-02
     33.,  0.30000000000E+01,  0.28146229943E-03,  0.17719403841E-02,  0.15350877075E-02
