set,time,ux_mm,fx_N,uy_mm,sx_MPa,eppl,damage
      1.,  0.25000000000E-02,  0.25000000000E-02,  0.29285588244E+02, -0.10474723243E-02,  0.19564691162E+03,  0.15425044112E-02,  0.00000000000E+00
      2.,  0.50000000000E-02,  0.50000000000E-02,  0.31544422924E+02, -0.22747707541E-02,  0.21125617981E+03,  0.39570229128E-02,  0.00000000000E+00
      3.,  0.87500000000E-02,  0.87500000000E-02,  0.34545438124E+02, -0.41096313738E-02,  0.23220758057E+03,  0.75792199932E-02,  0.00000000000E+00
      4.,  0.13750000000E-01,  0.13750000000E-01,  0.37889881995E+02, -0.65444736409E-02,  0.25593821716E+03,  0.12407845818E-01,  0.00000000000E+00
      5.,  0.18750000000E-01,  0.18750000000E-01,  0.40605650274E+02, -0.89654147078E-02,  0.27562435913E+03,  0.17231874168E-01,  0.00000000000E+00
      6.,  0.23750000000E-01,  0.23750000000E-01,  0.42790107676E+02, -0.11372035410E-01,  0.29186788940E+03,  0.22048607469E-01,  0.00000000000E+00
      7.,  0.28750000000E-01,  0.28750000000E-01,  0.44566210001E+02, -0.13763729248E-01,  0.30545870972E+03,  0.26854429394E-01,  0.00000000000E+00
      8.,  0.33750000000E-01,  0.33750000000E-01,  0.45700865194E+02, -0.16142347699E-01,  0.31475210571E+03,  0.31657587737E-01,  0.00000000000E+00
      9.,  0.38750000000E-01,  0.38750000000E-01,  0.46709385764E+02, -0.18504550084E-01,  0.32324835205E+03,  0.36441244185E-01,  0.00000000000E+00
     10.,  0.43750000000E-01,  0.43750000000E-01,  0.47683024354E+02, -0.20849913683E-01,  0.33156906128E+03,  0.41202586144E-01,  0.00000000000E+00
     11.,  0.48750000000E-01,  0.48750000000E-01,  0.48621943330E+02, -0.23178642662E-01,  0.33971191406E+03,  0.45941844583E-01,  0.00000000000E+00
     12.,  0.53750000000E-01,  0.53750000000E-01,  0.49527741773E+02, -0.25490927726E-01,  0.34768463135E+03,  0.50659205765E-01,  0.00000000000E+00
     13.,  0.58750000000E-01,  0.58750000000E-01,  0.50400743831E+02, -0.27786965101E-01,  0.35548623657E+03,  0.55354885757E-01,  0.00000000000E+00
     14.,  0.63750000000E-01,  0.63750000000E-01,  0.51241598576E+02, -0.30066945459E-01,  0.36311810303E+03,  0.60029093176E-01,  0.00000000000E+00
     15.,  0.68750000000E-01,  0.68750000000E-01,  0.52051685570E+02, -0.32331051095E-01,  0.37058679199E+03,  0.64681999385E-01,  0.00000000000E+00
     16.,  0.73750000000E-01,  0.73750000000E-01,  0.52831121117E+02, -0.34579470030E-01,  0.37789010620E+03,  0.69313824177E-01,  0.00000000000E+00
     17.,  0.78750000000E-01,  0.78750000000E-01,  0.53580547608E+02, -0.36812383500E-01,  0.38502960205E+03,  0.73924772441E-01,  0.00000000000E+00
     18.,  0.83750000000E-01,  0.83750000000E-01,  0.54301260704E+02, -0.39029965078E-01,  0.39201162720E+03,  0.78515000641E-01,  0.00000000000E+00
     19.,  0.88750000000E-01,  0.88750000000E-01,  0.54993732182E+02, -0.41232391189E-01,  0.39883679199E+03,  0.83084702492E-01,  0.00000000000E+00
     20.,  0.93750000000E-01,  0.93750000000E-01,  0.55657940100E+02, -0.43419838889E-01,  0.40550213623E+03,  0.87634101510E-01,  0.00000000000E+00
     21.,  0.98750000000E-01,  0.98750000000E-01,  0.56295327684E+02, -0.45592471953E-01,  0.41201531982E+03,  0.92163339257E-01,  0.00000000000E+00
     22.,  0.10375000000E+00,  0.10375000000E+00,  0.56906489950E+02, -0.47750457397E-01,  0.41837814331E+03,  0.96672601998E-01,  0.00000000000E+00
     23.,  0.10875000000E+00,  0.10875000000E+00,  0.57491735683E+02, -0.49893961560E-01,  0.42459024048E+03,  0.10116206110E+00,  0.00000000000E+00
     24.,  0.11375000000E+00,  0.11375000000E+00,  0.58051388299E+02, -0.52023148020E-01,  0.43065142822E+03,  0.10563191772E+00,  0.00000000000E+00
     25.,  0.11875000000E+00,  0.11875000000E+00,  0.58586622388E+02, -0.54138171611E-01,  0.43656790161E+03,  0.11008232832E+00,  0.00000000000E+00
     26.,  0.12375000000E+00,  0.12375000000E+00,  0.59097828724E+02, -0.56239190228E-01,  0.44234017944E+03,  0.11451347172E+00,  0.00000000000E+00
     27.,  0.12875000000E+00,  0.12875000000E+00,  0.59585633933E+02, -0.58326357547E-01,  0.44797055054E+03,  0.11892551184E+00,  0.00000000000E+00
     28.,  0.13375000000E+00,  0.13375000000E+00,  0.60050127422E+02, -0.60399828677E-01,  0.45345739746E+03,  0.12331863493E+00,  0.00000000000E+00
     29.,  0.13875000000E+00,  0.13875000000E+00,  0.60492022000E+02, -0.62459751801E-01,  0.45880380249E+03,  0.12769299746E+00,  0.00000000000E+00
     30.,  0.14375000000E+00,  0.14375000000E+00,  0.60912198528E+02, -0.64506271491E-01,  0.46401419067E+03,  0.13204874098E+00,  0.00000000000E+00
     31.,  0.14875000000E+00,  0.14875000000E+00,  0.61310918894E+02, -0.66539534501E-01,  0.46908840942E+03,  0.13638603687E+00,  0.00000000000E+00
     32.,  0.15375000000E+00,  0.15375000000E+00,  0.61688816273E+02, -0.68559682599E-01,  0.47402920532E+03,  0.14070503414E+00,  0.00000000000E+00
     33.,  0.15875000000E+00,  0.15875000000E+00,  0.62046275353E+02, -0.70566857138E-01,  0.47883749390E+03,  0.14500591159E+00,  0.00000000000E+00
     34.,  0.16375000000E+00,  0.16375000000E+00,  0.62383294997E+02, -0.72561200124E-01,  0.48351119995E+03,  0.14928881824E+00,  0.00000000000E+00
     35.,  0.16875000000E+00,  0.16875000000E+00,  0.62700815158E+02, -0.74542844508E-01,  0.48805560303E+03,  0.15355390310E+00,  0.00000000000E+00
     36.,  0.17375000000E+00,  0.17375000000E+00,  0.62999267875E+02, -0.76511924856E-01,  0.49247213745E+03,  0.15780130029E+00,  0.00000000000E+00
     37.,  0.17875000000E+00,  0.17875000000E+00,  0.63279137654E+02, -0.78468573283E-01,  0.49676272583E+03,  0.16203117371E+00,  0.00000000000E+00
     38.,  0.18375000000E+00,  0.18375000000E+00,  0.63540701762E+02, -0.80412921412E-01,  0.50092767334E+03,  0.16624367237E+00,  0.00000000000E+00
     39.,  0.18875000000E+00,  0.18875000000E+00,  0.63784567352E+02, -0.82345096433E-01,  0.50497000122E+03,  0.17043891549E+00,  0.00000000000E+00
     40.,  0.19375000000E+00,  0.19375000000E+00,  0.64010902410E+02, -0.84265226852E-01,  0.50888925171E+03,  0.17461706698E+00,  0.00000000000E+00
     41.,  0.19875000000E+00,  0.19875000000E+00,  0.64220287704E+02, -0.86173436189E-01,  0.51268835449E+03,  0.17877827585E+00,  0.00000000000E+00
     42.,  0.20375000000E+00,  0.20375000000E+00,  0.64413016899E+02, -0.88069848230E-01,  0.51636791992E+03,  0.18292266130E+00,  0.00000000000E+00
     43.,  0.20875000000E+00,  0.20875000000E+00,  0.64589368902E+02, -0.89954585030E-01,  0.51992852783E+03,  0.18705037236E+00,  0.00000000000E+00
     44.,  0.21375000000E+00,  0.21375000000E+00,  0.64749696433E+02, -0.91827766294E-01,  0.52337145996E+03,  0.19116154313E+00,  0.00000000000E+00
     45.,  0.21875000000E+00,  0.21875000000E+00,  0.64894591332E+02, -0.93689508151E-01,  0.52669989014E+03,  0.19525630772E+00,  0.00000000000E+00
     46.,  0.22375000000E+00,  0.22375000000E+00,  0.65024312822E+02, -0.95539927486E-01,  0.52991436768E+03,  0.19933480024E+00,  0.00000000000E+00
     47.,  0.22875000000E+00,  0.22875000000E+00,  0.65165402975E+02, -0.97378940839E-01,  0.53323040771E+03,  0.20339611173E+00,  0.00000000000E+00
     48.,  0.23375000000E+00,  0.23375000000E+00,  0.65307717857E+02, -0.99206739299E-01,  0.53656579590E+03,  0.20744074881E+00,  0.00000000000E+00
     49.,  0.23875000000E+00,  0.23875000000E+00,  0.65442557840E+02, -0.10102350199E+00,  0.53984906006E+03,  0.21146923304E+00,  0.00000000000E+00
     50.,  0.24375000000E+00,  0.24375000000E+00,  0.65566607731E+02, -0.10282936604E+00,  0.54305194092E+03,  0.21548181772E+00,  0.00000000000E+00
     51.,  0.24875000000E+00,  0.24875000000E+00,  0.65688122277E+02, -0.10462437904E+00,  0.54624194336E+03,  0.21947829425E+00,  0.00000000000E+00
     52.,  0.25375000000E+00,  0.25375000000E+00,  0.65797045887E+02, -0.10640872636E+00,  0.54933502197E+03,  0.22345921397E+00,  0.00000000000E+00
     53.,  0.25875000000E+00,  0.25875000000E+00,  0.65902127413E+02, -0.10818244860E+00,  0.55240313721E+03,  0.22742435336E+00,  0.00000000000E+00
     54.,  0.26375000000E+00,  0.26375000000E+00,  0.66001242706E+02, -0.10994566768E+00,  0.55542803955E+03,  0.23137392104E+00,  0.00000000000E+00
     55.,  0.26875000000E+00,  0.26875000000E+00,  0.66091297585E+02, -0.11169851166E+00,  0.55838305664E+03,  0.23530818522E+00,  0.00000000000E+00
     56.,  0.27375000000E+00,  0.27375000000E+00,  0.66179277840E+02, -0.11344102978E+00,  0.56132647705E+03,  0.23922696710E+00,  0.00000000000E+00
     57.,  0.27875000000E+00,  0.27875000000E+00,  0.66257477866E+02, -0.11517338273E+00,  0.56419244385E+03,  0.24313071370E+00,  0.00000000000E+00
     58.,  0.28375000000E+00,  0.28375000000E+00,  0.66331866133E+02, -0.11689562464E+00,  0.56703112793E+03,  0.24701930583E+00,  0.00000000000E+00
     59.,  0.28875000000E+00,  0.28875000000E+00,  0.66402348552E+02, -0.11860785486E+00,  0.56984118652E+03,  0.25089287758E+00,  0.00000000000E+00
     60.,  0.29375000000E+00,  0.29375000000E+00,  0.66464250055E+02, -0.12031020691E+00,  0.57258209229E+03,  0.25475174189E+00,  0.00000000000E+00
     61.,  0.29875000000E+00,  0.29875000000E+00,  0.66524454549E+02, -0.12200272351E+00,  0.57531237793E+03,  0.25859570503E+00,  0.00000000000E+00
     62.,  0.30375000000E+00,  0.30375000000E+00,  0.66577850561E+02, -0.12368553902E+00,  0.57798767090E+03,  0.26242509484E+00,  0.00000000000E+00
     63.,  0.30875000000E+00,  0.30875000000E+00,  0.66626711313E+02, -0.12535872927E+00,  0.58062695312E+03,  0.26624000072E+00,  0.00000000000E+00
     64.,  0.31375000000E+00,  0.31375000000E+00,  0.66673971963E+02, -0.12702236354E+00,  0.58325549316E+03,  0.27004033327E+00,  0.00000000000E+00
     65.,  0.31875000000E+00,  0.31875000000E+00,  0.66712371852E+02, -0.12867658950E+00,  0.58580944824E+03,  0.27382653952E+00,  0.00000000000E+00
     66.,  0.32375000000E+00,  0.32375000000E+00,  0.66749386876E+02, -0.13032143850E+00,  0.58835369873E+03,  0.27759844065E+00,  0.00000000000E+00
     67.,  0.32875000000E+00,  0.32875000000E+00,  0.66782550815E+02, -0.13195701838E+00,  0.59086639404E+03,  0.28135621548E+00,  0.00000000000E+00
     68.,  0.33375000000E+00,  0.33375000000E+00,  0.66810028314E+02, -0.13358343099E+00,  0.59333081055E+03,  0.28510007262E+00,  0.00000000000E+00
     69.,  0.33875000000E+00,  0.33875000000E+00,  0.66836267622E+02, -0.13520072759E+00,  0.59578601074E+03,  0.28882989287E+00,  0.00000000000E+00
     70.,  0.34375000000E+00,  0.34375000000E+00,  0.66856932625E+02, -0.13680902747E+00,  0.59819311523E+03,  0.29254603386E+00,  0.00000000000E+00
     71.,  0.34875000000E+00,  0.34875000000E+00,  0.66874462365E+02, -0.13840839543E+00,  0.60057342529E+03,  0.29624843597E+00,  0.00000000000E+00
     72.,  0.35375000000E+00,  0.35375000000E+00,  0.66890886833E+02, -0.13999889830E+00,  0.60294494629E+03,  0.29993715882E+00,  0.00000000000E+00
     73.,  0.35682560581E+00,  0.35682560581E+00,  0.66234972701E+02, -0.14097290991E+00,  0.59838732910E+03,  0.30219954252E+00,  0.98951458931E-02
     74.,  0.35990121162E+00,  0.35990121162E+00,  0.65560382582E+02, -0.14194361756E+00,  0.59363372803E+03,  0.30445683002E+00,  0.20060574636E-01
     75.,  0.36297681743E+00,  0.36297681743E+00,  0.64886081329E+02, -0.14291103911E+00,  0.58885516357E+03,  0.30670899153E+00,  0.30214523897E-01
     76.,  0.36605242324E+00,  0.36605242324E+00,  0.64212082209E+02, -0.14387519305E+00,  0.58405175781E+03,  0.30895608664E+00,  0.40357027203E-01
     77.,  0.36912802904E+00,  0.36912802904E+00,  0.63536665803E+02, -0.14483611209E+00,  0.57920788574E+03,  0.31119820476E+00,  0.50488479435E-01
     78.,  0.37220363485E+00,  0.37220363485E+00,  0.62860138236E+02, -0.14579381249E+00,  0.57432623291E+03,  0.31343537569E+00,  0.60608871281E-01
     79.,  0.37527924066E+00,  0.37527924066E+00,  0.62184039829E+02, -0.14674829981E+00,  0.56942083740E+03,  0.31566753983E+00,  0.70717923343E-01
     80.,  0.37835484647E+00,  0.37835484647E+00,  0.61508382002E+02, -0.14769959197E+00,  0.56449182129E+03,  0.31789469719E+00,  0.80815672874E-01
     81.,  0.38143045228E+00,  0.38143045228E+00,  0.60833023793E+02, -0.14864770809E+00,  0.55953790283E+03,  0.32011690736E+00,  0.90902179480E-01
     82.,  0.38450605809E+00,  0.38450605809E+00,  0.60155434038E+02, -0.14959268820E+00,  0.55453588867E+03,  0.32233431935E+00,  0.10097804666E+00
     83.,  0.38758166390E+00,  0.38758166390E+00,  0.59478399224E+02, -0.15053452600E+00,  0.54951123047E+03,  0.32454678416E+00,  0.11104272306E+00
     84.,  0.39065726971E+00,  0.39065726971E+00,  0.58801929103E+02, -0.15147323887E+00,  0.54446405029E+03,  0.32675436139E+00,  0.12109621614E+00
     85.,  0.39373287551E+00,  0.39373287551E+00,  0.58126033247E+02, -0.15240884405E+00,  0.53939459229E+03,  0.32895708084E+00,  0.13113859296E+00
     86.,  0.39680848132E+00,  0.39680848132E+00,  0.57449385839E+02, -0.15334137098E+00,  0.53429052734E+03,  0.33115500212E+00,  0.14117015898E+00
     87.,  0.39988408713E+00,  0.39988408713E+00,  0.56772183885E+02, -0.15427083536E+00,  0.52915356445E+03,  0.33334815502E+00,  0.15119095147E+00
     88.,  0.40295969294E+00,  0.40295969294E+00,  0.56095657838E+02, -0.15519724289E+00,  0.52399523926E+03,  0.33553647995E+00,  0.16120071709E+00
     89.,  0.40603529875E+00,  0.40603529875E+00,  0.55419815787E+02, -0.15612061030E+00,  0.51881561279E+03,  0.33772003651E+00,  0.17119947076E+00
     90.,  0.40911090456E+00,  0.40911090456E+00,  0.54744665660E+02, -0.15704095417E+00,  0.51361486816E+03,  0.33989879489E+00,  0.18118725717E+00
     91.,  0.41218651037E+00,  0.41218651037E+00,  0.54068089745E+02, -0.15795831191E+00,  0.50837310791E+03,  0.34207293391E+00,  0.19116465747E+00
     92.,  0.41526211618E+00,  0.41526211618E+00,  0.53392184080E+02, -0.15887267985E+00,  0.50310998535E+03,  0.34424236417E+00,  0.20113116503E+00
     93.,  0.41833772198E+00,  0.41833772198E+00,  0.52717060656E+02, -0.15978407319E+00,  0.49782659912E+03,  0.34640708566E+00,  0.21108680964E+00
     94.,  0.42141332779E+00,  0.42141332779E+00,  0.52042726082E+02, -0.16069250803E+00,  0.49252307129E+03,  0.34856709838E+00,  0.22103160620E+00
     95.,  0.42448893360E+00,  0.42448893360E+00,  0.51368521098E+02, -0.16159800726E+00,  0.48719317627E+03,  0.35072249174E+00,  0.23096579313E+00
     96.,  0.42756453941E+00,  0.42756453941E+00,  0.50693840711E+02, -0.16250059345E+00,  0.48183120728E+03,  0.35287329555E+00,  0.24088954926E+00
     97.,  0.43064014522E+00,  0.43064014522E+00,  0.50020030445E+02, -0.16340026862E+00,  0.47644992065E+03,  0.35501947999E+00,  0.25080254674E+00
     98.,  0.43371575103E+00,  0.43371575103E+00,  0.49347095712E+02, -0.16429704837E+00,  0.47104940796E+03,  0.35716107488E+00,  0.26070487499E+00
     99.,  0.43679135684E+00,  0.43679135684E+00,  0.48675041802E+02, -0.16519094821E+00,  0.46562982178E+03,  0.35929808021E+00,  0.27059650421E+00
    100.,  0.43986696265E+00,  0.43986696265E+00,  0.48002708530E+02, -0.16608199652E+00,  0.46018005371E+03,  0.36143055558E+00,  0.28047779202E+00
    101.,  0.44294256845E+00,  0.44294256845E+00,  0.47330743142E+02, -0.16697020186E+00,  0.45470632935E+03,  0.36355856061E+00,  0.29034867883E+00
    102.,  0.44601817426E+00,  0.44601817426E+00,  0.46659730713E+02, -0.16785557301E+00,  0.44921426392E+03,  0.36568200588E+00,  0.30020895600E+00
    103.,  0.44909378007E+00,  0.44909378007E+00,  0.45989675469E+02, -0.16873812502E+00,  0.44370401001E+03,  0.36780095100E+00,  0.31005868316E+00
    104.,  0.45216938588E+00,  0.45216938588E+00,  0.45320581528E+02, -0.16961787281E+00,  0.43817562866E+03,  0.36991539598E+00,  0.31989789009E+00
    105.,  0.45524499169E+00,  0.45524499169E+00,  0.44650998218E+02, -0.17049484869E+00,  0.43261517334E+03,  0.37202546000E+00,  0.32972705364E+00
    106.,  0.45832059750E+00,  0.45832059750E+00,  0.43982375149E+02, -0.17136905053E+00,  0.42703662109E+03,  0.37413108349E+00,  0.33954575658E+00
    107.,  0.46139620331E+00,  0.46139620331E+00,  0.43314777348E+02, -0.17224049223E+00,  0.42144070435E+03,  0.37623226643E+00,  0.34935405850E+00
    108.,  0.46447180912E+00,  0.46447180912E+00,  0.42648207983E+02, -0.17310918826E+00,  0.41582748413E+03,  0.37832903862E+00,  0.35915195942E+00
    109.,  0.46754741492E+00,  0.46754741492E+00,  0.41982399536E+02, -0.17397515649E+00,  0.41019445801E+03,  0.38042145967E+00,  0.36893954873E+00
    110.,  0.47062302073E+00,  0.47062302073E+00,  0.41316583151E+02, -0.17483842141E+00,  0.40453411865E+03,  0.38250952959E+00,  0.37871718407E+00
    111.,  0.47369862654E+00,  0.47369862654E+00,  0.40651852617E+02, -0.17569898345E+00,  0.39885717773E+03,  0.38459327817E+00,  0.38848450780E+00
    112.,  0.47677423235E+00,  0.47677423235E+00,  0.39988210244E+02, -0.17655685669E+00,  0.39316375732E+03,  0.38667264581E+00,  0.39824154973E+00
    113.,  0.47984983816E+00,  0.47984983816E+00,  0.39325658261E+02, -0.17741205511E+00,  0.38745391846E+03,  0.38874772191E+00,  0.40798833966E+00
    114.,  0.48292544397E+00,  0.48292544397E+00,  0.38663738486E+02, -0.17826459898E+00,  0.38172323608E+03,  0.39081850648E+00,  0.41772505641E+00
    115.,  0.48600104978E+00,  0.48600104978E+00,  0.38002241072E+02, -0.17911450541E+00,  0.37596963501E+03,  0.39288505912E+00,  0.42745184898E+00
    116.,  0.48907665559E+00,  0.48907665559E+00,  0.37341884820E+02, -0.17996177827E+00,  0.37020031738E+03,  0.39494732022E+00,  0.43716847897E+00
    117.,  0.49215226140E+00,  0.49215226140E+00,  0.36682671195E+02, -0.18080643114E+00,  0.36441531372E+03,  0.39700534940E+00,  0.44687497616E+00
    118.,  0.49522786720E+00,  0.49522786720E+00,  0.36024601592E+02, -0.18164847748E+00,  0.35861474609E+03,  0.39905914664E+00,  0.45657137036E+00
    119.,  0.49830347301E+00,  0.49830347301E+00,  0.35367133843E+02, -0.18248793896E+00,  0.35279324341E+03,  0.40110877156E+00,  0.46625790000E+00
    120.,  0.50137907882E+00,  0.50137907882E+00,  0.34710383868E+02, -0.18332482754E+00,  0.34695205688E+03,  0.40315422416E+00,  0.47593456507E+00
    121.,  0.50445468463E+00,  0.50445468463E+00,  0.34054822725E+02, -0.18415914940E+00,  0.34109588623E+03,  0.40519550443E+00,  0.48560121655E+00
    122.,  0.50753029044E+00,  0.50753029044E+00,  0.33400451126E+02, -0.18499091762E+00,  0.33522482300E+03,  0.40723258257E+00,  0.49525788426E+00
    123.,  0.51060589625E+00,  0.51060589625E+00,  0.32747269725E+02, -0.18582014521E+00,  0.32933898926E+03,  0.40926554799E+00,  0.50490456820E+00
    124.,  0.51368150206E+00,  0.51368150206E+00,  0.32094729509E+02, -0.18664685429E+00,  0.32343286133E+03,  0.41129440069E+00,  0.51454156637E+00
    125.,  0.51675710787E+00,  0.51675710787E+00,  0.31443100348E+02, -0.18747105365E+00,  0.31750927734E+03,  0.41331920028E+00,  0.52416878939E+00
    126.,  0.51983271367E+00,  0.51983271367E+00,  0.30792700840E+02, -0.18829275077E+00,  0.31157147217E+03,  0.41533985734E+00,  0.53378617764E+00
    127.,  0.52290831948E+00,  0.52290831948E+00,  0.30143531031E+02, -0.18911195829E+00,  0.30561950684E+03,  0.41735646129E+00,  0.54339367151E+00
    128.,  0.52598392529E+00,  0.52598392529E+00,  0.29495590916E+02, -0.18992868876E+00,  0.29965350342E+03,  0.41936898232E+00,  0.55299133062E+00
    129.,  0.52905953110E+00,  0.52905953110E+00,  0.28848377656E+02, -0.19074296401E+00,  0.29366836548E+03,  0.42137750983E+00,  0.56257945299E+00
    130.,  0.53213513691E+00,  0.53213513691E+00,  0.28202193568E+02, -0.19155479129E+00,  0.28766726685E+03,  0.42338204384E+00,  0.57215791941E+00
    131.,  0.53521074272E+00,  0.53521074272E+00,  0.27557273814E+02, -0.19236417858E+00,  0.28165264893E+03,  0.42538252473E+00,  0.58172667027E+00
    132.,  0.53628720475E+00,  0.53628720475E+00,  0.27331850455E+02, -0.19264688994E+00,  0.27954437256E+03,  0.42608174682E+00,  0.58507341146E+00
    133.,  0.53736366678E+00,  0.53736366678E+00,  0.27106581835E+02, -0.19292930442E+00,  0.27743441772E+03,  0.42678049207E+00,  0.58841896057E+00
    134.,  0.53897835983E+00,  0.53897835983E+00,  0.26768969142E+02, -0.19335237063E+00,  0.27426644897E+03,  0.42782768607E+00,  0.59343510866E+00
    135.,  0.54140039941E+00,  0.54140039941E+00,  0.26263202978E+02, -0.19398572347E+00,  0.26950756836E+03,  0.42939639091E+00,  0.60095429420E+00
    136.,  0.54252780034E+00,  0.54252780034E+00,  0.26028008392E+02, -0.19428002601E+00,  0.26728921509E+03,  0.43012577295E+00,  0.60445225239E+00
    137.,  0.54365520127E+00,  0.54365520127E+00,  0.25792795422E+02, -0.19457401011E+00,  0.26506713867E+03,  0.43085461855E+00,  0.60794907808E+00
    138.,  0.54534630266E+00,  0.54534630266E+00,  0.25440302239E+02, -0.19501438310E+00,  0.26173077393E+03,  0.43194690347E+00,  0.61319184303E+00
    139.,  0.54788295475E+00,  0.54788295475E+00,  0.24912296260E+02, -0.19567358940E+00,  0.25671890259E+03,  0.43358311057E+00,  0.62105047703E+00
    140.,  0.54901269831E+00,  0.54901269831E+00,  0.24677422499E+02, -0.19596665762E+00,  0.25448396301E+03,  0.43431094289E+00,  0.62454837561E+00
    141.,  0.55014244187E+00,  0.55014244187E+00,  0.24442723102E+02, -0.19625940551E+00,  0.25224729919E+03,  0.43503826857E+00,  0.62804496288E+00
    142.,  0.55183705721E+00,  0.55183705721E+00,  0.24091001071E+02, -0.19669792801E+00,  0.24888906860E+03,  0.43612822890E+00,  0.63328748941E+00
    143.,  0.55437898022E+00,  0.55437898022E+00,  0.23564153573E+02, -0.19735436708E+00,  0.24384445190E+03,  0.43776097894E+00,  0.64114570618E+00
    144.,  0.55551112933E+00,  0.55551112933E+00,  0.23329784421E+02, -0.19764622112E+00,  0.24159484863E+03,  0.43848732114E+00,  0.64464360476E+00
    145.,  0.55664327845E+00,  0.55664327845E+00,  0.23095590070E+02, -0.19793775680E+00,  0.23934350586E+03,  0.43921312690E+00,  0.64814025164E+00
    146.,  0.55834150212E+00,  0.55834150212E+00,  0.22744546690E+02, -0.19837446657E+00,  0.23596247864E+03,  0.44030088186E+00,  0.65338277817E+00
    147.,  0.55923306955E+00,  0.55923306955E+00,  0.22560298935E+02, -0.19860345620E+00,  0.23418478394E+03,  0.44087150693E+00,  0.65613400936E+00
    148.,  0.56012463698E+00,  0.56012463698E+00,  0.22376162053E+02, -0.19883224957E+00,  0.23240605164E+03,  0.44144177437E+00,  0.65888446569E+00
    149.,  0.56146198812E+00,  0.56146198812E+00,  0.22100164575E+02, -0.19917507227E+00,  0.22973600769E+03,  0.44229659438E+00,  0.66300863028E+00
    150.,  0.56346801483E+00,  0.56346801483E+00,  0.21686635475E+02, -0.19968848162E+00,  0.22572662354E+03,  0.44357743859E+00,  0.66919153929E+00
    151.,  0.56452117886E+00,  0.56452117886E+00,  0.21469757215E+02, -0.19995762628E+00,  0.22361961365E+03,  0.44424921274E+00,  0.67243593931E+00
    152.,  0.56557434288E+00,  0.56557434288E+00,  0.21253033328E+02, -0.20022649941E+00,  0.22151116943E+03,  0.44492056966E+00,  0.67567920685E+00
    153.,  0.56715408892E+00,  0.56715408892E+00,  0.20928236929E+02, -0.20062930097E+00,  0.21834584045E+03,  0.44592672586E+00,  0.68054205179E+00
    154.,  0.56798345559E+00,  0.56798345559E+00,  0.20757857794E+02, -0.20084052814E+00,  0.21668276978E+03,  0.44645455480E+00,  0.68309408426E+00
    155.,  0.56881282226E+00,  0.56881282226E+00,  0.20587574293E+02, -0.20105158784E+00,  0.21501879883E+03,  0.44698208570E+00,  0.68564540148E+00
    156.,  0.57005687226E+00,  0.57005687226E+00,  0.20332328302E+02, -0.20136786388E+00,  0.21252120972E+03,  0.44777289033E+00,  0.68947106600E+00
    157.,  0.57192294727E+00,  0.57192294727E+00,  0.19949862283E+02, -0.20184157400E+00,  0.20877113342E+03,  0.44895792007E+00,  0.69520670176E+00
    158.,  0.57290263665E+00,  0.57290263665E+00,  0.19749261226E+02, -0.20208993439E+00,  0.20680055237E+03,  0.44957950711E+00,  0.69821655750E+00
    159.,  0.57388232602E+00,  0.57388232602E+00,  0.19548749337E+02, -0.20233806412E+00,  0.20482830811E+03,  0.45020067692E+00,  0.70122545958E+00
    160.,  0.57535186009E+00,  0.57535186009E+00,  0.19248096786E+02, -0.20270982854E+00,  0.20186625671E+03,  0.45113176107E+00,  0.70573711395E+00
    161.,  0.57612336548E+00,  0.57612336548E+00,  0.19090376223E+02, -0.20290479677E+00,  0.20031008911E+03,  0.45162022114E+00,  0.70810490847E+00
    162.,  0.57689487086E+00,  0.57689487086E+00,  0.18932740308E+02, -0.20309962193E+00,  0.19875320435E+03,  0.45210847259E+00,  0.71047210693E+00
    163.,  0.57805212894E+00,  0.57805212894E+00,  0.18696444341E+02, -0.20339159183E+00,  0.19641650391E+03,  0.45284035802E+00,  0.71402180195E+00
    164.,  0.57978801606E+00,  0.57978801606E+00,  0.18342355384E+02, -0.20382894519E+00,  0.19290837097E+03,  0.45393723249E+00,  0.71934378147E+00
    165.,  0.58069935679E+00,  0.58069935679E+00,  0.18156629174E+02, -0.20405826735E+00,  0.19106512451E+03,  0.45451259613E+00,  0.72213667631E+00
    166.,  0.58161069753E+00,  0.58161069753E+00,  0.17971020262E+02, -0.20428739133E+00,  0.18922085571E+03,  0.45508763194E+00,  0.72492873669E+00
    167.,  0.58297770863E+00,  0.58297770863E+00,  0.17692826741E+02, -0.20463070636E+00,  0.18645254517E+03,  0.45594954491E+00,  0.72911530733E+00
    168.,  0.58369538946E+00,  0.58369538946E+00,  0.17546880470E+02, -0.20481076885E+00,  0.18499827576E+03,  0.45640176535E+00,  0.73131245375E+00
    169.,  0.58441307029E+00,  0.58441307029E+00,  0.17401007068E+02, -0.20499070901E+00,  0.18354338074E+03,  0.45685377717E+00,  0.73350918293E+00
    170.,  0.58548959154E+00,  0.58548959154E+00,  0.17182333121E+02, -0.20526039021E+00,  0.18135984802E+03,  0.45753139257E+00,  0.73680329323E+00
    171.,  0.58710437341E+00,  0.58710437341E+00,  0.16854628329E+02, -0.20566439759E+00,  0.17808193970E+03,  0.45854699612E+00,  0.74174225330E+00
    172.,  0.58795213389E+00,  0.58795213389E+00,  0.16682730314E+02, -0.20587625481E+00,  0.17635975647E+03,  0.45907977223E+00,  0.74433422089E+00
    173.,  0.58879989437E+00,  0.58879989437E+00,  0.16510933453E+02, -0.20608794250E+00,  0.17463671875E+03,  0.45961225033E+00,  0.74692547321E+00
    174.,  0.59007153509E+00,  0.59007153509E+00,  0.16253355414E+02, -0.20640515900E+00,  0.17204977417E+03,  0.46041044593E+00,  0.75081110001E+00
    175.,  0.59073914646E+00,  0.59073914646E+00,  0.16118183194E+02, -0.20657154658E+00,  0.17069047546E+03,  0.46082925797E+00,  0.75285041332E+00
    176.,  0.59140675784E+00,  0.59140675784E+00,  0.15983074971E+02, -0.20673782949E+00,  0.16933065796E+03,  0.46124789119E+00,  0.75488936901E+00
    177.,  0.59240817491E+00,  0.59240817491E+00,  0.15780532346E+02, -0.20698705781E+00,  0.16728994751E+03,  0.46187552810E+00,  0.75794690847E+00
    178.,  0.59391030051E+00,  0.59391030051E+00,  0.15476987564E+02, -0.20736045996E+00,  0.16422668457E+03,  0.46281617880E+00,  0.76253139973E+00
    179.,  0.59469891645E+00,  0.59469891645E+00,  0.15317755462E+02, -0.20755628493E+00,  0.16261740112E+03,  0.46330970526E+00,  0.76493740082E+00
    180.,  0.59548753239E+00,  0.59548753239E+00,  0.15158612613E+02, -0.20775196472E+00,  0.16100740051E+03,  0.46380296350E+00,  0.76734274626E+00
    181.,  0.59667045630E+00,  0.59667045630E+00,  0.14920064998E+02, -0.20804521264E+00,  0.15859104919E+03,  0.46454241872E+00,  0.77094966173E+00
    182.,  0.59729149136E+00,  0.59729149136E+00,  0.14794907442E+02, -0.20819903742E+00,  0.15732180786E+03,  0.46493038535E+00,  0.77284276485E+00
    183.,  0.59791252641E+00,  0.59791252641E+00,  0.14669805030E+02, -0.20835277253E+00,  0.15605212402E+03,  0.46531823277E+00,  0.77473545074E+00
    184.,  0.59884407899E+00,  0.59884407899E+00,  0.14482254628E+02, -0.20858320729E+00,  0.15414675903E+03,  0.46589970589E+00,  0.77757382393E+00
    185.,  0.60024140786E+00,  0.60024140786E+00,  0.14201161114E+02, -0.20892848220E+00,  0.15128681946E+03,  0.46677127481E+00,  0.78182983398E+00
    186.,  0.60097500552E+00,  0.60097500552E+00,  0.14053698265E+02, -0.20910957062E+00,  0.14978445435E+03,  0.46722853184E+00,  0.78406345844E+00
    187.,  0.60170860317E+00,  0.60170860317E+00,  0.13906312287E+02, -0.20929053463E+00,  0.14828146362E+03,  0.46768561006E+00,  0.78629654646E+00
    188.,  0.60280899966E+00,  0.60280899966E+00,  0.13685377035E+02, -0.20956174775E+00,  0.14602580261E+03,  0.46837079525E+00,  0.78964525461E+00
    189.,  0.60338670781E+00,  0.60338670781E+00,  0.13569454986E+02, -0.20970402290E+00,  0.14484103394E+03,  0.46873036027E+00,  0.79140281677E+00
    190.,  0.60396441597E+00,  0.60396441597E+00,  0.13453580471E+02, -0.20984622120E+00,  0.14365586853E+03,  0.46908977628E+00,  0.79316008091E+00
    191.,  0.60483097820E+00,  0.60483097820E+00,  0.13279857712E+02, -0.21005937470E+00,  0.14187741089E+03,  0.46962863207E+00,  0.79579538107E+00
    192.,  0.60613082155E+00,  0.60613082155E+00,  0.13019413847E+02, -0.21037878395E+00,  0.13920747375E+03,  0.47043642402E+00,  0.79974704981E+00
    193.,  0.60681323930E+00,  0.60681323930E+00,  0.12882751276E+02, -0.21054631975E+00,  0.13780470276E+03,  0.47086024284E+00,  0.80182105303E+00
    194.,  0.60749565706E+00,  0.60749565706E+00,  0.12746156135E+02, -0.21071374889E+00,  0.13640142822E+03,  0.47128391266E+00,  0.80389457941E+00
    195.,  0.60851928370E+00,  0.60851928370E+00,  0.12541389595E+02, -0.21096469286E+00,  0.13429551697E+03,  0.47191902995E+00,  0.80700403452E+00
    196.,  0.60905668768E+00,  0.60905668768E+00,  0.12433947714E+02, -0.21109634260E+00,  0.13318945312E+03,  0.47225233912E+00,  0.80863612890E+00
    197.,  0.60959409166E+00,  0.60959409166E+00,  0.12326547550E+02, -0.21122792642E+00,  0.13208306885E+03,  0.47258549929E+00,  0.81026792526E+00
    198.,  0.61040019764E+00,  0.61040019764E+00,  0.12165525452E+02, -0.21142517869E+00,  0.13042288208E+03,  0.47308507562E+00,  0.81271511316E+00
    199.,  0.61160935660E+00,  0.61160935660E+00,  0.11924168028E+02, -0.21172077963E+00,  0.12793125916E+03,  0.47383391857E+00,  0.81638467312E+00
    200.,  0.61224416506E+00,  0.61224416506E+00,  0.11797539685E+02, -0.21187583704E+00,  0.12662250519E+03,  0.47422686219E+00,  0.81831061840E+00
    201.,  0.61287897352E+00,  0.61287897352E+00,  0.11670969465E+02, -0.21203080291E+00,  0.12531330872E+03,  0.47461962700E+00,  0.82023620605E+00
    202.,  0.61383118620E+00,  0.61383118620E+00,  0.11481222951E+02, -0.21226308032E+00,  0.12334867859E+03,  0.47520849109E+00,  0.82312387228E+00
    203.,  0.61433109786E+00,  0.61433109786E+00,  0.11381658260E+02, -0.21238494371E+00,  0.12231684113E+03,  0.47551751137E+00,  0.82463955879E+00
    204.,  0.61483100952E+00,  0.61483100952E+00,  0.11282129545E+02, -0.21250675052E+00,  0.12128473663E+03,  0.47582644224E+00,  0.82615494728E+00
    205.,  0.61558087701E+00,  0.61558087701E+00,  0.11132903874E+02, -0.21268935476E+00,  0.11973605347E+03,  0.47628965974E+00,  0.82842767239E+00
    206.,  0.61670567824E+00,  0.61670567824E+00,  0.10909216946E+02, -0.21296302293E+00,  0.11741188049E+03,  0.47698405385E+00,  0.83183568716E+00
    207.,  0.61729619889E+00,  0.61729619889E+00,  0.10791854029E+02, -0.21310658447E+00,  0.11619113159E+03,  0.47734841704E+00,  0.83362442255E+00
    208.,  0.61788671954E+00,  0.61788671954E+00,  0.10674541241E+02, -0.21325006742E+00,  0.11497000122E+03,  0.47771266103E+00,  0.83541280031E+00
    209.,  0.61877250051E+00,  0.61877250051E+00,  0.10498665928E+02, -0.21346514466E+00,  0.11313758850E+03,  0.47825875878E+00,  0.83809477091E+00
    210.,  0.61923753552E+00,  0.61923753552E+00,  0.10406376440E+02, -0.21357798958E+00,  0.11217522430E+03,  0.47854536772E+00,  0.83950251341E+00
    211.,  0.61970257053E+00,  0.61970257053E+00,  0.10314117988E+02, -0.21369078591E+00,  0.11121263123E+03,  0.47883185744E+00,  0.84091007710E+00
    212.,  0.62040012304E+00,  0.62040012304E+00,  0.10175788458E+02, -0.21385988939E+00,  0.10976828766E+03,  0.47926145792E+00,  0.84302097559E+00
    213.,  0.62144645181E+00,  0.62144645181E+00,  0.99684249237E+01, -0.21411334002E+00,  0.10760078430E+03,  0.47990551591E+00,  0.84618645906E+00
    214.,  0.62199577442E+00,  0.62199577442E+00,  0.98595969811E+01, -0.21424630474E+00,  0.10646210480E+03,  0.48024347425E+00,  0.84784793854E+00
    215.,  0.62254509703E+00,  0.62254509703E+00,  0.97508032546E+01, -0.21437920245E+00,  0.10532299042E+03,  0.48058134317E+00,  0.84950917959E+00
    216.,  0.62336908093E+00,  0.62336908093E+00,  0.95876949914E+01, -0.21457842255E+00,  0.10361372375E+03,  0.48108792305E+00,  0.85200047493E+00
    217.,  0.62380167249E+00,  0.62380167249E+00,  0.95021026681E+01, -0.21468295242E+00,  0.10271607208E+03,  0.48135375977E+00,  0.85330820084E+00
    218.,  0.62423426404E+00,  0.62423426404E+00,  0.94165375616E+01, -0.21478744053E+00,  0.10181822205E+03,  0.48161953688E+00,  0.85461568832E+00
    219.,  0.62488315137E+00,  0.62488315137E+00,  0.92882408983E+01, -0.21494409448E+00,  0.10047107697E+03,  0.48201808333E+00,  0.85657662153E+00
    220.,  0.62585648236E+00,  0.62585648236E+00,  0.90959105868E+01, -0.21517889960E+00,  0.98449516296E+02,  0.48261559010E+00,  0.85951721668E+00
    221.,  0.62636748113E+00,  0.62636748113E+00,  0.89949922134E+01, -0.21530208793E+00,  0.97387794495E+02,  0.48292911053E+00,  0.86106067896E+00
    222.,  0.62687847990E+00,  0.62687847990E+00,  0.88941117554E+01, -0.21542521822E+00,  0.96325805664E+02,  0.48324257135E+00,  0.86260390282E+00
    223.,  0.62764497805E+00,  0.62764497805E+00,  0.87428620965E+01, -0.21560980497E+00,  0.94732292175E+02,  0.48371255398E+00,  0.86491829157E+00
    224.,  0.62804738959E+00,  0.62804738959E+00,  0.86634901204E+01, -0.21570666084E+00,  0.93895454407E+02,  0.48395919800E+00,  0.86613309383E+00
    225.,  0.62844980112E+00,  0.62844980112E+00,  0.85841416265E+01, -0.21580348082E+00,  0.93058448792E+02,  0.48420581222E+00,  0.86734777689E+00
    226.,  0.62905341841E+00,  0.62905341841E+00,  0.84651628877E+01, -0.21594864354E+00,  0.91802612305E+02,  0.48457556963E+00,  0.86916947365E+00
    227.,  0.62995884436E+00,  0.62995884436E+00,  0.82867937358E+01, -0.21616623645E+00,  0.89918144226E+02,  0.48512998223E+00,  0.87190139294E+00
    228.,  0.63043419298E+00,  0.63043419298E+00,  0.81931974289E+01, -0.21628040019E+00,  0.88928451538E+02,  0.48542091250E+00,  0.87333536148E+00
    229.,  0.63090954161E+00,  0.63090954161E+00,  0.80996338350E+01, -0.21639451403E+00,  0.87938529968E+02,  0.48571178317E+00,  0.87476909161E+00
    230.,  0.63162256454E+00,  0.63162256454E+00,  0.79593497385E+01, -0.21656559130E+00,  0.86453193665E+02,  0.48614791036E+00,  0.87691926956E+00
    231.,  0.63199690158E+00,  0.63199690158E+00,  0.78857300112E+01, -0.21665536200E+00,  0.85673179626E+02,  0.48637679219E+00,  0.87804794312E+00
    232.,  0.63237123862E+00,  0.63237123862E+00,  0.78121305475E+01, -0.21674510182E+00,  0.84893020630E+02,  0.48660564423E+00,  0.87917649746E+00
    233.,  0.63293274418E+00,  0.63293274418E+00,  0.77017693261E+01, -0.21687965371E+00,  0.83722511292E+02,  0.48694878817E+00,  0.88086903095E+00
    234.,  0.63377500252E+00,  0.63377500252E+00,  0.75363128957E+01, -0.21708135152E+00,  0.81966125488E+02,  0.48746329546E+00,  0.88340729475E+00
    235.,  0.63421718814E+00,  0.63421718814E+00,  0.74494892643E+01, -0.21718718046E+00,  0.81043724060E+02,  0.48773330450E+00,  0.88473963737E+00
    236.,  0.63465937377E+00,  0.63465937377E+00,  0.73626938650E+01, -0.21729296647E+00,  0.80121116638E+02,  0.48800325394E+00,  0.88607180119E+00
    237.,  0.63532265222E+00,  0.63532265222E+00,  0.72325536688E+01, -0.21745156506E+00,  0.78736831665E+02,  0.48840802908E+00,  0.88806962967E+00
    238.,  0.63567087340E+00,  0.63567087340E+00,  0.71642554617E+01, -0.21753479070E+00,  0.78009902954E+02,  0.48862046003E+00,  0.88911837339E+00
    239.,  0.63601909458E+00,  0.63601909458E+00,  0.70959747446E+01, -0.21761798979E+00,  0.77282844543E+02,  0.48883286119E+00,  0.89016693830E+00
    240.,  0.63654142635E+00,  0.63654142635E+00,  0.69935864464E+01, -0.21774273864E+00,  0.76192016602E+02,  0.48915135860E+00,  0.89173960686E+00
    241.,  0.63732492401E+00,  0.63732492401E+00,  0.68400777152E+01, -0.21792975000E+00,  0.74555252075E+02,  0.48962894082E+00,  0.89409816265E+00
    242.,  0.63773626028E+00,  0.63773626028E+00,  0.67595210185E+01, -0.21802787726E+00,  0.73695693970E+02,  0.48987957835E+00,  0.89533621073E+00
    243.,  0.63814759656E+00,  0.63814759656E+00,  0.66789796701E+01, -0.21812596823E+00,  0.72835868835E+02,  0.49013015628E+00,  0.89657407999E+00
    244.,  0.63876460096E+00,  0.63876460096E+00,  0.65582013596E+01, -0.21827303636E+00,  0.71545661926E+02,  0.49050590396E+00,  0.89843058586E+00
    245.,  0.63908852828E+00,  0.63908852828E+00,  0.64948150059E+01, -0.21835021390E+00,  0.70868148804E+02,  0.49070307612E+00,  0.89940512180E+00
    246.,  0.63941245559E+00,  0.63941245559E+00,  0.64314437924E+01, -0.21842736858E+00,  0.70190528870E+02,  0.49090021849E+00,  0.90037953854E+00
    247.,  0.63989834656E+00,  0.63989834656E+00,  0.63364157980E+01, -0.21854305774E+00,  0.69173904419E+02,  0.49119588733E+00,  0.90184104443E+00
    248.,  0.64015343932E+00,  0.64015343932E+00,  0.62865399912E+01, -0.21860377397E+00,  0.68640083313E+02,  0.49135106802E+00,  0.90260821581E+00
    249.,  0.64040853208E+00,  0.64040853208E+00,  0.62366736099E+01, -0.21866447605E+00,  0.68106193542E+02,  0.49150624871E+00,  0.90337532759E+00
    250.,  0.64079117122E+00,  0.64079117122E+00,  0.61618918795E+01, -0.21875550262E+00,  0.67305236816E+02,  0.49173894525E+00,  0.90452587605E+00
    251.,  0.64136512993E+00,  0.64136512993E+00,  0.60497594359E+01, -0.21889198281E+00,  0.66103530884E+02,  0.49208793044E+00,  0.90625149012E+00
    252.,  0.64166645825E+00,  0.64166645825E+00,  0.59909091272E+01, -0.21896360626E+00,  0.65472503662E+02,  0.49227106571E+00,  0.90715730190E+00
    253.,  0.64196778657E+00,  0.64196778657E+00,  0.59320719256E+01, -0.21903521001E+00,  0.64841377258E+02,  0.49245417118E+00,  0.90806305408E+00
    254.,  0.64241977906E+00,  0.64241977906E+00,  0.58438410047E+01, -0.21914257870E+00,  0.63894523621E+02,  0.49272879958E+00,  0.90942144394E+00
    255.,  0.64265707511E+00,  0.64265707511E+00,  0.57975317524E+01, -0.21919892952E+00,  0.63397346497E+02,  0.49287295341E+00,  0.91013455391E+00
    256.,  0.64289437117E+00,  0.64289437117E+00,  0.57512306534E+01, -0.21925526813E+00,  0.62900108337E+02,  0.49301704764E+00,  0.91084760427E+00
    257.,  0.64325031525E+00,  0.64325031525E+00,  0.56817944093E+01, -0.21933975318E+00,  0.62154148102E+02,  0.49323320389E+00,  0.91191709042E+00
    258.,  0.64378423137E+00,  0.64378423137E+00,  0.55776747073E+01, -0.21946642931E+00,  0.61034973145E+02,  0.49355736375E+00,  0.91352111101E+00
    259.,  0.64406453733E+00,  0.64406453733E+00,  0.55230284688E+01, -0.21953290958E+00,  0.60447288513E+02,  0.49372747540E+00,  0.91436308622E+00
    260.,  0.64434484329E+00,  0.64434484329E+00,  0.54683935738E+01, -0.21959937286E+00,  0.59859527588E+02,  0.49389755726E+00,  0.91520500183E+00
    261.,  0.64476530224E+00,  0.64476530224E+00,  0.53864627134E+01, -0.21969903593E+00,  0.58977737427E+02,  0.49415266514E+00,  0.91646772623E+00
    262.,  0.64498604319E+00,  0.64498604319E+00,  0.53434593499E+01, -0.21975134375E+00,  0.58514728546E+02,  0.49428656697E+00,  0.91713058949E+00
    263.,  0.64520678413E+00,  0.64520678413E+00,  0.53004630382E+01, -0.21980364104E+00,  0.58051670074E+02,  0.49442043900E+00,  0.91779339314E+00
    264.,  0.64553789555E+00,  0.64553789555E+00,  0.52359818736E+01, -0.21988206726E+00,  0.57356990814E+02,  0.49462124705E+00,  0.91878753901E+00
    265.,  0.64603456268E+00,  0.64603456268E+00,  0.51392900593E+01, -0.21999966222E+00,  0.56314765930E+02,  0.49492236972E+00,  0.92027860880E+00
    266.,  0.64629531292E+00,  0.64629531292E+00,  0.50885412014E+01, -0.22006137827E+00,  0.55767501831E+02,  0.49508038163E+00,  0.92106127739E+00
    267.,  0.64655606317E+00,  0.64655606317E+00,  0.50378021583E+01, -0.22012307968E+00,  0.55220165253E+02,  0.49523839355E+00,  0.92184394598E+00
    268.,  0.64694718853E+00,  0.64694718853E+00,  0.49617121449E+01, -0.22021560432E+00,  0.54399040222E+02,  0.49547538161E+00,  0.92301779985E+00
    269.,  0.64715252935E+00,  0.64715252935E+00,  0.49217738113E+01, -0.22026416656E+00,  0.53967884064E+02,  0.49559977651E+00,  0.92363399267E+00
    270.,  0.64735787016E+00,  0.64735787016E+00,  0.48818415760E+01, -0.22031271973E+00,  0.53536689758E+02,  0.49572417140E+00,  0.92425012589E+00
    271.,  0.64766588139E+00,  0.64766588139E+00,  0.48219547139E+01, -0.22038553246E+00,  0.52889820099E+02,  0.49591067433E+00,  0.92517435551E+00
    272.,  0.64812789822E+00,  0.64812789822E+00,  0.47321501552E+01, -0.22049471331E+00,  0.51919334412E+02,  0.49619042873E+00,  0.92656046152E+00
    273.,  0.64837045706E+00,  0.64837045706E+00,  0.46850152174E+01, -0.22055201488E+00,  0.51409748077E+02,  0.49633726478E+00,  0.92728805542E+00
    274.,  0.64861301590E+00,  0.64861301590E+00,  0.46378887702E+01, -0.22060930381E+00,  0.50900100708E+02,  0.49648404121E+00,  0.92801564932E+00
    275.,  0.64897685416E+00,  0.64897685416E+00,  0.45672151226E+01, -0.22069521352E+00,  0.50135520935E+02,  0.49670425057E+00,  0.92910689116E+00
    276.,  0.64916786925E+00,  0.64916786925E+00,  0.45301191619E+01, -0.22074030473E+00,  0.49734062195E+02,  0.49681982398E+00,  0.92967975140E+00
    277.,  0.64935888433E+00,  0.64935888433E+00,  0.44930284747E+01, -0.22078538811E+00,  0.49332569122E+02,  0.49693536758E+00,  0.93025255203E+00
    278.,  0.64964540696E+00,  0.64964540696E+00,  0.44374023702E+01, -0.22085299851E+00,  0.48730262756E+02,  0.49710866809E+00,  0.93111175299E+00
    279.,  0.65007519090E+00,  0.65007519090E+00,  0.43539854624E+01, -0.22095438110E+00,  0.47826648712E+02,  0.49736860394E+00,  0.93240034580E+00
    280.,  0.65030082748E+00,  0.65030082748E+00,  0.43102023381E+01, -0.22100759110E+00,  0.47352176666E+02,  0.49750500917E+00,  0.93307679892E+00
    281.,  0.65052646405E+00,  0.65052646405E+00,  0.42664265581E+01, -0.22106079020E+00,  0.46877655029E+02,  0.49764141440E+00,  0.93375319242E+00
    282.,  0.65086491890E+00,  0.65086491890E+00,  0.42007767298E+01, -0.22114056841E+00,  0.46165779114E+02,  0.49784600735E+00,  0.93476772308E+00
    283.,  0.65104260770E+00,  0.65104260770E+00,  0.41663172234E+01, -0.22118244214E+00,  0.45791999817E+02,  0.49795338511E+00,  0.93530035019E+00
    284.,  0.65122029650E+00,  0.65122029650E+00,  0.41318622769E+01, -0.22122430913E+00,  0.45418190002E+02,  0.49806076288E+00,  0.93583285809E+00
    285.,  0.65148682970E+00,  0.65148682970E+00,  0.40801884333E+01, -0.22128709693E+00,  0.44857414246E+02,  0.49822181463E+00,  0.93663161993E+00
    286.,  0.65188662949E+00,  0.65188662949E+00,  0.40026969032E+01, -0.22138125016E+00,  0.44016117096E+02,  0.49846333265E+00,  0.93782967329E+00
    287.,  0.65209652439E+00,  0.65209652439E+00,  0.39620231344E+01, -0.22143066692E+00,  0.43574375153E+02,  0.49859008193E+00,  0.93845862150E+00
    288.,  0.65230641928E+00,  0.65230641928E+00,  0.39213557176E+01, -0.22148007428E+00,  0.43132587433E+02,  0.49871686101E+00,  0.93908745050E+00
    289.,  0.65262126162E+00,  0.65262126162E+00,  0.38603665524E+01, -0.22155416766E+00,  0.42469825745E+02,  0.49890694022E+00,  0.94003069401E+00
    290.,  0.65278655385E+00,  0.65278655385E+00,  0.38283528824E+01, -0.22159305823E+00,  0.42121837616E+02,  0.49900671840E+00,  0.94052582979E+00
    291.,  0.65295184608E+00,  0.65295184608E+00,  0.37963432608E+01, -0.22163194295E+00,  0.41773822784E+02,  0.49910649657E+00,  0.94102096558E+00
    292.,  0.65319978442E+00,  0.65319978442E+00,  0.37483362391E+01, -0.22169025910E+00,  0.41251747131E+02,  0.49925613403E+00,  0.94176363945E+00
    293.,  0.65357169194E+00,  0.65357169194E+00,  0.36763423365E+01, -0.22177770874E+00,  0.40468521118E+02,  0.49948057532E+00,  0.94287753105E+00
    294.,  0.65376694338E+00,  0.65376694338E+00,  0.36385535565E+01, -0.22182360799E+00,  0.40057273865E+02,  0.49959838390E+00,  0.94346225262E+00
    295.,  0.65396219483E+00,  0.65396219483E+00,  0.36007702702E+01, -0.22186949912E+00,  0.39645992279E+02,  0.49971619248E+00,  0.94404691458E+00
    296.,  0.65425507200E+00,  0.65425507200E+00,  0.35441056751E+01, -0.22193832059E+00,  0.39028991699E+02,  0.49989283085E+00,  0.94492387772E+00
    297.,  0.65440883251E+00,  0.65440883251E+00,  0.35143616532E+01, -0.22197444455E+00,  0.38705036163E+02,  0.49998557568E+00,  0.94538426399E+00
    298.,  0.65456259302E+00,  0.65456259302E+00,  0.34846180613E+01, -0.22201056386E+00,  0.38381019592E+02,  0.50007832050E+00,  0.94584465027E+00
    299.,  0.65479323379E+00,  0.65479323379E+00,  0.34400083184E+01, -0.22206473348E+00,  0.37894947052E+02,  0.50021737814E+00,  0.94653517008E+00
    300.,  0.65513919495E+00,  0.65513919495E+00,  0.33731082858E+01, -0.22214596669E+00,  0.37165740967E+02,  0.50042599440E+00,  0.94757086039E+00
    301.,  0.65532082456E+00,  0.65532082456E+00,  0.33379927937E+01, -0.22218860393E+00,  0.36782863617E+02,  0.50053542852E+00,  0.94811451435E+00
    302.,  0.65550245416E+00,  0.65550245416E+00,  0.33028821199E+01, -0.22223123416E+00,  0.36399951935E+02,  0.50064492226E+00,  0.94865822792E+00
    303.,  0.65577489857E+00,  0.65577489857E+00,  0.32502251664E+01, -0.22229516636E+00,  0.35825527191E+02,  0.50080913305E+00,  0.94947361946E+00
    304.,  0.65591793189E+00,  0.65591793189E+00,  0.32225845644E+01, -0.22232872445E+00,  0.35523925781E+02,  0.50089532137E+00,  0.94990170002E+00
    305.,  0.65606096520E+00,  0.65606096520E+00,  0.31949470041E+01, -0.22236227819E+00,  0.35222305298E+02,  0.50098150969E+00,  0.95032978058E+00
    306.,  0.65627551517E+00,  0.65627551517E+00,  0.31534962768E+01, -0.22241260066E+00,  0.34769836426E+02,  0.50111073256E+00,  0.95097178221E+00
    307.,  0.65659734013E+00,  0.65659734013E+00,  0.30913327930E+01, -0.22248806603E+00,  0.34091049194E+02,  0.50130456686E+00,  0.95193481445E+00
    308.,  0.65676629823E+00,  0.65676629823E+00,  0.30587029398E+01, -0.22252767656E+00,  0.33734645844E+02,  0.50140631199E+00,  0.95244032145E+00
    309.,  0.65693525634E+00,  0.65693525634E+00,  0.30260773473E+01, -0.22256728102E+00,  0.33378215790E+02,  0.50150811672E+00,  0.95294582844E+00
    310.,  0.65718869349E+00,  0.65718869349E+00,  0.29771467863E+01, -0.22262667637E+00,  0.32843521118E+02,  0.50166070461E+00,  0.95370405912E+00
    311.,  0.65732174800E+00,  0.65732174800E+00,  0.29514619645E+01, -0.22265785347E+00,  0.32562782288E+02,  0.50174081326E+00,  0.95410209894E+00
    312.,  0.65745480251E+00,  0.65745480251E+00,  0.29257797645E+01, -0.22268902682E+00,  0.32282024384E+02,  0.50182092190E+00,  0.95450007915E+00
    313.,  0.65765438427E+00,  0.65765438427E+00,  0.28872613160E+01, -0.22273577981E+00,  0.31860858917E+02,  0.50194102526E+00,  0.95509707928E+00
    314.,  0.65795375690E+00,  0.65795375690E+00,  0.28294945429E+01, -0.22280589346E+00,  0.31229038239E+02,  0.50212121010E+00,  0.95599251986E+00
    315.,  0.65811092754E+00,  0.65811092754E+00,  0.27991721654E+01, -0.22284269554E+00,  0.30897296906E+02,  0.50221580267E+00,  0.95646256208E+00
    316.,  0.65826809818E+00,  0.65826809818E+00,  0.27688534576E+01, -0.22287949238E+00,  0.30565532684E+02,  0.50231039524E+00,  0.95693260431E+00
    317.,  0.65850385413E+00,  0.65850385413E+00,  0.27233821618E+01, -0.22293467784E+00,  0.30067842484E+02,  0.50245219469E+00,  0.95763766766E+00
    318.,  0.65862762600E+00,  0.65862762600E+00,  0.26995129546E+01, -0.22296364550E+00,  0.29806533813E+02,  0.50252670050E+00,  0.95800775290E+00
    319.,  0.65875139788E+00,  0.65875139788E+00,  0.26756460085E+01, -0.22299260991E+00,  0.29545211792E+02,  0.50260114670E+00,  0.95837789774E+00
    320.,  0.65893705569E+00,  0.65893705569E+00,  0.26398497832E+01, -0.22303605045E+00,  0.29153198242E+02,  0.50271278620E+00,  0.95893299580E+00
    321.,  0.65921554241E+00,  0.65921554241E+00,  0.25861648689E+01, -0.22310119760E+00,  0.28565118790E+02,  0.50288027525E+00,  0.95976561308E+00
    322.,  0.65936174794E+00,  0.65936174794E+00,  0.25579847744E+01, -0.22313539330E+00,  0.28256347656E+02,  0.50296819210E+00,  0.96020275354E+00
    323.,  0.65950795347E+00,  0.65950795347E+00,  0.25298078430E+01, -0.22316958447E+00,  0.27947555542E+02,  0.50305610895E+00,  0.96063983440E+00
    324.,  0.65972726176E+00,  0.65972726176E+00,  0.24875482946E+01, -0.22322086276E+00,  0.27484329224E+02,  0.50318795443E+00,  0.96129542589E+00
    325.,  0.65984239861E+00,  0.65984239861E+00,  0.24653648214E+01, -0.22324777980E+00,  0.27241117477E+02,  0.50325715542E+00,  0.96163958311E+00
    326.,  0.65995753547E+00,  0.65995753547E+00,  0.24431832994E+01, -0.22327469403E+00,  0.26997894287E+02,  0.50332641602E+00,  0.96198374033E+00
    327.,  0.66013024075E+00,  0.66013024075E+00,  0.24099146419E+01, -0.22331506014E+00,  0.26633033752E+02,  0.50343018770E+00,  0.96249991655E+00
    328.,  0.66038929867E+00,  0.66038929867E+00,  0.23600198036E+01, -0.22337559749E+00,  0.26085689545E+02,  0.50358587503E+00,  0.96327418089E+00
    329.,  0.66052530408E+00,  0.66052530408E+00,  0.23338288977E+01, -0.22340737393E+00,  0.25798307419E+02,  0.50366759300E+00,  0.96368062496E+00
    330.,  0.66066130948E+00,  0.66066130948E+00,  0.23076407198E+01, -0.22343914647E+00,  0.25510910034E+02,  0.50374931097E+00,  0.96408706903E+00
    331.,  0.66086531759E+00,  0.66086531759E+00,  0.22683635092E+01, -0.22348679796E+00,  0.25079778671E+02,  0.50387191772E+00,  0.96469670534E+00
    332.,  0.66097242185E+00,  0.66097242185E+00,  0.22477453879E+01, -0.22351181148E+00,  0.24853420258E+02,  0.50393623114E+00,  0.96501678228E+00
    333.,  0.66107952611E+00,  0.66107952611E+00,  0.22271289510E+01, -0.22353682258E+00,  0.24627048492E+02,  0.50400060415E+00,  0.96533679962E+00
    334.,  0.66124018250E+00,  0.66124018250E+00,  0.21962074301E+01, -0.22357433470E+00,  0.24287473679E+02,  0.50409710407E+00,  0.96581685543E+00
    335.,  0.66148116708E+00,  0.66148116708E+00,  0.21498321939E+01, -0.22363059267E+00,  0.23778062820E+02,  0.50424182415E+00,  0.96653681993E+00
    336.,  0.66160768399E+00,  0.66160768399E+00,  0.21254885577E+01, -0.22366012321E+00,  0.23510601044E+02,  0.50431782007E+00,  0.96691483259E+00
    337.,  0.66173420089E+00,  0.66173420089E+00,  0.21011472754E+01, -0.22368965038E+00,  0.23243124008E+02,  0.50439375639E+00,  0.96729278564E+00
    338.,  0.66192397625E+00,  0.66192397625E+00,  0.20646397233E+01, -0.22373393481E+00,  0.22841878891E+02,  0.50450772047E+00,  0.96785968542E+00
    339.,  0.66202360832E+00,  0.66202360832E+00,  0.20454753477E+01, -0.22375718111E+00,  0.22631212234E+02,  0.50456750393E+00,  0.96815729141E+00
    340.,  0.66212324038E+00,  0.66212324038E+00,  0.20263124265E+01, -0.22378042531E+00,  0.22420534134E+02,  0.50462734699E+00,  0.96845489740E+00
    341.,  0.66227268847E+00,  0.66227268847E+00,  0.19975707548E+01, -0.22381528769E+00,  0.22104501724E+02,  0.50471705198E+00,  0.96890133619E+00
    342.,  0.66249686062E+00,  0.66249686062E+00,  0.19544643394E+01, -0.22386757246E+00,  0.21630414963E+02,  0.50485157967E+00,  0.96957087517E+00
    343.,  0.66261455099E+00,  0.66261455099E+00,  0.19318363820E+01, -0.22389501773E+00,  0.21381498337E+02,  0.50492221117E+00,  0.96992236376E+00
    344.,  0.66273224136E+00,  0.66273224136E+00,  0.19092104565E+01, -0.22392246009E+00,  0.21132570267E+02,  0.50499284267E+00,  0.97027385235E+00
    345.,  0.66290877693E+00,  0.66290877693E+00,  0.18752753481E+01, -0.22396361816E+00,  0.20759153366E+02,  0.50509881973E+00,  0.97080105543E+00
    346.,  0.66300145810E+00,  0.66300145810E+00,  0.18574612237E+01, -0.22398522353E+00,  0.20563097000E+02,  0.50515443087E+00,  0.97107779980E+00
    347.,  0.66309413927E+00,  0.66309413927E+00,  0.18396483558E+01, -0.22400682709E+00,  0.20367033005E+02,  0.50521004200E+00,  0.97135460377E+00
    348.,  0.66323316102E+00,  0.66323316102E+00,  0.18129313972E+01, -0.22403922905E+00,  0.20072921753E+02,  0.50529342890E+00,  0.97176969051E+00
    349.,  0.66328316102E+00,  0.66328316102E+00,  0.18033231679E+01, -0.22405088161E+00,  0.19967138290E+02,  0.50532341003E+00,  0.97191900015E+00
    350.,  0.66333316102E+00,  0.66333316102E+00,  0.17937153057E+01, -0.22406253365E+00,  0.19861352921E+02,  0.50535339117E+00,  0.97206830978E+00
    351.,  0.66340816102E+00,  0.66340816102E+00,  0.17793041944E+01, -0.22408001072E+00,  0.19702669144E+02,  0.50539839268E+00,  0.97229224443E+00
    352.,  0.66352066102E+00,  0.66352066102E+00,  0.17576890609E+01, -0.22410622411E+00,  0.19464633942E+02,  0.50546586514E+00,  0.97262817621E+00
    353.,  0.66368941102E+00,  0.66368941102E+00,  0.17252698100E+01, -0.22414553922E+00,  0.19107561111E+02,  0.50556713343E+00,  0.97313201427E+00
    354.,  0.66377800477E+00,  0.66377800477E+00,  0.17082513545E+01, -0.22416617725E+00,  0.18920085907E+02,  0.50562024117E+00,  0.97339648008E+00
    355.,  0.66386659852E+00,  0.66386659852E+00,  0.16912340458E+01, -0.22418681364E+00,  0.18732603073E+02,  0.50567334890E+00,  0.97366100550E+00
    356.,  0.66399948915E+00,  0.66399948915E+00,  0.16657102224E+01, -0.22421776514E+00,  0.18451366425E+02,  0.50575304031E+00,  0.97405773401E+00
    357.,  0.66404948915E+00,  0.66404948915E+00,  0.16561075641E+01, -0.22422940965E+00,  0.18345546722E+02,  0.50578302145E+00,  0.97420698404E+00
    358.,  0.66409948915E+00,  0.66409948915E+00,  0.16465052721E+01, -0.22424105365E+00,  0.18239725113E+02,  0.50581300259E+00,  0.97435623407E+00
    359.,  0.66417448915E+00,  0.66417448915E+00,  0.16321025156E+01, -0.22425851865E+00,  0.18080987930E+02,  0.50585800409E+00,  0.97458010912E+00
    360.,  0.66428698915E+00,  0.66428698915E+00,  0.16104999133E+01, -0.22428471395E+00,  0.17842870712E+02,  0.50592547655E+00,  0.97491598129E+00
    361.,  0.66445573915E+00,  0.66445573915E+00,  0.15780994573E+01, -0.22432400191E+00,  0.17485675812E+02,  0.50602662563E+00,  0.97541964054E+00
    362.,  0.66454433290E+00,  0.66454433290E+00,  0.15610908685E+01, -0.22434462570E+00,  0.17298135757E+02,  0.50607973337E+00,  0.97568410635E+00
    363.,  0.66463292665E+00,  0.66463292665E+00,  0.15440834253E+01, -0.22436524784E+00,  0.17110589981E+02,  0.50613284111E+00,  0.97594851255E+00
    364.,  0.66476581727E+00,  0.66476581727E+00,  0.15185743991E+01, -0.22439617797E+00,  0.16829256058E+02,  0.50621247292E+00,  0.97634518147E+00
    365.,  0.66481581727E+00,  0.66481581727E+00,  0.15089773079E+01, -0.22440781445E+00,  0.16723400116E+02,  0.50624245405E+00,  0.97649443150E+00
    366.,  0.66486581727E+00,  0.66486581727E+00,  0.14993805826E+01, -0.22441945041E+00,  0.16617542267E+02,  0.50627243519E+00,  0.97664362192E+00
    367.,  0.66494081727E+00,  0.66494081727E+00,  0.14849861759E+01, -0.22443690336E+00,  0.16458751678E+02,  0.50631737709E+00,  0.97686749697E+00
    368.,  0.66505331727E+00,  0.66505331727E+00,  0.14633960973E+01, -0.22446308058E+00,  0.16220554352E+02,  0.50638478994E+00,  0.97720319033E+00
    369.,  0.66510331727E+00,  0.66510331727E+00,  0.14538010949E+01, -0.22447471405E+00,  0.16114685059E+02,  0.50641477108E+00,  0.97735244036E+00
    370.,  0.66515331727E+00,  0.66515331727E+00,  0.14442064573E+01, -0.22448634699E+00,  0.16008811951E+02,  0.50644469261E+00,  0.97750163078E+00
    371.,  0.66522831727E+00,  0.66522831727E+00,  0.14298151818E+01, -0.22450379542E+00,  0.15850001335E+02,  0.50648963451E+00,  0.97772544622E+00
    372.,  0.66534081727E+00,  0.66534081727E+00,  0.14082297997E+01, -0.22452996586E+00,  0.15611773491E+02,  0.50655704737E+00,  0.97806119919E+00
    373.,  0.66539081727E+00,  0.66539081727E+00,  0.13986368845E+01, -0.22454159632E+00,  0.15505889893E+02,  0.50658702850E+00,  0.97821038961E+00
    374.,  0.66544081727E+00,  0.66544081727E+00,  0.13890443340E+01, -0.22455322625E+00,  0.15400005341E+02,  0.50661700964E+00,  0.97835958004E+00
    375.,  0.66551581727E+00,  0.66551581727E+00,  0.13746561890E+01, -0.22457067017E+00,  0.15241172791E+02,  0.50666195154E+00,  0.97858339548E+00
    376.,  0.66562831727E+00,  0.66562831727E+00,  0.13530755023E+01, -0.22459683383E+00,  0.15002914429E+02,  0.50672930479E+00,  0.97891902924E+00
    377.,  0.66567831727E+00,  0.66567831727E+00,  0.13434846739E+01, -0.22460846128E+00,  0.14897018433E+02,  0.50675928593E+00,  0.97906821966E+00
    378.,  0.66572831727E+00,  0.66572831727E+00,  0.13338942099E+01, -0.22462008820E+00,  0.14791119576E+02,  0.50678920746E+00,  0.97921741009E+00
    379.,  0.66580331727E+00,  0.66580331727E+00,  0.13195091947E+01, -0.22463752760E+00,  0.14632266998E+02,  0.50683414936E+00,  0.97944122553E+00
    380.,  0.66591581727E+00,  0.66591581727E+00,  0.12979332024E+01, -0.22466368450E+00,  0.14393978119E+02,  0.50690156221E+00,  0.97977685928E+00
    381.,  0.66596581727E+00,  0.66596581727E+00,  0.12883444602E+01, -0.22467530894E+00,  0.14288067818E+02,  0.50693148375E+00,  0.97992604971E+00
    382.,  0.66601581727E+00,  0.66601581727E+00,  0.12787560824E+01, -0.22468693285E+00,  0.14182155609E+02,  0.50696140528E+00,  0.98007524014E+00
    383.,  0.66609081727E+00,  0.66609081727E+00,  0.12643741963E+01, -0.22470436774E+00,  0.14023283005E+02,  0.50700634718E+00,  0.98029899597E+00
    384.,  0.66620331727E+00,  0.66620331727E+00,  0.12428028972E+01, -0.22473051787E+00,  0.13784963608E+02,  0.50707370043E+00,  0.98063462973E+00
    385.,  0.66625331727E+00,  0.66625331727E+00,  0.12332162408E+01, -0.22474213930E+00,  0.13679039955E+02,  0.50710368156E+00,  0.98078376055E+00
    386.,  0.66630331727E+00,  0.66630331727E+00,  0.12236299488E+01, -0.22475376020E+00,  0.13573114395E+02,  0.50713360310E+00,  0.98093295097E+00
    387.,  0.66637831727E+00,  0.66637831727E+00,  0.12092511910E+01, -0.22477119058E+00,  0.13414220810E+02,  0.50717854500E+00,  0.98115664721E+00
    388.,  0.66649081727E+00,  0.66649081727E+00,  0.11876845841E+01, -0.22479733395E+00,  0.13175870895E+02,  0.50724589825E+00,  0.98149228096E+00
    389.,  0.66654081727E+00,  0.66654081727E+00,  0.11781000130E+01, -0.22480895237E+00,  0.13069933891E+02,  0.50727581978E+00,  0.98164141178E+00
    390.,  0.66659081727E+00,  0.66659081727E+00,  0.11685158061E+01, -0.22482057027E+00,  0.12963994980E+02,  0.50730574131E+00,  0.98179054260E+00
    391.,  0.66666581727E+00,  0.66666581727E+00,  0.11541401760E+01, -0.22483799614E+00,  0.12805081367E+02,  0.50735068321E+00,  0.98201429844E+00
    392.,  0.66677831727E+00,  0.66677831727E+00,  0.11325782603E+01, -0.22486413274E+00,  0.12566700935E+02,  0.50741803646E+00,  0.98234981298E+00
    393.,  0.66682831727E+00,  0.66682831727E+00,  0.11229957740E+01, -0.22487574816E+00,  0.12460750580E+02,  0.50744795799E+00,  0.98249900341E+00
    394.,  0.66687831727E+00,  0.66687831727E+00,  0.11134136519E+01, -0.22488736306E+00,  0.12354798317E+02,  0.50747787952E+00,  0.98264813423E+00
    395.,  0.66695331727E+00,  0.66695331727E+00,  0.10990411487E+01, -0.22490478442E+00,  0.12195864677E+02,  0.50752276182E+00,  0.98287183046E+00
    396.,  0.66706581727E+00,  0.66706581727E+00,  0.10774839230E+01, -0.22493091426E+00,  0.11957453728E+02,  0.50759011507E+00,  0.98320734501E+00
    397.,  0.66711581727E+00,  0.66711581727E+00,  0.10679035211E+01, -0.22494252668E+00,  0.11851490021E+02,  0.50762003660E+00,  0.98335647583E+00
    398.,  0.66716581727E+00,  0.66716581727E+00,  0.10583234832E+01, -0.22495413857E+00,  0.11745523453E+02,  0.50764995813E+00,  0.98350560665E+00
    399.,  0.66724081727E+00,  0.66724081727E+00,  0.10439541062E+01, -0.22497155543E+00,  0.11586568832E+02,  0.50769484043E+00,  0.98372924328E+00
    400.,  0.66735331727E+00,  0.66735331727E+00,  0.10224015695E+01, -0.22499767851E+00,  0.11348128319E+02,  0.50776219368E+00,  0.98406475782E+00
    401.,  0.66740331727E+00,  0.66740331727E+00,  0.10128232515E+01, -0.22500928792E+00,  0.11242151260E+02,  0.50779211521E+00,  0.98421388865E+00
    402.,  0.66745331727E+00,  0.66745331727E+00,  0.10032452974E+01, -0.22502089681E+00,  0.11136171341E+02,  0.50782203674E+00,  0.98436301947E+00
    403.,  0.66752831727E+00,  0.66752831727E+00,  0.98887904590E+00, -0.22503830917E+00,  0.10977196693E+02,  0.50786691904E+00,  0.98458665609E+00
    404.,  0.66757831727E+00,  0.66757831727E+00,  0.97930199717E+00, -0.22504991676E+00,  0.10871211052E+02,  0.50789684057E+00,  0.98473572731E+00
    405.,  0.66762831727E+00,  0.66762831727E+00,  0.96972531119E+00, -0.22506152382E+00,  0.10765222549E+02,  0.50792676210E+00,  0.98488485813E+00
    406.,  0.66770331727E+00,  0.66770331727E+00,  0.95536096185E+00, -0.22507893343E+00,  0.10606236458E+02,  0.50797164440E+00,  0.98510849476E+00
    407.,  0.66775331727E+00,  0.66775331727E+00,  0.94578518115E+00, -0.22509053919E+00,  0.10500242233E+02,  0.50800150633E+00,  0.98525762558E+00
    408.,  0.66780331727E+00,  0.66780331727E+00,  0.93620976315E+00, -0.22510214443E+00,  0.10394246101E+02,  0.50803142786E+00,  0.98540669680E+00
    409.,  0.66787831727E+00,  0.66787831727E+00,  0.92184731567E+00, -0.22511955131E+00,  0.10235246658E+02,  0.50807631016E+00,  0.98563033342E+00
    410.,  0.66792831727E+00,  0.66792831727E+00,  0.91227280282E+00, -0.22513115524E+00,  0.10129244804E+02,  0.50810623169E+00,  0.98577940464E+00
    411.,  0.66797831727E+00,  0.66797831727E+00,  0.90269865261E+00, -0.22514275865E+00,  0.10023240089E+02,  0.50813615322E+00,  0.98592847586E+00
    412.,  0.66805331727E+00,  0.66805331727E+00,  0.88833810674E+00, -0.22516016279E+00,  0.98642292023E+01,  0.50818103552E+00,  0.98615211248E+00
    413.,  0.66810331727E+00,  0.66810331727E+00,  0.87876486156E+00, -0.22517176490E+00,  0.97582187653E+01,  0.50821089745E+00,  0.98630118370E+00
    414.,  0.66815331727E+00,  0.66815331727E+00,  0.86919197898E+00, -0.22518336648E+00,  0.96522064209E+01,  0.50824081898E+00,  0.98645025492E+00
    415.,  0.66822831727E+00,  0.66822831727E+00,  0.85483333444E+00, -0.22520076788E+00,  0.94931821823E+01,  0.50828570127E+00,  0.98667389154E+00
    416.,  0.66827831727E+00,  0.66827831727E+00,  0.84526135676E+00, -0.22521236817E+00,  0.93871641159E+01,  0.50831562281E+00,  0.98682296276E+00
    417.,  0.66832831727E+00,  0.66832831727E+00,  0.83568974162E+00, -0.22522396793E+00,  0.92811431885E+01,  0.50834548473E+00,  0.98697203398E+00
    418.,  0.66840331727E+00,  0.66840331727E+00,  0.82133299815E+00, -0.22524136659E+00,  0.91221075058E+01,  0.50839036703E+00,  0.98719561100E+00
    419.,  0.66845331727E+00,  0.66845331727E+00,  0.81176228780E+00, -0.22525296505E+00,  0.90160799026E+01,  0.50842028856E+00,  0.98734468222E+00
    420.,  0.66850331727E+00,  0.66850331727E+00,  0.80219193993E+00, -0.22526456298E+00,  0.89100513458E+01,  0.50845015049E+00,  0.98749375343E+00
    421.,  0.66857831727E+00,  0.66857831727E+00,  0.78783709727E+00, -0.22528195891E+00,  0.87510032654E+01,  0.50849503279E+00,  0.98771733046E+00
    422.,  0.66862831727E+00,  0.66862831727E+00,  0.77826765406E+00, -0.22529355555E+00,  0.86449680328E+01,  0.50852489471E+00,  0.98786640167E+00
    423.,  0.66867831727E+00,  0.66867831727E+00,  0.76869857328E+00, -0.22530515166E+00,  0.85389308929E+01,  0.50855481625E+00,  0.98801541328E+00
    424.,  0.66875331727E+00,  0.66875331727E+00,  0.75434563116E+00, -0.22532254485E+00,  0.83798704147E+01,  0.50859963894E+00,  0.98823899031E+00
    425.,  0.66880331727E+00,  0.66880331727E+00,  0.74477745492E+00, -0.22533413966E+00,  0.82738265991E+01,  0.50862956047E+00,  0.98838806152E+00
    426.,  0.66885331727E+00,  0.66885331727E+00,  0.73520964106E+00, -0.22534573395E+00,  0.81677808762E+01,  0.50865948200E+00,  0.98853707314E+00
    427.,  0.66892831727E+00,  0.66892831727E+00,  0.72085859922E+00, -0.22536312441E+00,  0.80087089539E+01,  0.50870430470E+00,  0.98876065016E+00
    428.,  0.66897831727E+00,  0.66897831727E+00,  0.71129168977E+00, -0.22537471739E+00,  0.79026570320E+01,  0.50873416662E+00,  0.98890972137E+00
    429.,  0.66902831727E+00,  0.66902831727E+00,  0.70172514265E+00, -0.22538630986E+00,  0.77966032028E+01,  0.50876408815E+00,  0.98905873299E+00
    430.,  0.66910331727E+00,  0.66910331727E+00,  0.68737600083E+00, -0.22540369758E+00,  0.76375184059E+01,  0.50880891085E+00,  0.98928231001E+00
    431.,  0.66915331727E+00,  0.66915331727E+00,  0.67781035800E+00, -0.22541528875E+00,  0.75314588547E+01,  0.50883883238E+00,  0.98943132162E+00
    432.,  0.66920331727E+00,  0.66920331727E+00,  0.66824507743E+00, -0.22542687939E+00,  0.74253969193E+01,  0.50886869431E+00,  0.98958033323E+00
    433.,  0.66927831727E+00,  0.66927831727E+00,  0.65389783536E+00, -0.22544426438E+00,  0.72662992477E+01,  0.50891351700E+00,  0.98980391026E+00
    434.,  0.66932831727E+00,  0.66932831727E+00,  0.64433345897E+00, -0.22545585372E+00,  0.71602315903E+01,  0.50894343853E+00,  0.98995292187E+00
    435.,  0.66937831727E+00,  0.66937831727E+00,  0.63476944479E+00, -0.22546744254E+00,  0.70541615486E+01,  0.50897330046E+00,  0.99010193348E+00
    436.,  0.66942831727E+00,  0.66942831727E+00,  0.62520579241E+00, -0.22547903084E+00,  0.69480891228E+01,  0.50900322199E+00,  0.99025094509E+00
    437.,  0.66947831727E+00,  0.66947831727E+00,  0.61564250181E+00, -0.22549061863E+00,  0.68420143127E+01,  0.50903308392E+00,  0.99039995670E+00
    438.,  0.66952831727E+00,  0.66952831727E+00,  0.60607957296E+00, -0.22550220589E+00,  0.67359371185E+01,  0.50906294584E+00,  0.99054896832E+00
    439.,  0.66957831727E+00,  0.66957831727E+00,  0.59651700587E+00, -0.22551379263E+00,  0.66298575401E+01,  0.50909286737E+00,  0.99069797993E+00
    440.,  0.66962831727E+00,  0.66962831727E+00,  0.58695480051E+00, -0.22552537885E+00,  0.65237755775E+01,  0.50912272930E+00,  0.99084699154E+00
    441.,  0.66967831727E+00,  0.66967831727E+00,  0.57739295688E+00, -0.22553696455E+00,  0.64176917076E+01,  0.50915259123E+00,  0.99099600315E+00
    442.,  0.66972831727E+00,  0.66972831727E+00,  0.56783147495E+00, -0.22554854972E+00,  0.63116049767E+01,  0.50918251276E+00,  0.99114501476E+00
    443.,  0.66977831727E+00,  0.66977831727E+00,  0.55827035471E+00, -0.22556013438E+00,  0.62055158615E+01,  0.50921237469E+00,  0.99129402637E+00
    444.,  0.66982831727E+00,  0.66982831727E+00,  0.54870959614E+00, -0.22557171852E+00,  0.60994248390E+01,  0.50924223661E+00,  0.99144297838E+00
    445.,  0.66987831727E+00,  0.66987831727E+00,  0.53914919924E+00, -0.22558330214E+00,  0.59933314323E+01,  0.50927215815E+00,  0.99159198999E+00
    446.,  0.66992831727E+00,  0.66992831727E+00,  0.52958916399E+00, -0.22559488524E+00,  0.58872356415E+01,  0.50930202007E+00,  0.99174100161E+00
    447.,  0.66997831727E+00,  0.66997831727E+00,  0.52002949037E+00, -0.22560646782E+00,  0.57811374664E+01,  0.50933188200E+00,  0.99189001322E+00
    448.,  0.67002831727E+00,  0.67002831727E+00,  0.51047017838E+00, -0.22561804988E+00,  0.56750369072E+01,  0.50936174393E+00,  0.99203896523E+00
    449.,  0.67007831727E+00,  0.67007831727E+00,  0.50091122798E+00, -0.22562963142E+00,  0.55689339638E+01,  0.50939160585E+00,  0.99218797684E+00
    450.,  0.67012831727E+00,  0.67012831727E+00,  0.49135263918E+00, -0.22564121243E+00,  0.54628286362E+01,  0.50942152739E+00,  0.99233692884E+00
    451.,  0.67017831727E+00,  0.67017831727E+00,  0.48179441195E+00, -0.22565279293E+00,  0.53567209244E+01,  0.50945138931E+00,  0.99248594046E+00
    452.,  0.67022831727E+00,  0.67022831727E+00,  0.47223654629E+00, -0.22566437291E+00,  0.52506113052E+01,  0.50948125124E+00,  0.99263489246E+00
    453.,  0.67027831727E+00,  0.67027831727E+00,  0.46267904217E+00, -0.22567595237E+00,  0.51444988251E+01,  0.50951111317E+00,  0.99278390408E+00
    454.,  0.67032831727E+00,  0.67032831727E+00,  0.45312189959E+00, -0.22568753131E+00,  0.50383844376E+01,  0.50954097509E+00,  0.99293285608E+00
    455.,  0.67037831727E+00,  0.67037831727E+00,  0.44356511852E+00, -0.22569910973E+00,  0.49322671890E+01,  0.50957083702E+00,  0.99308186769E+00
    456.,  0.67042831727E+00,  0.67042831727E+00,  0.43400869896E+00, -0.22571068763E+00,  0.48261480331E+01,  0.50960069895E+00,  0.99323081970E+00
